session_a,session_b,date_a,date_b,split_a,split_b,days,nunits_a,nunits_b,kernel_cosine_similarity,mmd2,mmd2_unclipped
sub-C_ses-CO-20150309,sub-C_ses-CO-20150311,20150309,20150311,train,train,2,74,88,0.9961309712160145,0.007875880825864101,0.007875880825864101
sub-C_ses-CO-20150309,sub-C_ses-CO-20150312,20150309,20150312,train,train,3,74,91,0.9751993835138876,0.036271619397456156,0.036271619397456156
sub-C_ses-CO-20150309,sub-C_ses-CO-20150313,20150309,20150313,train,train,4,74,86,0.9838086497965299,0.02434700424675973,0.02434700424675973
sub-C_ses-CO-20150309,sub-C_ses-CO-20150319,20150309,20150319,train,train,10,74,72,0.9740572247335332,0.04123620493477387,0.04123620493477387
sub-C_ses-CO-20150309,sub-C_ses-CO-20150629,20150309,20150629,train,train,112,74,49,0.9847419344783961,0.023985836303242802,0.023985836303242802
sub-C_ses-CO-20150309,sub-C_ses-CO-20150630,20150309,20150630,train,train,113,74,44,0.9863888633496715,0.026437355061427414,0.026437355061427414
sub-C_ses-CO-20150309,sub-C_ses-CO-20150701,20150309,20150701,train,train,114,74,49,0.9649113879404556,0.05297288924868604,0.05297288924868604
sub-C_ses-CO-20150309,sub-C_ses-CO-20150703,20150309,20150703,train,train,116,74,52,0.95846496172859,0.06338537346717166,0.06338537346717166
sub-C_ses-CO-20150309,sub-C_ses-CO-20150706,20150309,20150706,train,train,119,74,46,0.9659709724499643,0.0537028162549269,0.0537028162549269
sub-C_ses-CO-20150309,sub-C_ses-CO-20150707,20150309,20150707,train,train,120,74,42,0.9673236509142094,0.05183720623291044,0.05183720623291044
sub-C_ses-CO-20150309,sub-C_ses-CO-20150708,20150309,20150708,train,train,121,74,64,0.9697199865395348,0.047512601340854,0.047512601340854
sub-C_ses-CO-20150309,sub-C_ses-CO-20150709,20150309,20150709,train,train,122,74,61,0.9748022246795033,0.037066830905810644,0.037066830905810644
sub-C_ses-CO-20150309,sub-C_ses-CO-20150710,20150309,20150710,train,train,123,74,55,0.9761685846693828,0.03543632852338163,0.03543632852338163
sub-C_ses-CO-20150309,sub-C_ses-CO-20150713,20150309,20150713,train,train,126,74,58,0.9762521449106968,0.037727758934381406,0.037727758934381406
sub-C_ses-CO-20150309,sub-C_ses-CO-20150714,20150309,20150714,train,train,127,74,66,0.9883689045681371,0.022986463378999566,0.022986463378999566
sub-C_ses-CO-20150309,sub-C_ses-CO-20150715,20150309,20150715,train,train,128,74,60,0.9795004564586718,0.03089809900053697,0.03089809900053697
sub-C_ses-CO-20150309,sub-C_ses-CO-20150716,20150309,20150716,train,train,129,74,61,0.9926258252361612,0.0161214294877432,0.0161214294877432
sub-C_ses-CO-20150309,sub-C_ses-CO-20151103,20150309,20151103,train,dev,239,74,38,0.9741403993266082,0.039235119482754044,0.039235119482754044
sub-C_ses-CO-20150309,sub-C_ses-CO-20151104,20150309,20151104,train,dev,240,74,59,0.9726285352684613,0.04772395189354062,0.04772395189354062
sub-C_ses-CO-20150309,sub-C_ses-CO-20151106,20150309,20151106,train,dev,242,74,60,0.9690501979254165,0.04706216143356201,0.04706216143356201
sub-C_ses-CO-20150309,sub-C_ses-CO-20151109,20150309,20151109,train,dev,245,74,65,0.9570281690614277,0.06403105415561994,0.06403105415561994
sub-C_ses-CO-20150309,sub-C_ses-CO-20151110,20150309,20151110,train,dev,246,74,61,0.9642135111746531,0.05820228263815719,0.05820228263815719
sub-C_ses-CO-20150309,sub-C_ses-CO-20151112,20150309,20151112,train,dev,248,74,42,0.9663000391574689,0.06724745849260905,0.06724745849260905
sub-C_ses-CO-20150311,sub-C_ses-CO-20150312,20150311,20150312,train,train,1,88,91,0.9873613714403657,0.015242378594569894,0.015242378594569894
sub-C_ses-CO-20150311,sub-C_ses-CO-20150313,20150311,20150313,train,train,2,88,86,0.9934754942085735,0.007874210354634315,0.007874210354634315
sub-C_ses-CO-20150311,sub-C_ses-CO-20150319,20150311,20150319,train,train,8,88,72,0.9855901738743655,0.018414403914291055,0.018414403914291055
sub-C_ses-CO-20150311,sub-C_ses-CO-20150629,20150311,20150629,train,train,110,88,49,0.9926605484045817,0.008926558531096473,0.008926558531096473
sub-C_ses-CO-20150311,sub-C_ses-CO-20150630,20150311,20150630,train,train,111,88,44,0.9890947209069899,0.014517763790259153,0.014517763790259153
sub-C_ses-CO-20150311,sub-C_ses-CO-20150701,20150311,20150701,train,train,112,88,49,0.9773274562721841,0.02808176026864162,0.02808176026864162
sub-C_ses-CO-20150311,sub-C_ses-CO-20150703,20150311,20150703,train,train,114,88,52,0.9732830381055668,0.03390527035170243,0.03390527035170243
sub-C_ses-CO-20150311,sub-C_ses-CO-20150706,20150311,20150706,train,train,117,88,46,0.9786482491630802,0.027541880281310993,0.027541880281310993
sub-C_ses-CO-20150311,sub-C_ses-CO-20150707,20150311,20150707,train,train,118,88,42,0.9820748287004682,0.023583696916807284,0.023583696916807284
sub-C_ses-CO-20150311,sub-C_ses-CO-20150708,20150311,20150708,train,train,119,88,64,0.9820642429975239,0.02287508928239812,0.02287508928239812
sub-C_ses-CO-20150311,sub-C_ses-CO-20150709,20150311,20150709,train,train,120,88,61,0.987007311789792,0.015705040145458593,0.015705040145458593
sub-C_ses-CO-20150311,sub-C_ses-CO-20150710,20150311,20150710,train,train,121,88,55,0.9860251624053958,0.016880297558433233,0.016880297558433233
sub-C_ses-CO-20150311,sub-C_ses-CO-20150713,20150311,20150713,train,train,124,88,58,0.9865406069205133,0.01698708262535842,0.01698708262535842
sub-C_ses-CO-20150311,sub-C_ses-CO-20150714,20150311,20150714,train,train,125,88,66,0.9955532685754113,0.006687091742193063,0.006687091742193063
sub-C_ses-CO-20150311,sub-C_ses-CO-20150715,20150311,20150715,train,train,126,88,60,0.9892789476423526,0.012980374117349758,0.012980374117349758
sub-C_ses-CO-20150311,sub-C_ses-CO-20150716,20150311,20150716,train,train,127,88,61,0.9974587753787485,0.0038448705134108696,0.0038448705134108696
sub-C_ses-CO-20150311,sub-C_ses-CO-20151103,20150311,20151103,train,dev,237,88,38,0.986091010045772,0.01711459236523205,0.01711459236523205
sub-C_ses-CO-20150311,sub-C_ses-CO-20151104,20150311,20151104,train,dev,238,88,59,0.9855836962179421,0.020913546426109875,0.020913546426109875
sub-C_ses-CO-20150311,sub-C_ses-CO-20151106,20150311,20151106,train,dev,240,88,60,0.9832794296546566,0.02093157985148353,0.02093157985148353
sub-C_ses-CO-20150311,sub-C_ses-CO-20151109,20150311,20151109,train,dev,243,88,65,0.9716547579522082,0.03518102404895451,0.03518102404895451
sub-C_ses-CO-20150311,sub-C_ses-CO-20151110,20150311,20151110,train,dev,244,88,61,0.9763020819408096,0.0314518357943836,0.0314518357943836
sub-C_ses-CO-20150311,sub-C_ses-CO-20151112,20150311,20151112,train,dev,246,88,42,0.9758907225424757,0.03925348951208141,0.03925348951208141
sub-C_ses-CO-20150312,sub-C_ses-CO-20150313,20150312,20150313,train,train,1,91,86,0.9956837292939792,0.005176085834673216,0.005176085834673216
sub-C_ses-CO-20150312,sub-C_ses-CO-20150319,20150312,20150319,train,train,7,91,72,0.9962073576458085,0.005041938840476323,0.005041938840476323
sub-C_ses-CO-20150312,sub-C_ses-CO-20150629,20150312,20150629,train,train,109,91,49,0.9917979647173303,0.009549958399133418,0.009549958399133418
sub-C_ses-CO-20150312,sub-C_ses-CO-20150630,20150312,20150630,train,train,110,91,44,0.9810554620947322,0.022027275556434134,0.022027275556434134
sub-C_ses-CO-20150312,sub-C_ses-CO-20150701,20150312,20150701,train,train,111,91,49,0.9860257932324188,0.01658771691334393,0.01658771691334393
sub-C_ses-CO-20150312,sub-C_ses-CO-20150703,20150312,20150703,train,train,113,91,52,0.988677370841518,0.014739550450205474,0.014739550450205474
sub-C_ses-CO-20150312,sub-C_ses-CO-20150706,20150312,20150706,train,train,116,91,46,0.991999459839953,0.010766190831199118,0.010766190831199118
sub-C_ses-CO-20150312,sub-C_ses-CO-20150707,20150312,20150707,train,train,117,91,42,0.9942904339831155,0.008146308801699975,0.008146308801699975
sub-C_ses-CO-20150312,sub-C_ses-CO-20150708,20150312,20150708,train,train,118,91,64,0.993909187053349,0.007960286023996677,0.007960286023996677
sub-C_ses-CO-20150312,sub-C_ses-CO-20150709,20150312,20150709,train,train,119,91,61,0.9963238332358701,0.004261584765515636,0.004261584765515636
sub-C_ses-CO-20150312,sub-C_ses-CO-20150710,20150312,20150710,train,train,120,91,55,0.9940864741796634,0.006848024224152871,0.006848024224152871
sub-C_ses-CO-20150312,sub-C_ses-CO-20150713,20150312,20150713,train,train,123,91,58,0.9948285560169664,0.006345863310658784,0.006345863310658784
sub-C_ses-CO-20150312,sub-C_ses-CO-20150714,20150312,20150714,train,train,124,91,66,0.9924690910833622,0.009037039139993208,0.009037039139993208
sub-C_ses-CO-20150312,sub-C_ses-CO-20150715,20150312,20150715,train,train,125,91,60,0.9961300442281109,0.004490690447677581,0.004490690447677581
sub-C_ses-CO-20150312,sub-C_ses-CO-20150716,20150312,20150716,train,train,126,91,61,0.9881402011071799,0.013714400749822664,0.013714400749822664
sub-C_ses-CO-20150312,sub-C_ses-CO-20151103,20150312,20151103,train,dev,236,91,38,0.9892868640987764,0.012417276369741881,0.012417276369741881
sub-C_ses-CO-20150312,sub-C_ses-CO-20151104,20150312,20151104,train,dev,237,91,59,0.9924535449579742,0.011166727480224292,0.011166727480224292
sub-C_ses-CO-20150312,sub-C_ses-CO-20151106,20150312,20151106,train,dev,239,91,60,0.9958062891277721,0.005394093549963008,0.005394093549963008
sub-C_ses-CO-20150312,sub-C_ses-CO-20151109,20150312,20151109,train,dev,242,91,65,0.9898215628870755,0.0129896240301004,0.0129896240301004
sub-C_ses-CO-20150312,sub-C_ses-CO-20151110,20150312,20151110,train,dev,243,91,61,0.98670071241831,0.017646513149286225,0.017646513149286225
sub-C_ses-CO-20150312,sub-C_ses-CO-20151112,20150312,20151112,train,dev,245,91,42,0.9779298815470463,0.03309385393343678,0.03309385393343678
sub-C_ses-CO-20150313,sub-C_ses-CO-20150319,20150313,20150319,train,train,6,86,72,0.9952896993352528,0.00679527277476577,0.00679527277476577
sub-C_ses-CO-20150313,sub-C_ses-CO-20150629,20150313,20150629,train,train,108,86,49,0.9973673802956498,0.003171318372650056,0.003171318372650056
sub-C_ses-CO-20150313,sub-C_ses-CO-20150630,20150313,20150630,train,train,109,86,44,0.9860125867756911,0.01738476307001391,0.01738476307001391
sub-C_ses-CO-20150313,sub-C_ses-CO-20150701,20150313,20150701,train,train,110,86,49,0.9897211484445579,0.013366220676968465,0.013366220676968465
sub-C_ses-CO-20150313,sub-C_ses-CO-20150703,20150313,20150703,train,train,112,86,52,0.9863731396811668,0.018511586323653573,0.018511586323653573
sub-C_ses-CO-20150313,sub-C_ses-CO-20150706,20150313,20150706,train,train,115,86,46,0.9893212636442161,0.014833789274228737,0.014833789274228737
sub-C_ses-CO-20150313,sub-C_ses-CO-20150707,20150313,20150707,train,train,116,86,42,0.9936461967028057,0.00990245915534338,0.00990245915534338
sub-C_ses-CO-20150313,sub-C_ses-CO-20150708,20150313,20150708,train,train,117,86,64,0.9925621602462118,0.010347465557814184,0.010347465557814184
sub-C_ses-CO-20150313,sub-C_ses-CO-20150709,20150313,20150709,train,train,118,86,61,0.9966742187857639,0.004062067199110064,0.004062067199110064
sub-C_ses-CO-20150313,sub-C_ses-CO-20150710,20150313,20150710,train,train,119,86,55,0.9938552978204781,0.007380948442982094,0.007380948442982094
sub-C_ses-CO-20150313,sub-C_ses-CO-20150713,20150313,20150713,train,train,122,86,58,0.9941206731894306,0.007779114066248427,0.007779114066248427
sub-C_ses-CO-20150313,sub-C_ses-CO-20150714,20150313,20150714,train,train,123,86,66,0.9949607360445963,0.0068753412764210875,0.0068753412764210875
sub-C_ses-CO-20150313,sub-C_ses-CO-20150715,20150313,20150715,train,train,124,86,60,0.9948301195205566,0.006189558776387827,0.006189558776387827
sub-C_ses-CO-20150313,sub-C_ses-CO-20150716,20150313,20150716,train,train,125,86,61,0.9924299280584896,0.00930544745695916,0.00930544745695916
sub-C_ses-CO-20150313,sub-C_ses-CO-20151103,20150313,20151103,train,dev,235,86,38,0.9887394954528392,0.013595576230543305,0.013595576230543305
sub-C_ses-CO-20150313,sub-C_ses-CO-20151104,20150313,20151104,train,dev,236,86,59,0.9899375189775068,0.015208065299427531,0.015208065299427531
sub-C_ses-CO-20150313,sub-C_ses-CO-20151106,20150313,20151106,train,dev,238,86,60,0.9923155876972597,0.01003930687356136,0.01003930687356136
sub-C_ses-CO-20150313,sub-C_ses-CO-20151109,20150313,20151109,train,dev,241,86,65,0.9834631259928448,0.021141091775759957,0.021141091775759957
sub-C_ses-CO-20150313,sub-C_ses-CO-20151110,20150313,20151110,train,dev,242,86,61,0.9825632231319846,0.02357795677155572,0.02357795677155572
sub-C_ses-CO-20150313,sub-C_ses-CO-20151112,20150313,20151112,train,dev,244,86,42,0.9725677842542575,0.04099642197389597,0.04099642197389597
sub-C_ses-CO-20150319,sub-C_ses-CO-20150629,20150319,20150629,train,train,102,72,49,0.9941530481447269,0.0074535234791353044,0.0074535234791353044
sub-C_ses-CO-20150319,sub-C_ses-CO-20150630,20150319,20150630,train,train,103,72,44,0.9871069502601653,0.013857189112357338,0.013857189112357338
sub-C_ses-CO-20150319,sub-C_ses-CO-20150701,20150319,20150701,train,train,104,72,49,0.9942938002821874,0.006126473466067095,0.006126473466067095
sub-C_ses-CO-20150319,sub-C_ses-CO-20150703,20150319,20150703,train,train,106,72,52,0.9946008011428891,0.006092266912004485,0.006092266912004485
sub-C_ses-CO-20150319,sub-C_ses-CO-20150706,20150319,20150706,train,train,109,72,46,0.9963145842367584,0.004156140974700184,0.004156140974700184
sub-C_ses-CO-20150319,sub-C_ses-CO-20150707,20150319,20150707,train,train,110,72,42,0.997087166612528,0.003302951839587287,0.003302951839587287
sub-C_ses-CO-20150319,sub-C_ses-CO-20150708,20150319,20150708,train,train,111,72,64,0.9984426404970942,0.0017039939620679956,0.0017039939620679956
sub-C_ses-CO-20150319,sub-C_ses-CO-20150709,20150319,20150709,train,train,112,72,61,0.9971300495421083,0.0038414030132287724,0.0038414030132287724
sub-C_ses-CO-20150319,sub-C_ses-CO-20150710,20150319,20150710,train,train,113,72,55,0.9970181144455733,0.0039177752183230385,0.0039177752183230385
sub-C_ses-CO-20150319,sub-C_ses-CO-20150713,20150319,20150713,train,train,116,72,58,0.9960438093002989,0.004322000351734356,0.004322000351734356
sub-C_ses-CO-20150319,sub-C_ses-CO-20150714,20150319,20150714,train,train,117,72,66,0.9923064025155666,0.008356287141732421,0.008356287141732421
sub-C_ses-CO-20150319,sub-C_ses-CO-20150715,20150319,20150715,train,train,118,72,60,0.9957379672154767,0.005521226541820301,0.005521226541820301
sub-C_ses-CO-20150319,sub-C_ses-CO-20150716,20150319,20150716,train,train,119,72,61,0.9880613628836619,0.013320356403083045,0.013320356403083045
sub-C_ses-CO-20150319,sub-C_ses-CO-20151103,20150319,20151103,train,dev,229,72,38,0.9894502517654993,0.011757229098303457,0.011757229098303457
sub-C_ses-CO-20150319,sub-C_ses-CO-20151104,20150319,20151104,train,dev,230,72,59,0.9936194761937328,0.007337477000272097,0.007337477000272097
sub-C_ses-CO-20150319,sub-C_ses-CO-20151106,20150319,20151106,train,dev,232,72,60,0.9941948828679817,0.006271513837699638,0.006271513837699638
sub-C_ses-CO-20150319,sub-C_ses-CO-20151109,20150319,20151109,train,dev,235,72,65,0.9935726010921647,0.006994228441074668,0.006994228441074668
sub-C_ses-CO-20150319,sub-C_ses-CO-20151110,20150319,20151110,train,dev,236,72,61,0.9917813784360147,0.009379363883438296,0.009379363883438296
sub-C_ses-CO-20150319,sub-C_ses-CO-20151112,20150319,20151112,train,dev,238,72,42,0.9735441815694125,0.03137067619270428,0.03137067619270428
sub-C_ses-CO-20150629,sub-C_ses-CO-20150630,20150629,20150630,train,train,1,49,44,0.9898125946956092,0.012383817920001983,0.012383817920001983
sub-C_ses-CO-20150629,sub-C_ses-CO-20150701,20150629,20150701,train,train,2,49,49,0.9915491690203684,0.010580159357103547,0.010580159357103547
sub-C_ses-CO-20150629,sub-C_ses-CO-20150703,20150629,20150703,train,train,4,49,52,0.9889369840536748,0.014656465783035921,0.014656465783035921
sub-C_ses-CO-20150629,sub-C_ses-CO-20150706,20150629,20150706,train,train,7,49,46,0.989223023233392,0.013983502510301893,0.013983502510301893
sub-C_ses-CO-20150629,sub-C_ses-CO-20150707,20150629,20150707,train,train,8,49,42,0.9926337286383229,0.010130315948490676,0.010130315948490676
sub-C_ses-CO-20150629,sub-C_ses-CO-20150708,20150629,20150708,train,train,9,49,64,0.9928628929902632,0.00925955606271578,0.00925955606271578
sub-C_ses-CO-20150629,sub-C_ses-CO-20150709,20150629,20150709,train,train,10,49,61,0.9963795370371659,0.004219425275334254,0.004219425275334254
sub-C_ses-CO-20150629,sub-C_ses-CO-20150710,20150629,20150710,train,train,11,49,55,0.9953325263311421,0.005436147948949754,0.005436147948949754
sub-C_ses-CO-20150629,sub-C_ses-CO-20150713,20150629,20150713,train,train,14,49,58,0.9946167925038243,0.006678910204412913,0.006678910204412913
sub-C_ses-CO-20150629,sub-C_ses-CO-20150714,20150629,20150714,train,train,15,49,66,0.9955303576691896,0.005687824456817037,0.005687824456817037
sub-C_ses-CO-20150629,sub-C_ses-CO-20150715,20150629,20150715,train,train,16,49,60,0.9945841709112978,0.00630383553407432,0.00630383553407432
sub-C_ses-CO-20150629,sub-C_ses-CO-20150716,20150629,20150716,train,train,17,49,61,0.9938478507072125,0.00727115407561052,0.00727115407561052
sub-C_ses-CO-20150629,sub-C_ses-CO-20151103,20150629,20151103,train,dev,127,49,38,0.9881714437925092,0.013771021493425462,0.013771021493425462
sub-C_ses-CO-20150629,sub-C_ses-CO-20151104,20150629,20151104,train,dev,128,49,59,0.9886144610059242,0.015521811398746754,0.015521811398746754
sub-C_ses-CO-20150629,sub-C_ses-CO-20151106,20150629,20151106,train,dev,130,49,60,0.9892701260276582,0.01284290493271234,0.01284290493271234
sub-C_ses-CO-20150629,sub-C_ses-CO-20151109,20150629,20151109,train,dev,133,49,65,0.9828328947888122,0.020841656412688314,0.020841656412688314
sub-C_ses-CO-20150629,sub-C_ses-CO-20151110,20150629,20151110,train,dev,134,49,61,0.9834342280694464,0.021392304539649576,0.021392304539649576
sub-C_ses-CO-20150629,sub-C_ses-CO-20151112,20150629,20151112,train,dev,136,49,42,0.9706267673027015,0.04083616215567243,0.04083616215567243
sub-C_ses-CO-20150630,sub-C_ses-CO-20150701,20150630,20150701,train,train,1,44,49,0.9812153007322437,0.020081406486711417,0.020081406486711417
sub-C_ses-CO-20150630,sub-C_ses-CO-20150703,20150630,20150703,train,train,3,44,52,0.980025177651416,0.021235155161798636,0.021235155161798636
sub-C_ses-CO-20150630,sub-C_ses-CO-20150706,20150630,20150706,train,train,6,44,46,0.9828440245041388,0.01824955947072726,0.01824955947072726
sub-C_ses-CO-20150630,sub-C_ses-CO-20150707,20150630,20150707,train,train,7,44,42,0.9830345354545841,0.01804338339845013,0.01804338339845013
sub-C_ses-CO-20150630,sub-C_ses-CO-20150708,20150630,20150708,train,train,8,44,64,0.987651573684691,0.013178189770348903,0.013178189770348903
sub-C_ses-CO-20150630,sub-C_ses-CO-20150709,20150630,20150709,train,train,9,44,61,0.9835531328505057,0.01900469437438046,0.01900469437438046
sub-C_ses-CO-20150630,sub-C_ses-CO-20150710,20150630,20150710,train,train,10,44,55,0.9867321130902909,0.015406028654766146,0.015406028654766146
sub-C_ses-CO-20150630,sub-C_ses-CO-20150713,20150630,20150713,train,train,13,44,58,0.9852475915185023,0.016020346028022603,0.016020346028022603
sub-C_ses-CO-20150630,sub-C_ses-CO-20150714,20150630,20150714,train,train,14,44,66,0.9915372257031786,0.009186868566973594,0.009186868566973594
sub-C_ses-CO-20150630,sub-C_ses-CO-20150715,20150630,20150715,train,train,15,44,60,0.985408649321423,0.017110017935719313,0.017110017935719313
sub-C_ses-CO-20150630,sub-C_ses-CO-20150716,20150630,20150716,train,train,16,44,61,0.9911702284076781,0.009931418540650494,0.009931418540650494
sub-C_ses-CO-20150630,sub-C_ses-CO-20151103,20150630,20151103,train,dev,126,44,38,0.9849523510831938,0.016699343220080376,0.016699343220080376
sub-C_ses-CO-20150630,sub-C_ses-CO-20151104,20150630,20151104,train,dev,127,44,59,0.9871630763003241,0.013934598816354615,0.013934598816354615
sub-C_ses-CO-20150630,sub-C_ses-CO-20151106,20150630,20151106,train,dev,129,44,60,0.9805896555277849,0.020927337800212165,0.020927337800212165
sub-C_ses-CO-20150630,sub-C_ses-CO-20151109,20150630,20151109,train,dev,132,44,65,0.9791784788486962,0.022103791274535878,0.022103791274535878
sub-C_ses-CO-20150630,sub-C_ses-CO-20151110,20150630,20151110,train,dev,133,44,61,0.9834784594902671,0.017839136057862248,0.017839136057862248
sub-C_ses-CO-20150630,sub-C_ses-CO-20151112,20150630,20151112,train,dev,135,44,42,0.9677443016901907,0.03668645395943093,0.03668645395943093
sub-C_ses-CO-20150701,sub-C_ses-CO-20150703,20150701,20150703,train,train,2,49,52,0.9955621576429213,0.004905816298049093,0.004905816298049093
sub-C_ses-CO-20150701,sub-C_ses-CO-20150706,20150701,20150706,train,train,5,49,46,0.9931315269485648,0.0073461997909529675,0.0073461997909529675
sub-C_ses-CO-20150701,sub-C_ses-CO-20150707,20150701,20150707,train,train,6,49,42,0.9952889229978967,0.005064085215537695,0.005064085215537695
sub-C_ses-CO-20150701,sub-C_ses-CO-20150708,20150701,20150708,train,train,7,49,64,0.9956595664447672,0.004612278804168701,0.004612278804168701
sub-C_ses-CO-20150701,sub-C_ses-CO-20150709,20150701,20150709,train,train,8,49,61,0.9929673190039138,0.008658323620545527,0.008658323620545527
sub-C_ses-CO-20150701,sub-C_ses-CO-20150710,20150701,20150710,train,train,9,49,55,0.9914254151602715,0.010303614611683942,0.010303614611683942
sub-C_ses-CO-20150701,sub-C_ses-CO-20150713,20150701,20150713,train,train,12,49,58,0.9897585077120405,0.011140066206363208,0.011140066206363208
sub-C_ses-CO-20150701,sub-C_ses-CO-20150714,20150701,20150714,train,train,13,49,66,0.9860314380770079,0.015124527039714453,0.015124527039714453
sub-C_ses-CO-20150701,sub-C_ses-CO-20150715,20150701,20150715,train,train,14,49,60,0.9887154181952171,0.013537647692776211,0.013537647692776211
sub-C_ses-CO-20150701,sub-C_ses-CO-20150716,20150701,20150716,train,train,15,49,61,0.981750070038725,0.0202741511760125,0.0202741511760125
sub-C_ses-CO-20150701,sub-C_ses-CO-20151103,20150701,20151103,train,dev,125,49,38,0.9805556841511073,0.021521972307877224,0.021521972307877224
sub-C_ses-CO-20150701,sub-C_ses-CO-20151104,20150701,20151104,train,dev,126,49,59,0.9859940882859137,0.014965745824329968,0.014965745824329968
sub-C_ses-CO-20150701,sub-C_ses-CO-20151106,20150701,20151106,train,dev,128,49,60,0.9875325865259672,0.0134226556575745,0.0134226556575745
sub-C_ses-CO-20150701,sub-C_ses-CO-20151109,20150701,20151109,train,dev,131,49,65,0.9876865043763032,0.01303291243112703,0.01303291243112703
sub-C_ses-CO-20150701,sub-C_ses-CO-20151110,20150701,20151110,train,dev,132,49,61,0.9861976948322569,0.014841607561169479,0.014841607561169479
sub-C_ses-CO-20150701,sub-C_ses-CO-20151112,20150701,20151112,train,dev,134,49,42,0.9617107840384922,0.041971839893718,0.041971839893718
sub-C_ses-CO-20150703,sub-C_ses-CO-20150706,20150703,20150706,train,train,3,52,46,0.9961416184705755,0.003962842394973576,0.003962842394973576
sub-C_ses-CO-20150703,sub-C_ses-CO-20150707,20150703,20150707,train,train,4,52,42,0.9962920933291283,0.003831832885346609,0.003831832885346609
sub-C_ses-CO-20150703,sub-C_ses-CO-20150708,20150703,20150708,train,train,5,52,64,0.9967960060355141,0.003535425858513408,0.003535425858513408
sub-C_ses-CO-20150703,sub-C_ses-CO-20150709,20150703,20150709,train,train,6,52,61,0.993304119564746,0.009407237291983783,0.009407237291983783
sub-C_ses-CO-20150703,sub-C_ses-CO-20150710,20150703,20150710,train,train,7,52,55,0.9935976966859944,0.008999439207171722,0.008999439207171722
sub-C_ses-CO-20150703,sub-C_ses-CO-20150713,20150703,20150713,train,train,10,52,58,0.9919575331192262,0.009182442155387438,0.009182442155387438
sub-C_ses-CO-20150703,sub-C_ses-CO-20150714,20150703,20150714,train,train,11,52,66,0.9851745172845234,0.016259870335602056,0.016259870335602056
sub-C_ses-CO-20150703,sub-C_ses-CO-20150715,20150703,20150715,train,train,12,52,60,0.9905443446213096,0.012629984239929781,0.012629984239929781
sub-C_ses-CO-20150703,sub-C_ses-CO-20150716,20150703,20150716,train,train,13,52,61,0.9798308383779992,0.022780394879466037,0.022780394879466037
sub-C_ses-CO-20150703,sub-C_ses-CO-20151103,20150703,20151103,train,dev,123,52,38,0.9840740203221648,0.018174145914259476,0.018174145914259476
sub-C_ses-CO-20150703,sub-C_ses-CO-20151104,20150703,20151104,train,dev,124,52,59,0.9892818707047976,0.010831032829935472,0.010831032829935472
sub-C_ses-CO-20150703,sub-C_ses-CO-20151106,20150703,20151106,train,dev,126,52,60,0.9910430251774718,0.009926651074594561,0.009926651074594561
sub-C_ses-CO-20150703,sub-C_ses-CO-20151109,20150703,20151109,train,dev,129,52,65,0.9939662089885606,0.006228609708240684,0.006228609708240684
sub-C_ses-CO-20150703,sub-C_ses-CO-20151110,20150703,20151110,train,dev,130,52,61,0.9908405524178246,0.0092646670625951,0.0092646670625951
sub-C_ses-CO-20150703,sub-C_ses-CO-20151112,20150703,20151112,train,dev,132,52,42,0.9681771073512841,0.03287654289928321,0.03287654289928321
sub-C_ses-CO-20150706,sub-C_ses-CO-20150707,20150706,20150707,train,train,1,46,42,0.995488587598614,0.004650756920872912,0.004650756920872912
sub-C_ses-CO-20150706,sub-C_ses-CO-20150708,20150706,20150708,train,train,2,46,64,0.9960120301808975,0.004263352037063628,0.004263352037063628
sub-C_ses-CO-20150706,sub-C_ses-CO-20150709,20150706,20150709,train,train,3,46,61,0.994575079300896,0.007675119033182742,0.007675119033182742
sub-C_ses-CO-20150706,sub-C_ses-CO-20150710,20150706,20150710,train,train,4,46,55,0.995822897922349,0.006237213475362102,0.006237213475362102
sub-C_ses-CO-20150706,sub-C_ses-CO-20150713,20150706,20150713,train,train,7,46,58,0.9955777183550998,0.00518041230135724,0.00518041230135724
sub-C_ses-CO-20150706,sub-C_ses-CO-20150714,20150706,20150714,train,train,8,46,66,0.9888621451785894,0.012244104179896187,0.012244104179896187
sub-C_ses-CO-20150706,sub-C_ses-CO-20150715,20150706,20150715,train,train,9,46,60,0.9944086665380196,0.008061943243482084,0.008061943243482084
sub-C_ses-CO-20150706,sub-C_ses-CO-20150716,20150706,20150716,train,train,10,46,61,0.983558515586727,0.018617231675110535,0.018617231675110535
sub-C_ses-CO-20150706,sub-C_ses-CO-20151103,20150706,20151103,train,dev,120,46,38,0.9864511892817196,0.015442566127897628,0.015442566127897628
sub-C_ses-CO-20150706,sub-C_ses-CO-20151104,20150706,20151104,train,dev,121,46,59,0.9914222211069021,0.008798725196553114,0.008798725196553114
sub-C_ses-CO-20150706,sub-C_ses-CO-20151106,20150706,20151106,train,dev,123,46,60,0.9930194016324614,0.007714147569765517,0.007714147569765517
sub-C_ses-CO-20150706,sub-C_ses-CO-20151109,20150706,20151109,train,dev,126,46,65,0.9944422808312225,0.005737127644685369,0.005737127644685369
sub-C_ses-CO-20150706,sub-C_ses-CO-20151110,20150706,20151110,train,dev,127,46,61,0.9910282869703132,0.009229647541230124,0.009229647541230124
sub-C_ses-CO-20150706,sub-C_ses-CO-20151112,20150706,20151112,train,dev,129,46,42,0.9748606960917691,0.02727540865690481,0.02727540865690481
sub-C_ses-CO-20150707,sub-C_ses-CO-20150708,20150707,20150708,train,train,1,42,64,0.9977712443795377,0.0024056900669788828,0.0024056900669788828
sub-C_ses-CO-20150707,sub-C_ses-CO-20150709,20150707,20150709,train,train,2,42,61,0.9963230441391056,0.0056599072836305275,0.0056599072836305275
sub-C_ses-CO-20150707,sub-C_ses-CO-20150710,20150707,20150710,train,train,3,42,55,0.9940586892197996,0.008050863828805932,0.008050863828805932
sub-C_ses-CO-20150707,sub-C_ses-CO-20150713,20150707,20150713,train,train,6,42,58,0.9940111390560158,0.006791598493194995,0.006791598493194995
sub-C_ses-CO-20150707,sub-C_ses-CO-20150714,20150707,20150714,train,train,7,42,66,0.9908054156756798,0.010146578769316017,0.010146578769316017
sub-C_ses-CO-20150707,sub-C_ses-CO-20150715,20150707,20150715,train,train,8,42,60,0.9931649559318068,0.009308184070481396,0.009308184070481396
sub-C_ses-CO-20150707,sub-C_ses-CO-20150716,20150707,20150716,train,train,9,42,61,0.9860001049788953,0.015938908571232036,0.015938908571232036
sub-C_ses-CO-20150707,sub-C_ses-CO-20151103,20150707,20151103,train,dev,119,42,38,0.9899336078284415,0.01164563417389819,0.01164563417389819
sub-C_ses-CO-20150707,sub-C_ses-CO-20151104,20150707,20151104,train,dev,120,42,59,0.9940640956753096,0.0061642120622937835,0.0061642120622937835
sub-C_ses-CO-20150707,sub-C_ses-CO-20151106,20150707,20151106,train,dev,122,42,60,0.9952518773760596,0.005316521088668091,0.005316521088668091
sub-C_ses-CO-20150707,sub-C_ses-CO-20151109,20150707,20151109,train,dev,125,42,65,0.9933783259311784,0.0068442113907132285,0.0068442113907132285
sub-C_ses-CO-20150707,sub-C_ses-CO-20151110,20150707,20151110,train,dev,126,42,61,0.9908974251292701,0.009420858865283988,0.009420858865283988
sub-C_ses-CO-20150707,sub-C_ses-CO-20151112,20150707,20151112,train,dev,128,42,42,0.9731284290952398,0.029135998089775184,0.029135998089775184
sub-C_ses-CO-20150708,sub-C_ses-CO-20150709,20150708,20150709,train,train,1,64,61,0.99604170592299,0.005385652158584886,0.005385652158584886
sub-C_ses-CO-20150708,sub-C_ses-CO-20150710,20150708,20150710,train,train,2,64,55,0.9955319031823749,0.005886795946800527,0.005886795946800527
sub-C_ses-CO-20150708,sub-C_ses-CO-20150713,20150708,20150713,train,train,5,64,58,0.994281864914247,0.006291884322022323,0.006291884322022323
sub-C_ses-CO-20150708,sub-C_ses-CO-20150714,20150708,20150714,train,train,6,64,66,0.9904581821398895,0.010368552805041675,0.010368552805041675
sub-C_ses-CO-20150708,sub-C_ses-CO-20150715,20150708,20150715,train,train,7,64,60,0.9936304733867326,0.008211876877229907,0.008211876877229907
sub-C_ses-CO-20150708,sub-C_ses-CO-20150716,20150708,20150716,train,train,8,64,61,0.9862548011864762,0.01540101457514087,0.01540101457514087
sub-C_ses-CO-20150708,sub-C_ses-CO-20151103,20150708,20151103,train,dev,118,64,38,0.9879607610490071,0.013493205819574472,0.013493205819574472
sub-C_ses-CO-20150708,sub-C_ses-CO-20151104,20150708,20151104,train,dev,119,64,59,0.9934214950533471,0.0071773575570077686,0.0071773575570077686
sub-C_ses-CO-20150708,sub-C_ses-CO-20151106,20150708,20151106,train,dev,121,64,60,0.9933715005437691,0.007165148880677874,0.007165148880677874
sub-C_ses-CO-20150708,sub-C_ses-CO-20151109,20150708,20151109,train,dev,124,64,65,0.9944169084738048,0.005905074872773142,0.005905074872773142
sub-C_ses-CO-20150708,sub-C_ses-CO-20151110,20150708,20151110,train,dev,125,64,61,0.9927181174358831,0.008000855030595222,0.008000855030595222
sub-C_ses-CO-20150708,sub-C_ses-CO-20151112,20150708,20151112,train,dev,127,64,42,0.9707361218422869,0.032880320303484534,0.032880320303484534
sub-C_ses-CO-20150709,sub-C_ses-CO-20150710,20150709,20150710,train,train,1,61,55,0.9977501096047275,0.0025907747760964828,0.0025907747760964828
sub-C_ses-CO-20150709,sub-C_ses-CO-20150713,20150709,20150713,train,train,4,61,58,0.9979299942940906,0.0027183707863478457,0.0027183707863478457
sub-C_ses-CO-20150709,sub-C_ses-CO-20150714,20150709,20150714,train,train,5,61,66,0.9933442739218791,0.007893792182235071,0.007893792182235071
sub-C_ses-CO-20150709,sub-C_ses-CO-20150715,20150709,20150715,train,train,6,61,60,0.9973425844050747,0.003076251746323422,0.003076251746323422
sub-C_ses-CO-20150709,sub-C_ses-CO-20150716,20150709,20150716,train,train,7,61,61,0.9894436412383993,0.012110164525805489,0.012110164525805489
sub-C_ses-CO-20150709,sub-C_ses-CO-20151103,20150709,20151103,train,dev,117,61,38,0.988665695142498,0.012998616818016284,0.012998616818016284
sub-C_ses-CO-20150709,sub-C_ses-CO-20151104,20150709,20151104,train,dev,118,61,59,0.991294581675301,0.01206682423308636,0.01206682423308636
sub-C_ses-CO-20150709,sub-C_ses-CO-20151106,20150709,20151106,train,dev,120,61,60,0.9938306624115849,0.007438082877635477,0.007438082877635477
sub-C_ses-CO-20150709,sub-C_ses-CO-20151109,20150709,20151109,train,dev,123,61,65,0.9894408942254358,0.01312156984328161,0.01312156984328161
sub-C_ses-CO-20150709,sub-C_ses-CO-20151110,20150709,20151110,train,dev,124,61,61,0.9875028675420104,0.016404338692229015,0.016404338692229015
sub-C_ses-CO-20150709,sub-C_ses-CO-20151112,20150709,20151112,train,dev,126,61,42,0.9731463933879094,0.03717968975288788,0.03717968975288788
sub-C_ses-CO-20150710,sub-C_ses-CO-20150713,20150710,20150713,train,train,3,55,58,0.998859349077325,0.0016392093258592588,0.0016392093258592588
sub-C_ses-CO-20150710,sub-C_ses-CO-20150714,20150710,20150714,train,train,4,55,66,0.9928532636682799,0.008398482191296575,0.008398482191296575
sub-C_ses-CO-20150710,sub-C_ses-CO-20150715,20150710,20150715,train,train,5,55,60,0.9980020060491152,0.002316045664396693,0.002316045664396693
sub-C_ses-CO-20150710,sub-C_ses-CO-20150716,20150710,20150716,train,train,6,55,61,0.9903456207865069,0.011054078568363712,0.011054078568363712
sub-C_ses-CO-20150710,sub-C_ses-CO-20151103,20150710,20151103,train,dev,116,55,38,0.9886636724922488,0.012965729531319026,0.012965729531319026
sub-C_ses-CO-20150710,sub-C_ses-CO-20151104,20150710,20151104,train,dev,117,55,59,0.9909345749990844,0.012349630216914376,0.012349630216914376
sub-C_ses-CO-20150710,sub-C_ses-CO-20151106,20150710,20151106,train,dev,119,55,60,0.9918957154401891,0.009547946299602872,0.009547946299602872
sub-C_ses-CO-20150710,sub-C_ses-CO-20151109,20150710,20151109,train,dev,122,55,65,0.9914717979886085,0.01082274606581124,0.01082274606581124
sub-C_ses-CO-20150710,sub-C_ses-CO-20151110,20150710,20151110,train,dev,123,55,61,0.990108291695711,0.013510010165847186,0.013510010165847186
sub-C_ses-CO-20150710,sub-C_ses-CO-20151112,20150710,20151112,train,dev,125,55,42,0.9752906523653865,0.03483050828655199,0.03483050828655199
sub-C_ses-CO-20150713,sub-C_ses-CO-20150714,20150713,20150714,train,train,1,58,66,0.9933901747087694,0.007215864760985902,0.007215864760985902
sub-C_ses-CO-20150713,sub-C_ses-CO-20150715,20150713,20150715,train,train,2,58,60,0.9983195352206417,0.0023780293248385487,0.0023780293248385487
sub-C_ses-CO-20150713,sub-C_ses-CO-20150716,20150713,20150716,train,train,3,58,61,0.9905677553926753,0.010516231354321892,0.010516231354321892
sub-C_ses-CO-20150713,sub-C_ses-CO-20151103,20150713,20151103,train,dev,113,58,38,0.9880206355338575,0.013303668045723693,0.013303668045723693
sub-C_ses-CO-20150713,sub-C_ses-CO-20151104,20150713,20151104,train,dev,114,58,59,0.9903476442132102,0.011132261369748653,0.011132261369748653
sub-C_ses-CO-20150713,sub-C_ses-CO-20151106,20150713,20151106,train,dev,116,58,60,0.9916227018864883,0.009124763876723785,0.009124763876723785
sub-C_ses-CO-20150713,sub-C_ses-CO-20151109,20150713,20151109,train,dev,119,58,65,0.9894083789645364,0.011663269222977224,0.011663269222977224
sub-C_ses-CO-20150713,sub-C_ses-CO-20151110,20150713,20151110,train,dev,120,58,61,0.987862722335249,0.013880040185135334,0.013880040185135334
sub-C_ses-CO-20150713,sub-C_ses-CO-20151112,20150713,20151112,train,dev,122,58,42,0.9753354677204498,0.030694650379053945,0.030694650379053945
sub-C_ses-CO-20150714,sub-C_ses-CO-20150715,20150714,20150715,train,train,1,66,60,0.9949466489306245,0.006209479219588143,0.006209479219588143
sub-C_ses-CO-20150714,sub-C_ses-CO-20150716,20150714,20150716,train,train,2,66,61,0.9966030561642102,0.003852515398584888,0.003852515398584888
sub-C_ses-CO-20150714,sub-C_ses-CO-20151103,20150714,20151103,train,dev,112,66,38,0.9908590663568735,0.010170571715806487,0.010170571715806487
sub-C_ses-CO-20150714,sub-C_ses-CO-20151104,20150714,20151104,train,dev,113,66,59,0.9919082973633301,0.009430574272732084,0.009430574272732084
sub-C_ses-CO-20150714,sub-C_ses-CO-20151106,20150714,20151106,train,dev,115,66,60,0.9904981482250826,0.010329171185218256,0.010329171185218256
sub-C_ses-CO-20150714,sub-C_ses-CO-20151109,20150714,20151109,train,dev,118,66,65,0.9819234894901553,0.019561182772269925,0.019561182772269925
sub-C_ses-CO-20150714,sub-C_ses-CO-20151110,20150714,20151110,train,dev,119,66,61,0.9837938030921747,0.018027641557446072,0.018027641557446072
sub-C_ses-CO-20150714,sub-C_ses-CO-20151112,20150714,20151112,train,dev,121,66,42,0.9794062523365953,0.026560646677974975,0.026560646677974975
sub-C_ses-CO-20150715,sub-C_ses-CO-20150716,20150715,20150716,train,train,1,60,61,0.9921449741688362,0.00911906396212614,0.00911906396212614
sub-C_ses-CO-20150715,sub-C_ses-CO-20151103,20150715,20151103,train,dev,111,60,38,0.9880918987364018,0.0137443980517582,0.0137443980517582
sub-C_ses-CO-20150715,sub-C_ses-CO-20151104,20150715,20151104,train,dev,112,60,59,0.9905841321733445,0.013090685076104336,0.013090685076104336
sub-C_ses-CO-20150715,sub-C_ses-CO-20151106,20150715,20151106,train,dev,114,60,60,0.9925117806510968,0.009042037727295948,0.009042037727295948
sub-C_ses-CO-20150715,sub-C_ses-CO-20151109,20150715,20151109,train,dev,117,60,65,0.9888264245832726,0.014006302743585275,0.014006302743585275
sub-C_ses-CO-20150715,sub-C_ses-CO-20151110,20150715,20151110,train,dev,118,60,61,0.9868547674776897,0.017382835402190544,0.017382835402190544
sub-C_ses-CO-20150715,sub-C_ses-CO-20151112,20150715,20151112,train,dev,120,60,42,0.9779385056697639,0.03291053830972346,0.03291053830972346
sub-C_ses-CO-20150716,sub-C_ses-CO-20151103,20150716,20151103,train,dev,110,61,38,0.9882219985294595,0.013174333634913493,0.013174333634913493
sub-C_ses-CO-20150716,sub-C_ses-CO-20151104,20150716,20151104,train,dev,111,61,59,0.9891826271976598,0.013152635263478984,0.013152635263478984
sub-C_ses-CO-20150716,sub-C_ses-CO-20151106,20150716,20151106,train,dev,113,61,60,0.986243124723362,0.015303921382357366,0.015303921382357366
sub-C_ses-CO-20150716,sub-C_ses-CO-20151109,20150716,20151109,train,dev,116,61,65,0.9784565331635398,0.024031389808455872,0.024031389808455872
sub-C_ses-CO-20150716,sub-C_ses-CO-20151110,20150716,20151110,train,dev,117,61,61,0.9834258323715568,0.0194274689805638,0.0194274689805638
sub-C_ses-CO-20150716,sub-C_ses-CO-20151112,20150716,20151112,train,dev,119,61,42,0.9814706574903472,0.026515383467164977,0.026515383467164977
sub-C_ses-CO-20151103,sub-C_ses-CO-20151104,20151103,20151104,dev,dev,1,38,59,0.996594886833889,0.0052354567613586145,0.0052354567613586145
sub-C_ses-CO-20151103,sub-C_ses-CO-20151106,20151103,20151106,dev,dev,3,38,60,0.9936204861208665,0.007151902564267454,0.007151902564267454
sub-C_ses-CO-20151103,sub-C_ses-CO-20151109,20151103,20151109,dev,dev,6,38,65,0.9886335077908899,0.01301349189125256,0.01301349189125256
sub-C_ses-CO-20151103,sub-C_ses-CO-20151110,20151103,20151110,dev,dev,7,38,61,0.9898878905270254,0.012531352336025758,0.012531352336025758
sub-C_ses-CO-20151103,sub-C_ses-CO-20151112,20151103,20151112,dev,dev,9,38,42,0.9798524624618713,0.027925883868707646,0.027925883868707646
sub-C_ses-CO-20151104,sub-C_ses-CO-20151106,20151104,20151106,dev,dev,2,59,60,0.996824584907897,0.004132623002481184,0.004132623002481184
sub-C_ses-CO-20151104,sub-C_ses-CO-20151109,20151104,20151109,dev,dev,5,59,65,0.9936224687890601,0.006636217195168381,0.006636217195168381
sub-C_ses-CO-20151104,sub-C_ses-CO-20151110,20151104,20151110,dev,dev,6,59,61,0.9944171668466993,0.00556527530373041,0.00556527530373041
sub-C_ses-CO-20151104,sub-C_ses-CO-20151112,20151104,20151112,dev,dev,8,59,42,0.9839077761682232,0.017425085759924186,0.017425085759924186
sub-C_ses-CO-20151106,sub-C_ses-CO-20151109,20151106,20151109,dev,dev,3,60,65,0.994270355254575,0.00633626409552801,0.00633626409552801
sub-C_ses-CO-20151106,sub-C_ses-CO-20151110,20151106,20151110,dev,dev,4,60,61,0.9914767130351112,0.009841276687825973,0.009841276687825973
sub-C_ses-CO-20151106,sub-C_ses-CO-20151112,20151106,20151112,dev,dev,6,60,42,0.983041973396803,0.022565169339404667,0.022565169339404667
sub-C_ses-CO-20151109,sub-C_ses-CO-20151110,20151109,20151110,dev,dev,1,65,61,0.996866192581746,0.003407771413311611,0.003407771413311611
sub-C_ses-CO-20151109,sub-C_ses-CO-20151112,20151109,20151112,dev,dev,3,65,42,0.9772822220086191,0.025321930808128168,0.025321930808128168
sub-C_ses-CO-20151110,sub-C_ses-CO-20151112,20151110,20151112,dev,dev,2,61,42,0.9797012417775885,0.02096079583191024,0.02096079583191024
