session,date,split,local_row,channel_index
sub-C_ses-CO-20150309,20150309,train,0,1
sub-C_ses-CO-20150309,20150309,train,1,1
sub-C_ses-CO-20150309,20150309,train,2,3
sub-C_ses-CO-20150309,20150309,train,3,3
sub-C_ses-CO-20150309,20150309,train,4,5
sub-C_ses-CO-20150309,20150309,train,5,5
sub-C_ses-CO-20150309,20150309,train,6,7
sub-C_ses-CO-20150309,20150309,train,7,7
sub-C_ses-CO-20150309,20150309,train,8,9
sub-C_ses-CO-20150309,20150309,train,9,14
sub-C_ses-CO-20150309,20150309,train,10,14
sub-C_ses-CO-20150309,20150309,train,11,18
sub-C_ses-CO-20150309,20150309,train,12,20
sub-C_ses-CO-20150309,20150309,train,13,20
sub-C_ses-CO-20150309,20150309,train,14,20
sub-C_ses-CO-20150309,20150309,train,15,22
sub-C_ses-CO-20150309,20150309,train,16,23
sub-C_ses-CO-20150309,20150309,train,17,23
sub-C_ses-CO-20150309,20150309,train,18,25
sub-C_ses-CO-20150309,20150309,train,19,27
sub-C_ses-CO-20150309,20150309,train,20,27
sub-C_ses-CO-20150309,20150309,train,21,31
sub-C_ses-CO-20150309,20150309,train,22,31
sub-C_ses-CO-20150309,20150309,train,23,35
sub-C_ses-CO-20150309,20150309,train,24,36
sub-C_ses-CO-20150309,20150309,train,25,37
sub-C_ses-CO-20150309,20150309,train,26,37
sub-C_ses-CO-20150309,20150309,train,27,39
sub-C_ses-CO-20150309,20150309,train,28,39
sub-C_ses-CO-20150309,20150309,train,29,41
sub-C_ses-CO-20150309,20150309,train,30,41
sub-C_ses-CO-20150309,20150309,train,31,42
sub-C_ses-CO-20150309,20150309,train,32,43
sub-C_ses-CO-20150309,20150309,train,33,43
sub-C_ses-CO-20150309,20150309,train,34,45
sub-C_ses-CO-20150309,20150309,train,35,45
sub-C_ses-CO-20150309,20150309,train,36,49
sub-C_ses-CO-20150309,20150309,train,37,49
sub-C_ses-CO-20150309,20150309,train,38,51
sub-C_ses-CO-20150309,20150309,train,39,51
sub-C_ses-CO-20150309,20150309,train,40,52
sub-C_ses-CO-20150309,20150309,train,41,53
sub-C_ses-CO-20150309,20150309,train,42,54
sub-C_ses-CO-20150309,20150309,train,43,55
sub-C_ses-CO-20150309,20150309,train,44,60
sub-C_ses-CO-20150309,20150309,train,45,61
sub-C_ses-CO-20150309,20150309,train,46,62
sub-C_ses-CO-20150309,20150309,train,47,62
sub-C_ses-CO-20150309,20150309,train,48,64
sub-C_ses-CO-20150309,20150309,train,49,65
sub-C_ses-CO-20150309,20150309,train,50,65
sub-C_ses-CO-20150309,20150309,train,51,66
sub-C_ses-CO-20150309,20150309,train,52,66
sub-C_ses-CO-20150309,20150309,train,53,67
sub-C_ses-CO-20150309,20150309,train,54,68
sub-C_ses-CO-20150309,20150309,train,55,70
sub-C_ses-CO-20150309,20150309,train,56,79
sub-C_ses-CO-20150309,20150309,train,57,80
sub-C_ses-CO-20150309,20150309,train,58,80
sub-C_ses-CO-20150309,20150309,train,59,82
sub-C_ses-CO-20150309,20150309,train,60,83
sub-C_ses-CO-20150309,20150309,train,61,84
sub-C_ses-CO-20150309,20150309,train,62,84
sub-C_ses-CO-20150309,20150309,train,63,84
sub-C_ses-CO-20150309,20150309,train,64,85
sub-C_ses-CO-20150309,20150309,train,65,86
sub-C_ses-CO-20150309,20150309,train,66,87
sub-C_ses-CO-20150309,20150309,train,67,88
sub-C_ses-CO-20150309,20150309,train,68,88
sub-C_ses-CO-20150309,20150309,train,69,89
sub-C_ses-CO-20150309,20150309,train,70,90
sub-C_ses-CO-20150309,20150309,train,71,90
sub-C_ses-CO-20150309,20150309,train,72,91
sub-C_ses-CO-20150309,20150309,train,73,93
sub-C_ses-CO-20150311,20150311,train,0,0
sub-C_ses-CO-20150311,20150311,train,1,1
sub-C_ses-CO-20150311,20150311,train,2,2
sub-C_ses-CO-20150311,20150311,train,3,3
sub-C_ses-CO-20150311,20150311,train,4,3
sub-C_ses-CO-20150311,20150311,train,5,5
sub-C_ses-CO-20150311,20150311,train,6,6
sub-C_ses-CO-20150311,20150311,train,7,7
sub-C_ses-CO-20150311,20150311,train,8,7
sub-C_ses-CO-20150311,20150311,train,9,8
sub-C_ses-CO-20150311,20150311,train,10,9
sub-C_ses-CO-20150311,20150311,train,11,9
sub-C_ses-CO-20150311,20150311,train,12,10
sub-C_ses-CO-20150311,20150311,train,13,14
sub-C_ses-CO-20150311,20150311,train,14,14
sub-C_ses-CO-20150311,20150311,train,15,14
sub-C_ses-CO-20150311,20150311,train,16,16
sub-C_ses-CO-20150311,20150311,train,17,16
sub-C_ses-CO-20150311,20150311,train,18,20
sub-C_ses-CO-20150311,20150311,train,19,20
sub-C_ses-CO-20150311,20150311,train,20,22
sub-C_ses-CO-20150311,20150311,train,21,23
sub-C_ses-CO-20150311,20150311,train,22,23
sub-C_ses-CO-20150311,20150311,train,23,25
sub-C_ses-CO-20150311,20150311,train,24,25
sub-C_ses-CO-20150311,20150311,train,25,27
sub-C_ses-CO-20150311,20150311,train,26,27
sub-C_ses-CO-20150311,20150311,train,27,31
sub-C_ses-CO-20150311,20150311,train,28,36
sub-C_ses-CO-20150311,20150311,train,29,36
sub-C_ses-CO-20150311,20150311,train,30,37
sub-C_ses-CO-20150311,20150311,train,31,37
sub-C_ses-CO-20150311,20150311,train,32,37
sub-C_ses-CO-20150311,20150311,train,33,38
sub-C_ses-CO-20150311,20150311,train,34,39
sub-C_ses-CO-20150311,20150311,train,35,39
sub-C_ses-CO-20150311,20150311,train,36,39
sub-C_ses-CO-20150311,20150311,train,37,41
sub-C_ses-CO-20150311,20150311,train,38,45
sub-C_ses-CO-20150311,20150311,train,39,45
sub-C_ses-CO-20150311,20150311,train,40,45
sub-C_ses-CO-20150311,20150311,train,41,45
sub-C_ses-CO-20150311,20150311,train,42,46
sub-C_ses-CO-20150311,20150311,train,43,49
sub-C_ses-CO-20150311,20150311,train,44,49
sub-C_ses-CO-20150311,20150311,train,45,49
sub-C_ses-CO-20150311,20150311,train,46,50
sub-C_ses-CO-20150311,20150311,train,47,51
sub-C_ses-CO-20150311,20150311,train,48,52
sub-C_ses-CO-20150311,20150311,train,49,53
sub-C_ses-CO-20150311,20150311,train,50,54
sub-C_ses-CO-20150311,20150311,train,51,54
sub-C_ses-CO-20150311,20150311,train,52,55
sub-C_ses-CO-20150311,20150311,train,53,59
sub-C_ses-CO-20150311,20150311,train,54,60
sub-C_ses-CO-20150311,20150311,train,55,62
sub-C_ses-CO-20150311,20150311,train,56,62
sub-C_ses-CO-20150311,20150311,train,57,62
sub-C_ses-CO-20150311,20150311,train,58,64
sub-C_ses-CO-20150311,20150311,train,59,65
sub-C_ses-CO-20150311,20150311,train,60,65
sub-C_ses-CO-20150311,20150311,train,61,66
sub-C_ses-CO-20150311,20150311,train,62,66
sub-C_ses-CO-20150311,20150311,train,63,70
sub-C_ses-CO-20150311,20150311,train,64,79
sub-C_ses-CO-20150311,20150311,train,65,80
sub-C_ses-CO-20150311,20150311,train,66,80
sub-C_ses-CO-20150311,20150311,train,67,81
sub-C_ses-CO-20150311,20150311,train,68,82
sub-C_ses-CO-20150311,20150311,train,69,83
sub-C_ses-CO-20150311,20150311,train,70,84
sub-C_ses-CO-20150311,20150311,train,71,84
sub-C_ses-CO-20150311,20150311,train,72,84
sub-C_ses-CO-20150311,20150311,train,73,85
sub-C_ses-CO-20150311,20150311,train,74,86
sub-C_ses-CO-20150311,20150311,train,75,87
sub-C_ses-CO-20150311,20150311,train,76,87
sub-C_ses-CO-20150311,20150311,train,77,88
sub-C_ses-CO-20150311,20150311,train,78,89
sub-C_ses-CO-20150311,20150311,train,79,89
sub-C_ses-CO-20150311,20150311,train,80,89
sub-C_ses-CO-20150311,20150311,train,81,90
sub-C_ses-CO-20150311,20150311,train,82,90
sub-C_ses-CO-20150311,20150311,train,83,90
sub-C_ses-CO-20150311,20150311,train,84,91
sub-C_ses-CO-20150311,20150311,train,85,91
sub-C_ses-CO-20150311,20150311,train,86,93
sub-C_ses-CO-20150311,20150311,train,87,93
sub-C_ses-CO-20150312,20150312,train,0,0
sub-C_ses-CO-20150312,20150312,train,1,1
sub-C_ses-CO-20150312,20150312,train,2,2
sub-C_ses-CO-20150312,20150312,train,3,3
sub-C_ses-CO-20150312,20150312,train,4,3
sub-C_ses-CO-20150312,20150312,train,5,3
sub-C_ses-CO-20150312,20150312,train,6,5
sub-C_ses-CO-20150312,20150312,train,7,6
sub-C_ses-CO-20150312,20150312,train,8,7
sub-C_ses-CO-20150312,20150312,train,9,7
sub-C_ses-CO-20150312,20150312,train,10,8
sub-C_ses-CO-20150312,20150312,train,11,9
sub-C_ses-CO-20150312,20150312,train,12,10
sub-C_ses-CO-20150312,20150312,train,13,12
sub-C_ses-CO-20150312,20150312,train,14,14
sub-C_ses-CO-20150312,20150312,train,15,14
sub-C_ses-CO-20150312,20150312,train,16,16
sub-C_ses-CO-20150312,20150312,train,17,16
sub-C_ses-CO-20150312,20150312,train,18,16
sub-C_ses-CO-20150312,20150312,train,19,20
sub-C_ses-CO-20150312,20150312,train,20,20
sub-C_ses-CO-20150312,20150312,train,21,22
sub-C_ses-CO-20150312,20150312,train,22,23
sub-C_ses-CO-20150312,20150312,train,23,23
sub-C_ses-CO-20150312,20150312,train,24,25
sub-C_ses-CO-20150312,20150312,train,25,25
sub-C_ses-CO-20150312,20150312,train,26,27
sub-C_ses-CO-20150312,20150312,train,27,31
sub-C_ses-CO-20150312,20150312,train,28,31
sub-C_ses-CO-20150312,20150312,train,29,33
sub-C_ses-CO-20150312,20150312,train,30,36
sub-C_ses-CO-20150312,20150312,train,31,37
sub-C_ses-CO-20150312,20150312,train,32,37
sub-C_ses-CO-20150312,20150312,train,33,37
sub-C_ses-CO-20150312,20150312,train,34,38
sub-C_ses-CO-20150312,20150312,train,35,39
sub-C_ses-CO-20150312,20150312,train,36,39
sub-C_ses-CO-20150312,20150312,train,37,43
sub-C_ses-CO-20150312,20150312,train,38,43
sub-C_ses-CO-20150312,20150312,train,39,43
sub-C_ses-CO-20150312,20150312,train,40,44
sub-C_ses-CO-20150312,20150312,train,41,45
sub-C_ses-CO-20150312,20150312,train,42,45
sub-C_ses-CO-20150312,20150312,train,43,45
sub-C_ses-CO-20150312,20150312,train,44,47
sub-C_ses-CO-20150312,20150312,train,45,47
sub-C_ses-CO-20150312,20150312,train,46,49
sub-C_ses-CO-20150312,20150312,train,47,49
sub-C_ses-CO-20150312,20150312,train,48,52
sub-C_ses-CO-20150312,20150312,train,49,53
sub-C_ses-CO-20150312,20150312,train,50,53
sub-C_ses-CO-20150312,20150312,train,51,54
sub-C_ses-CO-20150312,20150312,train,52,54
sub-C_ses-CO-20150312,20150312,train,53,54
sub-C_ses-CO-20150312,20150312,train,54,55
sub-C_ses-CO-20150312,20150312,train,55,58
sub-C_ses-CO-20150312,20150312,train,56,59
sub-C_ses-CO-20150312,20150312,train,57,59
sub-C_ses-CO-20150312,20150312,train,58,60
sub-C_ses-CO-20150312,20150312,train,59,61
sub-C_ses-CO-20150312,20150312,train,60,62
sub-C_ses-CO-20150312,20150312,train,61,62
sub-C_ses-CO-20150312,20150312,train,62,64
sub-C_ses-CO-20150312,20150312,train,63,65
sub-C_ses-CO-20150312,20150312,train,64,65
sub-C_ses-CO-20150312,20150312,train,65,65
sub-C_ses-CO-20150312,20150312,train,66,66
sub-C_ses-CO-20150312,20150312,train,67,66
sub-C_ses-CO-20150312,20150312,train,68,68
sub-C_ses-CO-20150312,20150312,train,69,69
sub-C_ses-CO-20150312,20150312,train,70,70
sub-C_ses-CO-20150312,20150312,train,71,79
sub-C_ses-CO-20150312,20150312,train,72,80
sub-C_ses-CO-20150312,20150312,train,73,80
sub-C_ses-CO-20150312,20150312,train,74,80
sub-C_ses-CO-20150312,20150312,train,75,82
sub-C_ses-CO-20150312,20150312,train,76,84
sub-C_ses-CO-20150312,20150312,train,77,84
sub-C_ses-CO-20150312,20150312,train,78,84
sub-C_ses-CO-20150312,20150312,train,79,85
sub-C_ses-CO-20150312,20150312,train,80,86
sub-C_ses-CO-20150312,20150312,train,81,87
sub-C_ses-CO-20150312,20150312,train,82,87
sub-C_ses-CO-20150312,20150312,train,83,88
sub-C_ses-CO-20150312,20150312,train,84,89
sub-C_ses-CO-20150312,20150312,train,85,89
sub-C_ses-CO-20150312,20150312,train,86,90
sub-C_ses-CO-20150312,20150312,train,87,90
sub-C_ses-CO-20150312,20150312,train,88,91
sub-C_ses-CO-20150312,20150312,train,89,91
sub-C_ses-CO-20150312,20150312,train,90,93
sub-C_ses-CO-20150313,20150313,train,0,0
sub-C_ses-CO-20150313,20150313,train,1,1
sub-C_ses-CO-20150313,20150313,train,2,1
sub-C_ses-CO-20150313,20150313,train,3,2
sub-C_ses-CO-20150313,20150313,train,4,3
sub-C_ses-CO-20150313,20150313,train,5,3
sub-C_ses-CO-20150313,20150313,train,6,5
sub-C_ses-CO-20150313,20150313,train,7,6
sub-C_ses-CO-20150313,20150313,train,8,7
sub-C_ses-CO-20150313,20150313,train,9,7
sub-C_ses-CO-20150313,20150313,train,10,8
sub-C_ses-CO-20150313,20150313,train,11,9
sub-C_ses-CO-20150313,20150313,train,12,10
sub-C_ses-CO-20150313,20150313,train,13,14
sub-C_ses-CO-20150313,20150313,train,14,14
sub-C_ses-CO-20150313,20150313,train,15,16
sub-C_ses-CO-20150313,20150313,train,16,16
sub-C_ses-CO-20150313,20150313,train,17,16
sub-C_ses-CO-20150313,20150313,train,18,20
sub-C_ses-CO-20150313,20150313,train,19,20
sub-C_ses-CO-20150313,20150313,train,20,22
sub-C_ses-CO-20150313,20150313,train,21,23
sub-C_ses-CO-20150313,20150313,train,22,23
sub-C_ses-CO-20150313,20150313,train,23,25
sub-C_ses-CO-20150313,20150313,train,24,25
sub-C_ses-CO-20150313,20150313,train,25,27
sub-C_ses-CO-20150313,20150313,train,26,31
sub-C_ses-CO-20150313,20150313,train,27,33
sub-C_ses-CO-20150313,20150313,train,28,34
sub-C_ses-CO-20150313,20150313,train,29,36
sub-C_ses-CO-20150313,20150313,train,30,37
sub-C_ses-CO-20150313,20150313,train,31,37
sub-C_ses-CO-20150313,20150313,train,32,37
sub-C_ses-CO-20150313,20150313,train,33,38
sub-C_ses-CO-20150313,20150313,train,34,39
sub-C_ses-CO-20150313,20150313,train,35,39
sub-C_ses-CO-20150313,20150313,train,36,39
sub-C_ses-CO-20150313,20150313,train,37,41
sub-C_ses-CO-20150313,20150313,train,38,43
sub-C_ses-CO-20150313,20150313,train,39,43
sub-C_ses-CO-20150313,20150313,train,40,43
sub-C_ses-CO-20150313,20150313,train,41,45
sub-C_ses-CO-20150313,20150313,train,42,45
sub-C_ses-CO-20150313,20150313,train,43,45
sub-C_ses-CO-20150313,20150313,train,44,49
sub-C_ses-CO-20150313,20150313,train,45,49
sub-C_ses-CO-20150313,20150313,train,46,49
sub-C_ses-CO-20150313,20150313,train,47,52
sub-C_ses-CO-20150313,20150313,train,48,55
sub-C_ses-CO-20150313,20150313,train,49,60
sub-C_ses-CO-20150313,20150313,train,50,62
sub-C_ses-CO-20150313,20150313,train,51,62
sub-C_ses-CO-20150313,20150313,train,52,64
sub-C_ses-CO-20150313,20150313,train,53,64
sub-C_ses-CO-20150313,20150313,train,54,65
sub-C_ses-CO-20150313,20150313,train,55,65
sub-C_ses-CO-20150313,20150313,train,56,65
sub-C_ses-CO-20150313,20150313,train,57,66
sub-C_ses-CO-20150313,20150313,train,58,66
sub-C_ses-CO-20150313,20150313,train,59,68
sub-C_ses-CO-20150313,20150313,train,60,69
sub-C_ses-CO-20150313,20150313,train,61,69
sub-C_ses-CO-20150313,20150313,train,62,70
sub-C_ses-CO-20150313,20150313,train,63,73
sub-C_ses-CO-20150313,20150313,train,64,79
sub-C_ses-CO-20150313,20150313,train,65,80
sub-C_ses-CO-20150313,20150313,train,66,80
sub-C_ses-CO-20150313,20150313,train,67,81
sub-C_ses-CO-20150313,20150313,train,68,82
sub-C_ses-CO-20150313,20150313,train,69,83
sub-C_ses-CO-20150313,20150313,train,70,84
sub-C_ses-CO-20150313,20150313,train,71,84
sub-C_ses-CO-20150313,20150313,train,72,84
sub-C_ses-CO-20150313,20150313,train,73,84
sub-C_ses-CO-20150313,20150313,train,74,86
sub-C_ses-CO-20150313,20150313,train,75,87
sub-C_ses-CO-20150313,20150313,train,76,87
sub-C_ses-CO-20150313,20150313,train,77,87
sub-C_ses-CO-20150313,20150313,train,78,89
sub-C_ses-CO-20150313,20150313,train,79,89
sub-C_ses-CO-20150313,20150313,train,80,90
sub-C_ses-CO-20150313,20150313,train,81,90
sub-C_ses-CO-20150313,20150313,train,82,91
sub-C_ses-CO-20150313,20150313,train,83,91
sub-C_ses-CO-20150313,20150313,train,84,93
sub-C_ses-CO-20150313,20150313,train,85,93
sub-C_ses-CO-20150319,20150319,train,0,1
sub-C_ses-CO-20150319,20150319,train,1,2
sub-C_ses-CO-20150319,20150319,train,2,3
sub-C_ses-CO-20150319,20150319,train,3,3
sub-C_ses-CO-20150319,20150319,train,4,5
sub-C_ses-CO-20150319,20150319,train,5,5
sub-C_ses-CO-20150319,20150319,train,6,6
sub-C_ses-CO-20150319,20150319,train,7,7
sub-C_ses-CO-20150319,20150319,train,8,7
sub-C_ses-CO-20150319,20150319,train,9,7
sub-C_ses-CO-20150319,20150319,train,10,8
sub-C_ses-CO-20150319,20150319,train,11,8
sub-C_ses-CO-20150319,20150319,train,12,14
sub-C_ses-CO-20150319,20150319,train,13,16
sub-C_ses-CO-20150319,20150319,train,14,18
sub-C_ses-CO-20150319,20150319,train,15,19
sub-C_ses-CO-20150319,20150319,train,16,20
sub-C_ses-CO-20150319,20150319,train,17,20
sub-C_ses-CO-20150319,20150319,train,18,23
sub-C_ses-CO-20150319,20150319,train,19,25
sub-C_ses-CO-20150319,20150319,train,20,31
sub-C_ses-CO-20150319,20150319,train,21,31
sub-C_ses-CO-20150319,20150319,train,22,31
sub-C_ses-CO-20150319,20150319,train,23,37
sub-C_ses-CO-20150319,20150319,train,24,37
sub-C_ses-CO-20150319,20150319,train,25,38
sub-C_ses-CO-20150319,20150319,train,26,39
sub-C_ses-CO-20150319,20150319,train,27,39
sub-C_ses-CO-20150319,20150319,train,28,41
sub-C_ses-CO-20150319,20150319,train,29,42
sub-C_ses-CO-20150319,20150319,train,30,43
sub-C_ses-CO-20150319,20150319,train,31,43
sub-C_ses-CO-20150319,20150319,train,32,45
sub-C_ses-CO-20150319,20150319,train,33,45
sub-C_ses-CO-20150319,20150319,train,34,47
sub-C_ses-CO-20150319,20150319,train,35,49
sub-C_ses-CO-20150319,20150319,train,36,49
sub-C_ses-CO-20150319,20150319,train,37,49
sub-C_ses-CO-20150319,20150319,train,38,50
sub-C_ses-CO-20150319,20150319,train,39,50
sub-C_ses-CO-20150319,20150319,train,40,52
sub-C_ses-CO-20150319,20150319,train,41,55
sub-C_ses-CO-20150319,20150319,train,42,55
sub-C_ses-CO-20150319,20150319,train,43,59
sub-C_ses-CO-20150319,20150319,train,44,60
sub-C_ses-CO-20150319,20150319,train,45,62
sub-C_ses-CO-20150319,20150319,train,46,62
sub-C_ses-CO-20150319,20150319,train,47,64
sub-C_ses-CO-20150319,20150319,train,48,64
sub-C_ses-CO-20150319,20150319,train,49,65
sub-C_ses-CO-20150319,20150319,train,50,65
sub-C_ses-CO-20150319,20150319,train,51,66
sub-C_ses-CO-20150319,20150319,train,52,66
sub-C_ses-CO-20150319,20150319,train,53,66
sub-C_ses-CO-20150319,20150319,train,54,69
sub-C_ses-CO-20150319,20150319,train,55,79
sub-C_ses-CO-20150319,20150319,train,56,80
sub-C_ses-CO-20150319,20150319,train,57,80
sub-C_ses-CO-20150319,20150319,train,58,82
sub-C_ses-CO-20150319,20150319,train,59,84
sub-C_ses-CO-20150319,20150319,train,60,84
sub-C_ses-CO-20150319,20150319,train,61,84
sub-C_ses-CO-20150319,20150319,train,62,87
sub-C_ses-CO-20150319,20150319,train,63,87
sub-C_ses-CO-20150319,20150319,train,64,89
sub-C_ses-CO-20150319,20150319,train,65,89
sub-C_ses-CO-20150319,20150319,train,66,89
sub-C_ses-CO-20150319,20150319,train,67,90
sub-C_ses-CO-20150319,20150319,train,68,90
sub-C_ses-CO-20150319,20150319,train,69,91
sub-C_ses-CO-20150319,20150319,train,70,91
sub-C_ses-CO-20150319,20150319,train,71,91
sub-C_ses-CO-20150629,20150629,train,0,0
sub-C_ses-CO-20150629,20150629,train,1,1
sub-C_ses-CO-20150629,20150629,train,2,1
sub-C_ses-CO-20150629,20150629,train,3,3
sub-C_ses-CO-20150629,20150629,train,4,5
sub-C_ses-CO-20150629,20150629,train,5,6
sub-C_ses-CO-20150629,20150629,train,6,7
sub-C_ses-CO-20150629,20150629,train,7,7
sub-C_ses-CO-20150629,20150629,train,8,7
sub-C_ses-CO-20150629,20150629,train,9,7
sub-C_ses-CO-20150629,20150629,train,10,8
sub-C_ses-CO-20150629,20150629,train,11,9
sub-C_ses-CO-20150629,20150629,train,12,14
sub-C_ses-CO-20150629,20150629,train,13,16
sub-C_ses-CO-20150629,20150629,train,14,18
sub-C_ses-CO-20150629,20150629,train,15,19
sub-C_ses-CO-20150629,20150629,train,16,20
sub-C_ses-CO-20150629,20150629,train,17,20
sub-C_ses-CO-20150629,20150629,train,18,20
sub-C_ses-CO-20150629,20150629,train,19,22
sub-C_ses-CO-20150629,20150629,train,20,23
sub-C_ses-CO-20150629,20150629,train,21,24
sub-C_ses-CO-20150629,20150629,train,22,27
sub-C_ses-CO-20150629,20150629,train,23,31
sub-C_ses-CO-20150629,20150629,train,24,31
sub-C_ses-CO-20150629,20150629,train,25,31
sub-C_ses-CO-20150629,20150629,train,26,35
sub-C_ses-CO-20150629,20150629,train,27,37
sub-C_ses-CO-20150629,20150629,train,28,39
sub-C_ses-CO-20150629,20150629,train,29,43
sub-C_ses-CO-20150629,20150629,train,30,43
sub-C_ses-CO-20150629,20150629,train,31,45
sub-C_ses-CO-20150629,20150629,train,32,45
sub-C_ses-CO-20150629,20150629,train,33,49
sub-C_ses-CO-20150629,20150629,train,34,49
sub-C_ses-CO-20150629,20150629,train,35,49
sub-C_ses-CO-20150629,20150629,train,36,50
sub-C_ses-CO-20150629,20150629,train,37,51
sub-C_ses-CO-20150629,20150629,train,38,51
sub-C_ses-CO-20150629,20150629,train,39,52
sub-C_ses-CO-20150629,20150629,train,40,55
sub-C_ses-CO-20150629,20150629,train,41,55
sub-C_ses-CO-20150629,20150629,train,42,61
sub-C_ses-CO-20150629,20150629,train,43,64
sub-C_ses-CO-20150629,20150629,train,44,65
sub-C_ses-CO-20150629,20150629,train,45,66
sub-C_ses-CO-20150629,20150629,train,46,66
sub-C_ses-CO-20150629,20150629,train,47,68
sub-C_ses-CO-20150629,20150629,train,48,69
sub-C_ses-CO-20150630,20150630,train,0,0
sub-C_ses-CO-20150630,20150630,train,1,1
sub-C_ses-CO-20150630,20150630,train,2,1
sub-C_ses-CO-20150630,20150630,train,3,3
sub-C_ses-CO-20150630,20150630,train,4,3
sub-C_ses-CO-20150630,20150630,train,5,5
sub-C_ses-CO-20150630,20150630,train,6,7
sub-C_ses-CO-20150630,20150630,train,7,7
sub-C_ses-CO-20150630,20150630,train,8,7
sub-C_ses-CO-20150630,20150630,train,9,8
sub-C_ses-CO-20150630,20150630,train,10,9
sub-C_ses-CO-20150630,20150630,train,11,14
sub-C_ses-CO-20150630,20150630,train,12,14
sub-C_ses-CO-20150630,20150630,train,13,16
sub-C_ses-CO-20150630,20150630,train,14,18
sub-C_ses-CO-20150630,20150630,train,15,18
sub-C_ses-CO-20150630,20150630,train,16,19
sub-C_ses-CO-20150630,20150630,train,17,20
sub-C_ses-CO-20150630,20150630,train,18,20
sub-C_ses-CO-20150630,20150630,train,19,20
sub-C_ses-CO-20150630,20150630,train,20,23
sub-C_ses-CO-20150630,20150630,train,21,23
sub-C_ses-CO-20150630,20150630,train,22,24
sub-C_ses-CO-20150630,20150630,train,23,27
sub-C_ses-CO-20150630,20150630,train,24,27
sub-C_ses-CO-20150630,20150630,train,25,31
sub-C_ses-CO-20150630,20150630,train,26,31
sub-C_ses-CO-20150630,20150630,train,27,31
sub-C_ses-CO-20150630,20150630,train,28,37
sub-C_ses-CO-20150630,20150630,train,29,39
sub-C_ses-CO-20150630,20150630,train,30,43
sub-C_ses-CO-20150630,20150630,train,31,45
sub-C_ses-CO-20150630,20150630,train,32,49
sub-C_ses-CO-20150630,20150630,train,33,49
sub-C_ses-CO-20150630,20150630,train,34,50
sub-C_ses-CO-20150630,20150630,train,35,51
sub-C_ses-CO-20150630,20150630,train,36,52
sub-C_ses-CO-20150630,20150630,train,37,55
sub-C_ses-CO-20150630,20150630,train,38,57
sub-C_ses-CO-20150630,20150630,train,39,64
sub-C_ses-CO-20150630,20150630,train,40,65
sub-C_ses-CO-20150630,20150630,train,41,66
sub-C_ses-CO-20150630,20150630,train,42,66
sub-C_ses-CO-20150630,20150630,train,43,69
sub-C_ses-CO-20150701,20150701,train,0,0
sub-C_ses-CO-20150701,20150701,train,1,1
sub-C_ses-CO-20150701,20150701,train,2,1
sub-C_ses-CO-20150701,20150701,train,3,3
sub-C_ses-CO-20150701,20150701,train,4,5
sub-C_ses-CO-20150701,20150701,train,5,6
sub-C_ses-CO-20150701,20150701,train,6,7
sub-C_ses-CO-20150701,20150701,train,7,7
sub-C_ses-CO-20150701,20150701,train,8,7
sub-C_ses-CO-20150701,20150701,train,9,8
sub-C_ses-CO-20150701,20150701,train,10,9
sub-C_ses-CO-20150701,20150701,train,11,14
sub-C_ses-CO-20150701,20150701,train,12,16
sub-C_ses-CO-20150701,20150701,train,13,18
sub-C_ses-CO-20150701,20150701,train,14,20
sub-C_ses-CO-20150701,20150701,train,15,20
sub-C_ses-CO-20150701,20150701,train,16,20
sub-C_ses-CO-20150701,20150701,train,17,23
sub-C_ses-CO-20150701,20150701,train,18,23
sub-C_ses-CO-20150701,20150701,train,19,24
sub-C_ses-CO-20150701,20150701,train,20,27
sub-C_ses-CO-20150701,20150701,train,21,31
sub-C_ses-CO-20150701,20150701,train,22,31
sub-C_ses-CO-20150701,20150701,train,23,31
sub-C_ses-CO-20150701,20150701,train,24,35
sub-C_ses-CO-20150701,20150701,train,25,37
sub-C_ses-CO-20150701,20150701,train,26,39
sub-C_ses-CO-20150701,20150701,train,27,42
sub-C_ses-CO-20150701,20150701,train,28,43
sub-C_ses-CO-20150701,20150701,train,29,43
sub-C_ses-CO-20150701,20150701,train,30,45
sub-C_ses-CO-20150701,20150701,train,31,45
sub-C_ses-CO-20150701,20150701,train,32,49
sub-C_ses-CO-20150701,20150701,train,33,49
sub-C_ses-CO-20150701,20150701,train,34,49
sub-C_ses-CO-20150701,20150701,train,35,50
sub-C_ses-CO-20150701,20150701,train,36,51
sub-C_ses-CO-20150701,20150701,train,37,51
sub-C_ses-CO-20150701,20150701,train,38,51
sub-C_ses-CO-20150701,20150701,train,39,52
sub-C_ses-CO-20150701,20150701,train,40,53
sub-C_ses-CO-20150701,20150701,train,41,55
sub-C_ses-CO-20150701,20150701,train,42,55
sub-C_ses-CO-20150701,20150701,train,43,61
sub-C_ses-CO-20150701,20150701,train,44,64
sub-C_ses-CO-20150701,20150701,train,45,65
sub-C_ses-CO-20150701,20150701,train,46,66
sub-C_ses-CO-20150701,20150701,train,47,66
sub-C_ses-CO-20150701,20150701,train,48,69
sub-C_ses-CO-20150703,20150703,train,0,0
sub-C_ses-CO-20150703,20150703,train,1,1
sub-C_ses-CO-20150703,20150703,train,2,1
sub-C_ses-CO-20150703,20150703,train,3,3
sub-C_ses-CO-20150703,20150703,train,4,3
sub-C_ses-CO-20150703,20150703,train,5,5
sub-C_ses-CO-20150703,20150703,train,6,6
sub-C_ses-CO-20150703,20150703,train,7,7
sub-C_ses-CO-20150703,20150703,train,8,7
sub-C_ses-CO-20150703,20150703,train,9,7
sub-C_ses-CO-20150703,20150703,train,10,8
sub-C_ses-CO-20150703,20150703,train,11,9
sub-C_ses-CO-20150703,20150703,train,12,14
sub-C_ses-CO-20150703,20150703,train,13,14
sub-C_ses-CO-20150703,20150703,train,14,15
sub-C_ses-CO-20150703,20150703,train,15,16
sub-C_ses-CO-20150703,20150703,train,16,18
sub-C_ses-CO-20150703,20150703,train,17,20
sub-C_ses-CO-20150703,20150703,train,18,20
sub-C_ses-CO-20150703,20150703,train,19,20
sub-C_ses-CO-20150703,20150703,train,20,23
sub-C_ses-CO-20150703,20150703,train,21,23
sub-C_ses-CO-20150703,20150703,train,22,27
sub-C_ses-CO-20150703,20150703,train,23,31
sub-C_ses-CO-20150703,20150703,train,24,31
sub-C_ses-CO-20150703,20150703,train,25,31
sub-C_ses-CO-20150703,20150703,train,26,35
sub-C_ses-CO-20150703,20150703,train,27,37
sub-C_ses-CO-20150703,20150703,train,28,37
sub-C_ses-CO-20150703,20150703,train,29,39
sub-C_ses-CO-20150703,20150703,train,30,41
sub-C_ses-CO-20150703,20150703,train,31,42
sub-C_ses-CO-20150703,20150703,train,32,43
sub-C_ses-CO-20150703,20150703,train,33,43
sub-C_ses-CO-20150703,20150703,train,34,45
sub-C_ses-CO-20150703,20150703,train,35,45
sub-C_ses-CO-20150703,20150703,train,36,49
sub-C_ses-CO-20150703,20150703,train,37,49
sub-C_ses-CO-20150703,20150703,train,38,49
sub-C_ses-CO-20150703,20150703,train,39,50
sub-C_ses-CO-20150703,20150703,train,40,51
sub-C_ses-CO-20150703,20150703,train,41,51
sub-C_ses-CO-20150703,20150703,train,42,52
sub-C_ses-CO-20150703,20150703,train,43,53
sub-C_ses-CO-20150703,20150703,train,44,55
sub-C_ses-CO-20150703,20150703,train,45,57
sub-C_ses-CO-20150703,20150703,train,46,61
sub-C_ses-CO-20150703,20150703,train,47,64
sub-C_ses-CO-20150703,20150703,train,48,65
sub-C_ses-CO-20150703,20150703,train,49,66
sub-C_ses-CO-20150703,20150703,train,50,66
sub-C_ses-CO-20150703,20150703,train,51,69
sub-C_ses-CO-20150706,20150706,train,0,0
sub-C_ses-CO-20150706,20150706,train,1,1
sub-C_ses-CO-20150706,20150706,train,2,1
sub-C_ses-CO-20150706,20150706,train,3,3
sub-C_ses-CO-20150706,20150706,train,4,3
sub-C_ses-CO-20150706,20150706,train,5,5
sub-C_ses-CO-20150706,20150706,train,6,6
sub-C_ses-CO-20150706,20150706,train,7,7
sub-C_ses-CO-20150706,20150706,train,8,7
sub-C_ses-CO-20150706,20150706,train,9,7
sub-C_ses-CO-20150706,20150706,train,10,8
sub-C_ses-CO-20150706,20150706,train,11,9
sub-C_ses-CO-20150706,20150706,train,12,14
sub-C_ses-CO-20150706,20150706,train,13,14
sub-C_ses-CO-20150706,20150706,train,14,16
sub-C_ses-CO-20150706,20150706,train,15,20
sub-C_ses-CO-20150706,20150706,train,16,20
sub-C_ses-CO-20150706,20150706,train,17,20
sub-C_ses-CO-20150706,20150706,train,18,23
sub-C_ses-CO-20150706,20150706,train,19,23
sub-C_ses-CO-20150706,20150706,train,20,27
sub-C_ses-CO-20150706,20150706,train,21,31
sub-C_ses-CO-20150706,20150706,train,22,31
sub-C_ses-CO-20150706,20150706,train,23,31
sub-C_ses-CO-20150706,20150706,train,24,33
sub-C_ses-CO-20150706,20150706,train,25,35
sub-C_ses-CO-20150706,20150706,train,26,37
sub-C_ses-CO-20150706,20150706,train,27,39
sub-C_ses-CO-20150706,20150706,train,28,43
sub-C_ses-CO-20150706,20150706,train,29,43
sub-C_ses-CO-20150706,20150706,train,30,45
sub-C_ses-CO-20150706,20150706,train,31,45
sub-C_ses-CO-20150706,20150706,train,32,49
sub-C_ses-CO-20150706,20150706,train,33,49
sub-C_ses-CO-20150706,20150706,train,34,49
sub-C_ses-CO-20150706,20150706,train,35,50
sub-C_ses-CO-20150706,20150706,train,36,51
sub-C_ses-CO-20150706,20150706,train,37,51
sub-C_ses-CO-20150706,20150706,train,38,52
sub-C_ses-CO-20150706,20150706,train,39,55
sub-C_ses-CO-20150706,20150706,train,40,64
sub-C_ses-CO-20150706,20150706,train,41,65
sub-C_ses-CO-20150706,20150706,train,42,66
sub-C_ses-CO-20150706,20150706,train,43,66
sub-C_ses-CO-20150706,20150706,train,44,68
sub-C_ses-CO-20150706,20150706,train,45,69
sub-C_ses-CO-20150707,20150707,train,0,0
sub-C_ses-CO-20150707,20150707,train,1,1
sub-C_ses-CO-20150707,20150707,train,2,1
sub-C_ses-CO-20150707,20150707,train,3,3
sub-C_ses-CO-20150707,20150707,train,4,3
sub-C_ses-CO-20150707,20150707,train,5,5
sub-C_ses-CO-20150707,20150707,train,6,7
sub-C_ses-CO-20150707,20150707,train,7,7
sub-C_ses-CO-20150707,20150707,train,8,7
sub-C_ses-CO-20150707,20150707,train,9,7
sub-C_ses-CO-20150707,20150707,train,10,8
sub-C_ses-CO-20150707,20150707,train,11,14
sub-C_ses-CO-20150707,20150707,train,12,18
sub-C_ses-CO-20150707,20150707,train,13,20
sub-C_ses-CO-20150707,20150707,train,14,20
sub-C_ses-CO-20150707,20150707,train,15,20
sub-C_ses-CO-20150707,20150707,train,16,22
sub-C_ses-CO-20150707,20150707,train,17,23
sub-C_ses-CO-20150707,20150707,train,18,23
sub-C_ses-CO-20150707,20150707,train,19,27
sub-C_ses-CO-20150707,20150707,train,20,31
sub-C_ses-CO-20150707,20150707,train,21,31
sub-C_ses-CO-20150707,20150707,train,22,37
sub-C_ses-CO-20150707,20150707,train,23,39
sub-C_ses-CO-20150707,20150707,train,24,43
sub-C_ses-CO-20150707,20150707,train,25,43
sub-C_ses-CO-20150707,20150707,train,26,45
sub-C_ses-CO-20150707,20150707,train,27,45
sub-C_ses-CO-20150707,20150707,train,28,49
sub-C_ses-CO-20150707,20150707,train,29,49
sub-C_ses-CO-20150707,20150707,train,30,49
sub-C_ses-CO-20150707,20150707,train,31,51
sub-C_ses-CO-20150707,20150707,train,32,51
sub-C_ses-CO-20150707,20150707,train,33,52
sub-C_ses-CO-20150707,20150707,train,34,53
sub-C_ses-CO-20150707,20150707,train,35,55
sub-C_ses-CO-20150707,20150707,train,36,61
sub-C_ses-CO-20150707,20150707,train,37,64
sub-C_ses-CO-20150707,20150707,train,38,65
sub-C_ses-CO-20150707,20150707,train,39,66
sub-C_ses-CO-20150707,20150707,train,40,66
sub-C_ses-CO-20150707,20150707,train,41,69
sub-C_ses-CO-20150708,20150708,train,0,0
sub-C_ses-CO-20150708,20150708,train,1,1
sub-C_ses-CO-20150708,20150708,train,2,1
sub-C_ses-CO-20150708,20150708,train,3,3
sub-C_ses-CO-20150708,20150708,train,4,3
sub-C_ses-CO-20150708,20150708,train,5,5
sub-C_ses-CO-20150708,20150708,train,6,7
sub-C_ses-CO-20150708,20150708,train,7,7
sub-C_ses-CO-20150708,20150708,train,8,7
sub-C_ses-CO-20150708,20150708,train,9,8
sub-C_ses-CO-20150708,20150708,train,10,8
sub-C_ses-CO-20150708,20150708,train,11,9
sub-C_ses-CO-20150708,20150708,train,12,9
sub-C_ses-CO-20150708,20150708,train,13,14
sub-C_ses-CO-20150708,20150708,train,14,14
sub-C_ses-CO-20150708,20150708,train,15,16
sub-C_ses-CO-20150708,20150708,train,16,18
sub-C_ses-CO-20150708,20150708,train,17,20
sub-C_ses-CO-20150708,20150708,train,18,20
sub-C_ses-CO-20150708,20150708,train,19,20
sub-C_ses-CO-20150708,20150708,train,20,23
sub-C_ses-CO-20150708,20150708,train,21,23
sub-C_ses-CO-20150708,20150708,train,22,27
sub-C_ses-CO-20150708,20150708,train,23,31
sub-C_ses-CO-20150708,20150708,train,24,31
sub-C_ses-CO-20150708,20150708,train,25,31
sub-C_ses-CO-20150708,20150708,train,26,35
sub-C_ses-CO-20150708,20150708,train,27,37
sub-C_ses-CO-20150708,20150708,train,28,39
sub-C_ses-CO-20150708,20150708,train,29,43
sub-C_ses-CO-20150708,20150708,train,30,43
sub-C_ses-CO-20150708,20150708,train,31,45
sub-C_ses-CO-20150708,20150708,train,32,45
sub-C_ses-CO-20150708,20150708,train,33,49
sub-C_ses-CO-20150708,20150708,train,34,49
sub-C_ses-CO-20150708,20150708,train,35,49
sub-C_ses-CO-20150708,20150708,train,36,51
sub-C_ses-CO-20150708,20150708,train,37,51
sub-C_ses-CO-20150708,20150708,train,38,52
sub-C_ses-CO-20150708,20150708,train,39,53
sub-C_ses-CO-20150708,20150708,train,40,55
sub-C_ses-CO-20150708,20150708,train,41,55
sub-C_ses-CO-20150708,20150708,train,42,57
sub-C_ses-CO-20150708,20150708,train,43,61
sub-C_ses-CO-20150708,20150708,train,44,64
sub-C_ses-CO-20150708,20150708,train,45,65
sub-C_ses-CO-20150708,20150708,train,46,66
sub-C_ses-CO-20150708,20150708,train,47,66
sub-C_ses-CO-20150708,20150708,train,48,69
sub-C_ses-CO-20150708,20150708,train,49,78
sub-C_ses-CO-20150708,20150708,train,50,79
sub-C_ses-CO-20150708,20150708,train,51,80
sub-C_ses-CO-20150708,20150708,train,52,80
sub-C_ses-CO-20150708,20150708,train,53,80
sub-C_ses-CO-20150708,20150708,train,54,81
sub-C_ses-CO-20150708,20150708,train,55,82
sub-C_ses-CO-20150708,20150708,train,56,82
sub-C_ses-CO-20150708,20150708,train,57,84
sub-C_ses-CO-20150708,20150708,train,58,84
sub-C_ses-CO-20150708,20150708,train,59,84
sub-C_ses-CO-20150708,20150708,train,60,86
sub-C_ses-CO-20150708,20150708,train,61,87
sub-C_ses-CO-20150708,20150708,train,62,87
sub-C_ses-CO-20150708,20150708,train,63,89
sub-C_ses-CO-20150709,20150709,train,0,0
sub-C_ses-CO-20150709,20150709,train,1,1
sub-C_ses-CO-20150709,20150709,train,2,1
sub-C_ses-CO-20150709,20150709,train,3,1
sub-C_ses-CO-20150709,20150709,train,4,3
sub-C_ses-CO-20150709,20150709,train,5,3
sub-C_ses-CO-20150709,20150709,train,6,5
sub-C_ses-CO-20150709,20150709,train,7,6
sub-C_ses-CO-20150709,20150709,train,8,7
sub-C_ses-CO-20150709,20150709,train,9,7
sub-C_ses-CO-20150709,20150709,train,10,7
sub-C_ses-CO-20150709,20150709,train,11,7
sub-C_ses-CO-20150709,20150709,train,12,8
sub-C_ses-CO-20150709,20150709,train,13,8
sub-C_ses-CO-20150709,20150709,train,14,9
sub-C_ses-CO-20150709,20150709,train,15,9
sub-C_ses-CO-20150709,20150709,train,16,14
sub-C_ses-CO-20150709,20150709,train,17,14
sub-C_ses-CO-20150709,20150709,train,18,18
sub-C_ses-CO-20150709,20150709,train,19,20
sub-C_ses-CO-20150709,20150709,train,20,20
sub-C_ses-CO-20150709,20150709,train,21,20
sub-C_ses-CO-20150709,20150709,train,22,22
sub-C_ses-CO-20150709,20150709,train,23,23
sub-C_ses-CO-20150709,20150709,train,24,23
sub-C_ses-CO-20150709,20150709,train,25,27
sub-C_ses-CO-20150709,20150709,train,26,31
sub-C_ses-CO-20150709,20150709,train,27,31
sub-C_ses-CO-20150709,20150709,train,28,31
sub-C_ses-CO-20150709,20150709,train,29,31
sub-C_ses-CO-20150709,20150709,train,30,35
sub-C_ses-CO-20150709,20150709,train,31,37
sub-C_ses-CO-20150709,20150709,train,32,37
sub-C_ses-CO-20150709,20150709,train,33,39
sub-C_ses-CO-20150709,20150709,train,34,39
sub-C_ses-CO-20150709,20150709,train,35,43
sub-C_ses-CO-20150709,20150709,train,36,43
sub-C_ses-CO-20150709,20150709,train,37,45
sub-C_ses-CO-20150709,20150709,train,38,45
sub-C_ses-CO-20150709,20150709,train,39,45
sub-C_ses-CO-20150709,20150709,train,40,49
sub-C_ses-CO-20150709,20150709,train,41,49
sub-C_ses-CO-20150709,20150709,train,42,49
sub-C_ses-CO-20150709,20150709,train,43,50
sub-C_ses-CO-20150709,20150709,train,44,51
sub-C_ses-CO-20150709,20150709,train,45,51
sub-C_ses-CO-20150709,20150709,train,46,51
sub-C_ses-CO-20150709,20150709,train,47,52
sub-C_ses-CO-20150709,20150709,train,48,53
sub-C_ses-CO-20150709,20150709,train,49,53
sub-C_ses-CO-20150709,20150709,train,50,53
sub-C_ses-CO-20150709,20150709,train,51,55
sub-C_ses-CO-20150709,20150709,train,52,55
sub-C_ses-CO-20150709,20150709,train,53,57
sub-C_ses-CO-20150709,20150709,train,54,61
sub-C_ses-CO-20150709,20150709,train,55,64
sub-C_ses-CO-20150709,20150709,train,56,65
sub-C_ses-CO-20150709,20150709,train,57,66
sub-C_ses-CO-20150709,20150709,train,58,66
sub-C_ses-CO-20150709,20150709,train,59,66
sub-C_ses-CO-20150709,20150709,train,60,69
sub-C_ses-CO-20150710,20150710,train,0,0
sub-C_ses-CO-20150710,20150710,train,1,1
sub-C_ses-CO-20150710,20150710,train,2,1
sub-C_ses-CO-20150710,20150710,train,3,1
sub-C_ses-CO-20150710,20150710,train,4,3
sub-C_ses-CO-20150710,20150710,train,5,3
sub-C_ses-CO-20150710,20150710,train,6,5
sub-C_ses-CO-20150710,20150710,train,7,5
sub-C_ses-CO-20150710,20150710,train,8,7
sub-C_ses-CO-20150710,20150710,train,9,7
sub-C_ses-CO-20150710,20150710,train,10,7
sub-C_ses-CO-20150710,20150710,train,11,7
sub-C_ses-CO-20150710,20150710,train,12,8
sub-C_ses-CO-20150710,20150710,train,13,8
sub-C_ses-CO-20150710,20150710,train,14,9
sub-C_ses-CO-20150710,20150710,train,15,9
sub-C_ses-CO-20150710,20150710,train,16,14
sub-C_ses-CO-20150710,20150710,train,17,14
sub-C_ses-CO-20150710,20150710,train,18,18
sub-C_ses-CO-20150710,20150710,train,19,20
sub-C_ses-CO-20150710,20150710,train,20,20
sub-C_ses-CO-20150710,20150710,train,21,20
sub-C_ses-CO-20150710,20150710,train,22,23
sub-C_ses-CO-20150710,20150710,train,23,23
sub-C_ses-CO-20150710,20150710,train,24,27
sub-C_ses-CO-20150710,20150710,train,25,35
sub-C_ses-CO-20150710,20150710,train,26,37
sub-C_ses-CO-20150710,20150710,train,27,37
sub-C_ses-CO-20150710,20150710,train,28,39
sub-C_ses-CO-20150710,20150710,train,29,39
sub-C_ses-CO-20150710,20150710,train,30,43
sub-C_ses-CO-20150710,20150710,train,31,43
sub-C_ses-CO-20150710,20150710,train,32,45
sub-C_ses-CO-20150710,20150710,train,33,45
sub-C_ses-CO-20150710,20150710,train,34,45
sub-C_ses-CO-20150710,20150710,train,35,49
sub-C_ses-CO-20150710,20150710,train,36,49
sub-C_ses-CO-20150710,20150710,train,37,49
sub-C_ses-CO-20150710,20150710,train,38,50
sub-C_ses-CO-20150710,20150710,train,39,51
sub-C_ses-CO-20150710,20150710,train,40,51
sub-C_ses-CO-20150710,20150710,train,41,52
sub-C_ses-CO-20150710,20150710,train,42,53
sub-C_ses-CO-20150710,20150710,train,43,53
sub-C_ses-CO-20150710,20150710,train,44,53
sub-C_ses-CO-20150710,20150710,train,45,55
sub-C_ses-CO-20150710,20150710,train,46,55
sub-C_ses-CO-20150710,20150710,train,47,61
sub-C_ses-CO-20150710,20150710,train,48,64
sub-C_ses-CO-20150710,20150710,train,49,65
sub-C_ses-CO-20150710,20150710,train,50,66
sub-C_ses-CO-20150710,20150710,train,51,66
sub-C_ses-CO-20150710,20150710,train,52,66
sub-C_ses-CO-20150710,20150710,train,53,69
sub-C_ses-CO-20150710,20150710,train,54,69
sub-C_ses-CO-20150713,20150713,train,0,0
sub-C_ses-CO-20150713,20150713,train,1,1
sub-C_ses-CO-20150713,20150713,train,2,1
sub-C_ses-CO-20150713,20150713,train,3,1
sub-C_ses-CO-20150713,20150713,train,4,3
sub-C_ses-CO-20150713,20150713,train,5,3
sub-C_ses-CO-20150713,20150713,train,6,5
sub-C_ses-CO-20150713,20150713,train,7,5
sub-C_ses-CO-20150713,20150713,train,8,6
sub-C_ses-CO-20150713,20150713,train,9,7
sub-C_ses-CO-20150713,20150713,train,10,7
sub-C_ses-CO-20150713,20150713,train,11,7
sub-C_ses-CO-20150713,20150713,train,12,7
sub-C_ses-CO-20150713,20150713,train,13,8
sub-C_ses-CO-20150713,20150713,train,14,8
sub-C_ses-CO-20150713,20150713,train,15,9
sub-C_ses-CO-20150713,20150713,train,16,9
sub-C_ses-CO-20150713,20150713,train,17,12
sub-C_ses-CO-20150713,20150713,train,18,14
sub-C_ses-CO-20150713,20150713,train,19,14
sub-C_ses-CO-20150713,20150713,train,20,18
sub-C_ses-CO-20150713,20150713,train,21,18
sub-C_ses-CO-20150713,20150713,train,22,20
sub-C_ses-CO-20150713,20150713,train,23,20
sub-C_ses-CO-20150713,20150713,train,24,20
sub-C_ses-CO-20150713,20150713,train,25,23
sub-C_ses-CO-20150713,20150713,train,26,23
sub-C_ses-CO-20150713,20150713,train,27,27
sub-C_ses-CO-20150713,20150713,train,28,31
sub-C_ses-CO-20150713,20150713,train,29,31
sub-C_ses-CO-20150713,20150713,train,30,31
sub-C_ses-CO-20150713,20150713,train,31,35
sub-C_ses-CO-20150713,20150713,train,32,37
sub-C_ses-CO-20150713,20150713,train,33,37
sub-C_ses-CO-20150713,20150713,train,34,39
sub-C_ses-CO-20150713,20150713,train,35,39
sub-C_ses-CO-20150713,20150713,train,36,41
sub-C_ses-CO-20150713,20150713,train,37,43
sub-C_ses-CO-20150713,20150713,train,38,45
sub-C_ses-CO-20150713,20150713,train,39,49
sub-C_ses-CO-20150713,20150713,train,40,49
sub-C_ses-CO-20150713,20150713,train,41,49
sub-C_ses-CO-20150713,20150713,train,42,50
sub-C_ses-CO-20150713,20150713,train,43,51
sub-C_ses-CO-20150713,20150713,train,44,51
sub-C_ses-CO-20150713,20150713,train,45,52
sub-C_ses-CO-20150713,20150713,train,46,53
sub-C_ses-CO-20150713,20150713,train,47,53
sub-C_ses-CO-20150713,20150713,train,48,55
sub-C_ses-CO-20150713,20150713,train,49,57
sub-C_ses-CO-20150713,20150713,train,50,61
sub-C_ses-CO-20150713,20150713,train,51,64
sub-C_ses-CO-20150713,20150713,train,52,65
sub-C_ses-CO-20150713,20150713,train,53,66
sub-C_ses-CO-20150713,20150713,train,54,66
sub-C_ses-CO-20150713,20150713,train,55,69
sub-C_ses-CO-20150713,20150713,train,56,69
sub-C_ses-CO-20150713,20150713,train,57,72
sub-C_ses-CO-20150714,20150714,train,0,0
sub-C_ses-CO-20150714,20150714,train,1,1
sub-C_ses-CO-20150714,20150714,train,2,1
sub-C_ses-CO-20150714,20150714,train,3,1
sub-C_ses-CO-20150714,20150714,train,4,3
sub-C_ses-CO-20150714,20150714,train,5,3
sub-C_ses-CO-20150714,20150714,train,6,5
sub-C_ses-CO-20150714,20150714,train,7,6
sub-C_ses-CO-20150714,20150714,train,8,7
sub-C_ses-CO-20150714,20150714,train,9,7
sub-C_ses-CO-20150714,20150714,train,10,7
sub-C_ses-CO-20150714,20150714,train,11,7
sub-C_ses-CO-20150714,20150714,train,12,8
sub-C_ses-CO-20150714,20150714,train,13,9
sub-C_ses-CO-20150714,20150714,train,14,9
sub-C_ses-CO-20150714,20150714,train,15,14
sub-C_ses-CO-20150714,20150714,train,16,14
sub-C_ses-CO-20150714,20150714,train,17,18
sub-C_ses-CO-20150714,20150714,train,18,18
sub-C_ses-CO-20150714,20150714,train,19,20
sub-C_ses-CO-20150714,20150714,train,20,20
sub-C_ses-CO-20150714,20150714,train,21,20
sub-C_ses-CO-20150714,20150714,train,22,22
sub-C_ses-CO-20150714,20150714,train,23,23
sub-C_ses-CO-20150714,20150714,train,24,23
sub-C_ses-CO-20150714,20150714,train,25,27
sub-C_ses-CO-20150714,20150714,train,26,27
sub-C_ses-CO-20150714,20150714,train,27,31
sub-C_ses-CO-20150714,20150714,train,28,31
sub-C_ses-CO-20150714,20150714,train,29,31
sub-C_ses-CO-20150714,20150714,train,30,35
sub-C_ses-CO-20150714,20150714,train,31,37
sub-C_ses-CO-20150714,20150714,train,32,37
sub-C_ses-CO-20150714,20150714,train,33,39
sub-C_ses-CO-20150714,20150714,train,34,39
sub-C_ses-CO-20150714,20150714,train,35,41
sub-C_ses-CO-20150714,20150714,train,36,43
sub-C_ses-CO-20150714,20150714,train,37,45
sub-C_ses-CO-20150714,20150714,train,38,45
sub-C_ses-CO-20150714,20150714,train,39,47
sub-C_ses-CO-20150714,20150714,train,40,49
sub-C_ses-CO-20150714,20150714,train,41,49
sub-C_ses-CO-20150714,20150714,train,42,49
sub-C_ses-CO-20150714,20150714,train,43,50
sub-C_ses-CO-20150714,20150714,train,44,50
sub-C_ses-CO-20150714,20150714,train,45,51
sub-C_ses-CO-20150714,20150714,train,46,51
sub-C_ses-CO-20150714,20150714,train,47,52
sub-C_ses-CO-20150714,20150714,train,48,55
sub-C_ses-CO-20150714,20150714,train,49,55
sub-C_ses-CO-20150714,20150714,train,50,57
sub-C_ses-CO-20150714,20150714,train,51,57
sub-C_ses-CO-20150714,20150714,train,52,61
sub-C_ses-CO-20150714,20150714,train,53,61
sub-C_ses-CO-20150714,20150714,train,54,64
sub-C_ses-CO-20150714,20150714,train,55,65
sub-C_ses-CO-20150714,20150714,train,56,66
sub-C_ses-CO-20150714,20150714,train,57,66
sub-C_ses-CO-20150714,20150714,train,58,69
sub-C_ses-CO-20150714,20150714,train,59,80
sub-C_ses-CO-20150714,20150714,train,60,80
sub-C_ses-CO-20150714,20150714,train,61,82
sub-C_ses-CO-20150714,20150714,train,62,82
sub-C_ses-CO-20150714,20150714,train,63,84
sub-C_ses-CO-20150714,20150714,train,64,84
sub-C_ses-CO-20150714,20150714,train,65,84
sub-C_ses-CO-20150715,20150715,train,0,0
sub-C_ses-CO-20150715,20150715,train,1,1
sub-C_ses-CO-20150715,20150715,train,2,1
sub-C_ses-CO-20150715,20150715,train,3,1
sub-C_ses-CO-20150715,20150715,train,4,3
sub-C_ses-CO-20150715,20150715,train,5,3
sub-C_ses-CO-20150715,20150715,train,6,5
sub-C_ses-CO-20150715,20150715,train,7,6
sub-C_ses-CO-20150715,20150715,train,8,7
sub-C_ses-CO-20150715,20150715,train,9,7
sub-C_ses-CO-20150715,20150715,train,10,7
sub-C_ses-CO-20150715,20150715,train,11,7
sub-C_ses-CO-20150715,20150715,train,12,8
sub-C_ses-CO-20150715,20150715,train,13,9
sub-C_ses-CO-20150715,20150715,train,14,9
sub-C_ses-CO-20150715,20150715,train,15,14
sub-C_ses-CO-20150715,20150715,train,16,14
sub-C_ses-CO-20150715,20150715,train,17,16
sub-C_ses-CO-20150715,20150715,train,18,18
sub-C_ses-CO-20150715,20150715,train,19,20
sub-C_ses-CO-20150715,20150715,train,20,20
sub-C_ses-CO-20150715,20150715,train,21,20
sub-C_ses-CO-20150715,20150715,train,22,23
sub-C_ses-CO-20150715,20150715,train,23,23
sub-C_ses-CO-20150715,20150715,train,24,27
sub-C_ses-CO-20150715,20150715,train,25,27
sub-C_ses-CO-20150715,20150715,train,26,31
sub-C_ses-CO-20150715,20150715,train,27,31
sub-C_ses-CO-20150715,20150715,train,28,31
sub-C_ses-CO-20150715,20150715,train,29,35
sub-C_ses-CO-20150715,20150715,train,30,37
sub-C_ses-CO-20150715,20150715,train,31,37
sub-C_ses-CO-20150715,20150715,train,32,39
sub-C_ses-CO-20150715,20150715,train,33,39
sub-C_ses-CO-20150715,20150715,train,34,43
sub-C_ses-CO-20150715,20150715,train,35,45
sub-C_ses-CO-20150715,20150715,train,36,49
sub-C_ses-CO-20150715,20150715,train,37,49
sub-C_ses-CO-20150715,20150715,train,38,49
sub-C_ses-CO-20150715,20150715,train,39,50
sub-C_ses-CO-20150715,20150715,train,40,50
sub-C_ses-CO-20150715,20150715,train,41,51
sub-C_ses-CO-20150715,20150715,train,42,51
sub-C_ses-CO-20150715,20150715,train,43,52
sub-C_ses-CO-20150715,20150715,train,44,55
sub-C_ses-CO-20150715,20150715,train,45,55
sub-C_ses-CO-20150715,20150715,train,46,57
sub-C_ses-CO-20150715,20150715,train,47,61
sub-C_ses-CO-20150715,20150715,train,48,61
sub-C_ses-CO-20150715,20150715,train,49,62
sub-C_ses-CO-20150715,20150715,train,50,64
sub-C_ses-CO-20150715,20150715,train,51,65
sub-C_ses-CO-20150715,20150715,train,52,66
sub-C_ses-CO-20150715,20150715,train,53,66
sub-C_ses-CO-20150715,20150715,train,54,69
sub-C_ses-CO-20150715,20150715,train,55,80
sub-C_ses-CO-20150715,20150715,train,56,80
sub-C_ses-CO-20150715,20150715,train,57,82
sub-C_ses-CO-20150715,20150715,train,58,84
sub-C_ses-CO-20150715,20150715,train,59,84
sub-C_ses-CO-20150716,20150716,train,0,0
sub-C_ses-CO-20150716,20150716,train,1,1
sub-C_ses-CO-20150716,20150716,train,2,1
sub-C_ses-CO-20150716,20150716,train,3,1
sub-C_ses-CO-20150716,20150716,train,4,3
sub-C_ses-CO-20150716,20150716,train,5,3
sub-C_ses-CO-20150716,20150716,train,6,5
sub-C_ses-CO-20150716,20150716,train,7,5
sub-C_ses-CO-20150716,20150716,train,8,6
sub-C_ses-CO-20150716,20150716,train,9,7
sub-C_ses-CO-20150716,20150716,train,10,7
sub-C_ses-CO-20150716,20150716,train,11,7
sub-C_ses-CO-20150716,20150716,train,12,7
sub-C_ses-CO-20150716,20150716,train,13,8
sub-C_ses-CO-20150716,20150716,train,14,8
sub-C_ses-CO-20150716,20150716,train,15,9
sub-C_ses-CO-20150716,20150716,train,16,9
sub-C_ses-CO-20150716,20150716,train,17,14
sub-C_ses-CO-20150716,20150716,train,18,14
sub-C_ses-CO-20150716,20150716,train,19,16
sub-C_ses-CO-20150716,20150716,train,20,18
sub-C_ses-CO-20150716,20150716,train,21,19
sub-C_ses-CO-20150716,20150716,train,22,20
sub-C_ses-CO-20150716,20150716,train,23,20
sub-C_ses-CO-20150716,20150716,train,24,20
sub-C_ses-CO-20150716,20150716,train,25,23
sub-C_ses-CO-20150716,20150716,train,26,23
sub-C_ses-CO-20150716,20150716,train,27,27
sub-C_ses-CO-20150716,20150716,train,28,27
sub-C_ses-CO-20150716,20150716,train,29,31
sub-C_ses-CO-20150716,20150716,train,30,31
sub-C_ses-CO-20150716,20150716,train,31,31
sub-C_ses-CO-20150716,20150716,train,32,35
sub-C_ses-CO-20150716,20150716,train,33,37
sub-C_ses-CO-20150716,20150716,train,34,37
sub-C_ses-CO-20150716,20150716,train,35,39
sub-C_ses-CO-20150716,20150716,train,36,39
sub-C_ses-CO-20150716,20150716,train,37,43
sub-C_ses-CO-20150716,20150716,train,38,45
sub-C_ses-CO-20150716,20150716,train,39,49
sub-C_ses-CO-20150716,20150716,train,40,49
sub-C_ses-CO-20150716,20150716,train,41,49
sub-C_ses-CO-20150716,20150716,train,42,50
sub-C_ses-CO-20150716,20150716,train,43,50
sub-C_ses-CO-20150716,20150716,train,44,51
sub-C_ses-CO-20150716,20150716,train,45,51
sub-C_ses-CO-20150716,20150716,train,46,52
sub-C_ses-CO-20150716,20150716,train,47,53
sub-C_ses-CO-20150716,20150716,train,48,53
sub-C_ses-CO-20150716,20150716,train,49,53
sub-C_ses-CO-20150716,20150716,train,50,54
sub-C_ses-CO-20150716,20150716,train,51,55
sub-C_ses-CO-20150716,20150716,train,52,55
sub-C_ses-CO-20150716,20150716,train,53,57
sub-C_ses-CO-20150716,20150716,train,54,61
sub-C_ses-CO-20150716,20150716,train,55,61
sub-C_ses-CO-20150716,20150716,train,56,64
sub-C_ses-CO-20150716,20150716,train,57,65
sub-C_ses-CO-20150716,20150716,train,58,66
sub-C_ses-CO-20150716,20150716,train,59,66
sub-C_ses-CO-20150716,20150716,train,60,69
sub-C_ses-CO-20151103,20151103,dev,0,0
sub-C_ses-CO-20151103,20151103,dev,1,0
sub-C_ses-CO-20151103,20151103,dev,2,1
sub-C_ses-CO-20151103,20151103,dev,3,2
sub-C_ses-CO-20151103,20151103,dev,4,7
sub-C_ses-CO-20151103,20151103,dev,5,8
sub-C_ses-CO-20151103,20151103,dev,6,8
sub-C_ses-CO-20151103,20151103,dev,7,8
sub-C_ses-CO-20151103,20151103,dev,8,20
sub-C_ses-CO-20151103,20151103,dev,9,20
sub-C_ses-CO-20151103,20151103,dev,10,23
sub-C_ses-CO-20151103,20151103,dev,11,23
sub-C_ses-CO-20151103,20151103,dev,12,23
sub-C_ses-CO-20151103,20151103,dev,13,25
sub-C_ses-CO-20151103,20151103,dev,14,27
sub-C_ses-CO-20151103,20151103,dev,15,39
sub-C_ses-CO-20151103,20151103,dev,16,45
sub-C_ses-CO-20151103,20151103,dev,17,45
sub-C_ses-CO-20151103,20151103,dev,18,49
sub-C_ses-CO-20151103,20151103,dev,19,49
sub-C_ses-CO-20151103,20151103,dev,20,52
sub-C_ses-CO-20151103,20151103,dev,21,55
sub-C_ses-CO-20151103,20151103,dev,22,57
sub-C_ses-CO-20151103,20151103,dev,23,61
sub-C_ses-CO-20151103,20151103,dev,24,61
sub-C_ses-CO-20151103,20151103,dev,25,62
sub-C_ses-CO-20151103,20151103,dev,26,64
sub-C_ses-CO-20151103,20151103,dev,27,65
sub-C_ses-CO-20151103,20151103,dev,28,82
sub-C_ses-CO-20151103,20151103,dev,29,82
sub-C_ses-CO-20151103,20151103,dev,30,82
sub-C_ses-CO-20151103,20151103,dev,31,82
sub-C_ses-CO-20151103,20151103,dev,32,84
sub-C_ses-CO-20151103,20151103,dev,33,87
sub-C_ses-CO-20151103,20151103,dev,34,87
sub-C_ses-CO-20151103,20151103,dev,35,89
sub-C_ses-CO-20151103,20151103,dev,36,90
sub-C_ses-CO-20151103,20151103,dev,37,91
sub-C_ses-CO-20151104,20151104,dev,0,0
sub-C_ses-CO-20151104,20151104,dev,1,0
sub-C_ses-CO-20151104,20151104,dev,2,3
sub-C_ses-CO-20151104,20151104,dev,3,4
sub-C_ses-CO-20151104,20151104,dev,4,6
sub-C_ses-CO-20151104,20151104,dev,5,7
sub-C_ses-CO-20151104,20151104,dev,6,8
sub-C_ses-CO-20151104,20151104,dev,7,8
sub-C_ses-CO-20151104,20151104,dev,8,8
sub-C_ses-CO-20151104,20151104,dev,9,9
sub-C_ses-CO-20151104,20151104,dev,10,16
sub-C_ses-CO-20151104,20151104,dev,11,18
sub-C_ses-CO-20151104,20151104,dev,12,20
sub-C_ses-CO-20151104,20151104,dev,13,20
sub-C_ses-CO-20151104,20151104,dev,14,23
sub-C_ses-CO-20151104,20151104,dev,15,23
sub-C_ses-CO-20151104,20151104,dev,16,23
sub-C_ses-CO-20151104,20151104,dev,17,25
sub-C_ses-CO-20151104,20151104,dev,18,27
sub-C_ses-CO-20151104,20151104,dev,19,31
sub-C_ses-CO-20151104,20151104,dev,20,31
sub-C_ses-CO-20151104,20151104,dev,21,33
sub-C_ses-CO-20151104,20151104,dev,22,37
sub-C_ses-CO-20151104,20151104,dev,23,39
sub-C_ses-CO-20151104,20151104,dev,24,43
sub-C_ses-CO-20151104,20151104,dev,25,45
sub-C_ses-CO-20151104,20151104,dev,26,45
sub-C_ses-CO-20151104,20151104,dev,27,47
sub-C_ses-CO-20151104,20151104,dev,28,49
sub-C_ses-CO-20151104,20151104,dev,29,49
sub-C_ses-CO-20151104,20151104,dev,30,50
sub-C_ses-CO-20151104,20151104,dev,31,51
sub-C_ses-CO-20151104,20151104,dev,32,57
sub-C_ses-CO-20151104,20151104,dev,33,61
sub-C_ses-CO-20151104,20151104,dev,34,61
sub-C_ses-CO-20151104,20151104,dev,35,62
sub-C_ses-CO-20151104,20151104,dev,36,63
sub-C_ses-CO-20151104,20151104,dev,37,63
sub-C_ses-CO-20151104,20151104,dev,38,64
sub-C_ses-CO-20151104,20151104,dev,39,65
sub-C_ses-CO-20151104,20151104,dev,40,69
sub-C_ses-CO-20151104,20151104,dev,41,73
sub-C_ses-CO-20151104,20151104,dev,42,79
sub-C_ses-CO-20151104,20151104,dev,43,81
sub-C_ses-CO-20151104,20151104,dev,44,82
sub-C_ses-CO-20151104,20151104,dev,45,82
sub-C_ses-CO-20151104,20151104,dev,46,82
sub-C_ses-CO-20151104,20151104,dev,47,82
sub-C_ses-CO-20151104,20151104,dev,48,84
sub-C_ses-CO-20151104,20151104,dev,49,84
sub-C_ses-CO-20151104,20151104,dev,50,87
sub-C_ses-CO-20151104,20151104,dev,51,87
sub-C_ses-CO-20151104,20151104,dev,52,87
sub-C_ses-CO-20151104,20151104,dev,53,88
sub-C_ses-CO-20151104,20151104,dev,54,89
sub-C_ses-CO-20151104,20151104,dev,55,89
sub-C_ses-CO-20151104,20151104,dev,56,90
sub-C_ses-CO-20151104,20151104,dev,57,91
sub-C_ses-CO-20151104,20151104,dev,58,91
sub-C_ses-CO-20151106,20151106,dev,0,0
sub-C_ses-CO-20151106,20151106,dev,1,0
sub-C_ses-CO-20151106,20151106,dev,2,3
sub-C_ses-CO-20151106,20151106,dev,3,4
sub-C_ses-CO-20151106,20151106,dev,4,6
sub-C_ses-CO-20151106,20151106,dev,5,7
sub-C_ses-CO-20151106,20151106,dev,6,7
sub-C_ses-CO-20151106,20151106,dev,7,8
sub-C_ses-CO-20151106,20151106,dev,8,8
sub-C_ses-CO-20151106,20151106,dev,9,8
sub-C_ses-CO-20151106,20151106,dev,10,15
sub-C_ses-CO-20151106,20151106,dev,11,16
sub-C_ses-CO-20151106,20151106,dev,12,18
sub-C_ses-CO-20151106,20151106,dev,13,20
sub-C_ses-CO-20151106,20151106,dev,14,20
sub-C_ses-CO-20151106,20151106,dev,15,20
sub-C_ses-CO-20151106,20151106,dev,16,23
sub-C_ses-CO-20151106,20151106,dev,17,23
sub-C_ses-CO-20151106,20151106,dev,18,23
sub-C_ses-CO-20151106,20151106,dev,19,25
sub-C_ses-CO-20151106,20151106,dev,20,27
sub-C_ses-CO-20151106,20151106,dev,21,30
sub-C_ses-CO-20151106,20151106,dev,22,31
sub-C_ses-CO-20151106,20151106,dev,23,31
sub-C_ses-CO-20151106,20151106,dev,24,31
sub-C_ses-CO-20151106,20151106,dev,25,37
sub-C_ses-CO-20151106,20151106,dev,26,39
sub-C_ses-CO-20151106,20151106,dev,27,43
sub-C_ses-CO-20151106,20151106,dev,28,45
sub-C_ses-CO-20151106,20151106,dev,29,45
sub-C_ses-CO-20151106,20151106,dev,30,49
sub-C_ses-CO-20151106,20151106,dev,31,49
sub-C_ses-CO-20151106,20151106,dev,32,50
sub-C_ses-CO-20151106,20151106,dev,33,51
sub-C_ses-CO-20151106,20151106,dev,34,52
sub-C_ses-CO-20151106,20151106,dev,35,55
sub-C_ses-CO-20151106,20151106,dev,36,60
sub-C_ses-CO-20151106,20151106,dev,37,61
sub-C_ses-CO-20151106,20151106,dev,38,61
sub-C_ses-CO-20151106,20151106,dev,39,62
sub-C_ses-CO-20151106,20151106,dev,40,63
sub-C_ses-CO-20151106,20151106,dev,41,64
sub-C_ses-CO-20151106,20151106,dev,42,65
sub-C_ses-CO-20151106,20151106,dev,43,69
sub-C_ses-CO-20151106,20151106,dev,44,80
sub-C_ses-CO-20151106,20151106,dev,45,80
sub-C_ses-CO-20151106,20151106,dev,46,80
sub-C_ses-CO-20151106,20151106,dev,47,82
sub-C_ses-CO-20151106,20151106,dev,48,82
sub-C_ses-CO-20151106,20151106,dev,49,82
sub-C_ses-CO-20151106,20151106,dev,50,84
sub-C_ses-CO-20151106,20151106,dev,51,86
sub-C_ses-CO-20151106,20151106,dev,52,87
sub-C_ses-CO-20151106,20151106,dev,53,87
sub-C_ses-CO-20151106,20151106,dev,54,87
sub-C_ses-CO-20151106,20151106,dev,55,88
sub-C_ses-CO-20151106,20151106,dev,56,89
sub-C_ses-CO-20151106,20151106,dev,57,89
sub-C_ses-CO-20151106,20151106,dev,58,91
sub-C_ses-CO-20151106,20151106,dev,59,91
sub-C_ses-CO-20151109,20151109,dev,0,0
sub-C_ses-CO-20151109,20151109,dev,1,0
sub-C_ses-CO-20151109,20151109,dev,2,3
sub-C_ses-CO-20151109,20151109,dev,3,4
sub-C_ses-CO-20151109,20151109,dev,4,4
sub-C_ses-CO-20151109,20151109,dev,5,6
sub-C_ses-CO-20151109,20151109,dev,6,7
sub-C_ses-CO-20151109,20151109,dev,7,7
sub-C_ses-CO-20151109,20151109,dev,8,8
sub-C_ses-CO-20151109,20151109,dev,9,8
sub-C_ses-CO-20151109,20151109,dev,10,8
sub-C_ses-CO-20151109,20151109,dev,11,8
sub-C_ses-CO-20151109,20151109,dev,12,9
sub-C_ses-CO-20151109,20151109,dev,13,14
sub-C_ses-CO-20151109,20151109,dev,14,16
sub-C_ses-CO-20151109,20151109,dev,15,18
sub-C_ses-CO-20151109,20151109,dev,16,20
sub-C_ses-CO-20151109,20151109,dev,17,20
sub-C_ses-CO-20151109,20151109,dev,18,20
sub-C_ses-CO-20151109,20151109,dev,19,23
sub-C_ses-CO-20151109,20151109,dev,20,23
sub-C_ses-CO-20151109,20151109,dev,21,23
sub-C_ses-CO-20151109,20151109,dev,22,24
sub-C_ses-CO-20151109,20151109,dev,23,24
sub-C_ses-CO-20151109,20151109,dev,24,25
sub-C_ses-CO-20151109,20151109,dev,25,31
sub-C_ses-CO-20151109,20151109,dev,26,31
sub-C_ses-CO-20151109,20151109,dev,27,31
sub-C_ses-CO-20151109,20151109,dev,28,33
sub-C_ses-CO-20151109,20151109,dev,29,35
sub-C_ses-CO-20151109,20151109,dev,30,37
sub-C_ses-CO-20151109,20151109,dev,31,39
sub-C_ses-CO-20151109,20151109,dev,32,42
sub-C_ses-CO-20151109,20151109,dev,33,43
sub-C_ses-CO-20151109,20151109,dev,34,45
sub-C_ses-CO-20151109,20151109,dev,35,45
sub-C_ses-CO-20151109,20151109,dev,36,47
sub-C_ses-CO-20151109,20151109,dev,37,49
sub-C_ses-CO-20151109,20151109,dev,38,49
sub-C_ses-CO-20151109,20151109,dev,39,51
sub-C_ses-CO-20151109,20151109,dev,40,52
sub-C_ses-CO-20151109,20151109,dev,41,53
sub-C_ses-CO-20151109,20151109,dev,42,55
sub-C_ses-CO-20151109,20151109,dev,43,61
sub-C_ses-CO-20151109,20151109,dev,44,61
sub-C_ses-CO-20151109,20151109,dev,45,62
sub-C_ses-CO-20151109,20151109,dev,46,64
sub-C_ses-CO-20151109,20151109,dev,47,65
sub-C_ses-CO-20151109,20151109,dev,48,69
sub-C_ses-CO-20151109,20151109,dev,49,80
sub-C_ses-CO-20151109,20151109,dev,50,80
sub-C_ses-CO-20151109,20151109,dev,51,80
sub-C_ses-CO-20151109,20151109,dev,52,82
sub-C_ses-CO-20151109,20151109,dev,53,82
sub-C_ses-CO-20151109,20151109,dev,54,82
sub-C_ses-CO-20151109,20151109,dev,55,84
sub-C_ses-CO-20151109,20151109,dev,56,84
sub-C_ses-CO-20151109,20151109,dev,57,86
sub-C_ses-CO-20151109,20151109,dev,58,87
sub-C_ses-CO-20151109,20151109,dev,59,87
sub-C_ses-CO-20151109,20151109,dev,60,87
sub-C_ses-CO-20151109,20151109,dev,61,88
sub-C_ses-CO-20151109,20151109,dev,62,89
sub-C_ses-CO-20151109,20151109,dev,63,89
sub-C_ses-CO-20151109,20151109,dev,64,91
sub-C_ses-CO-20151110,20151110,dev,0,0
sub-C_ses-CO-20151110,20151110,dev,1,0
sub-C_ses-CO-20151110,20151110,dev,2,3
sub-C_ses-CO-20151110,20151110,dev,3,4
sub-C_ses-CO-20151110,20151110,dev,4,4
sub-C_ses-CO-20151110,20151110,dev,5,6
sub-C_ses-CO-20151110,20151110,dev,6,7
sub-C_ses-CO-20151110,20151110,dev,7,7
sub-C_ses-CO-20151110,20151110,dev,8,8
sub-C_ses-CO-20151110,20151110,dev,9,8
sub-C_ses-CO-20151110,20151110,dev,10,8
sub-C_ses-CO-20151110,20151110,dev,11,9
sub-C_ses-CO-20151110,20151110,dev,12,14
sub-C_ses-CO-20151110,20151110,dev,13,16
sub-C_ses-CO-20151110,20151110,dev,14,18
sub-C_ses-CO-20151110,20151110,dev,15,20
sub-C_ses-CO-20151110,20151110,dev,16,20
sub-C_ses-CO-20151110,20151110,dev,17,20
sub-C_ses-CO-20151110,20151110,dev,18,23
sub-C_ses-CO-20151110,20151110,dev,19,23
sub-C_ses-CO-20151110,20151110,dev,20,23
sub-C_ses-CO-20151110,20151110,dev,21,25
sub-C_ses-CO-20151110,20151110,dev,22,31
sub-C_ses-CO-20151110,20151110,dev,23,31
sub-C_ses-CO-20151110,20151110,dev,24,31
sub-C_ses-CO-20151110,20151110,dev,25,33
sub-C_ses-CO-20151110,20151110,dev,26,37
sub-C_ses-CO-20151110,20151110,dev,27,39
sub-C_ses-CO-20151110,20151110,dev,28,43
sub-C_ses-CO-20151110,20151110,dev,29,45
sub-C_ses-CO-20151110,20151110,dev,30,45
sub-C_ses-CO-20151110,20151110,dev,31,47
sub-C_ses-CO-20151110,20151110,dev,32,49
sub-C_ses-CO-20151110,20151110,dev,33,49
sub-C_ses-CO-20151110,20151110,dev,34,50
sub-C_ses-CO-20151110,20151110,dev,35,51
sub-C_ses-CO-20151110,20151110,dev,36,52
sub-C_ses-CO-20151110,20151110,dev,37,53
sub-C_ses-CO-20151110,20151110,dev,38,55
sub-C_ses-CO-20151110,20151110,dev,39,61
sub-C_ses-CO-20151110,20151110,dev,40,61
sub-C_ses-CO-20151110,20151110,dev,41,62
sub-C_ses-CO-20151110,20151110,dev,42,64
sub-C_ses-CO-20151110,20151110,dev,43,65
sub-C_ses-CO-20151110,20151110,dev,44,69
sub-C_ses-CO-20151110,20151110,dev,45,79
sub-C_ses-CO-20151110,20151110,dev,46,80
sub-C_ses-CO-20151110,20151110,dev,47,80
sub-C_ses-CO-20151110,20151110,dev,48,80
sub-C_ses-CO-20151110,20151110,dev,49,82
sub-C_ses-CO-20151110,20151110,dev,50,82
sub-C_ses-CO-20151110,20151110,dev,51,82
sub-C_ses-CO-20151110,20151110,dev,52,84
sub-C_ses-CO-20151110,20151110,dev,53,84
sub-C_ses-CO-20151110,20151110,dev,54,87
sub-C_ses-CO-20151110,20151110,dev,55,87
sub-C_ses-CO-20151110,20151110,dev,56,87
sub-C_ses-CO-20151110,20151110,dev,57,88
sub-C_ses-CO-20151110,20151110,dev,58,89
sub-C_ses-CO-20151110,20151110,dev,59,89
sub-C_ses-CO-20151110,20151110,dev,60,91
sub-C_ses-CO-20151112,20151112,dev,0,0
sub-C_ses-CO-20151112,20151112,dev,1,0
sub-C_ses-CO-20151112,20151112,dev,2,1
sub-C_ses-CO-20151112,20151112,dev,3,2
sub-C_ses-CO-20151112,20151112,dev,4,4
sub-C_ses-CO-20151112,20151112,dev,5,7
sub-C_ses-CO-20151112,20151112,dev,6,8
sub-C_ses-CO-20151112,20151112,dev,7,8
sub-C_ses-CO-20151112,20151112,dev,8,8
sub-C_ses-CO-20151112,20151112,dev,9,9
sub-C_ses-CO-20151112,20151112,dev,10,14
sub-C_ses-CO-20151112,20151112,dev,11,16
sub-C_ses-CO-20151112,20151112,dev,12,18
sub-C_ses-CO-20151112,20151112,dev,13,20
sub-C_ses-CO-20151112,20151112,dev,14,20
sub-C_ses-CO-20151112,20151112,dev,15,23
sub-C_ses-CO-20151112,20151112,dev,16,31
sub-C_ses-CO-20151112,20151112,dev,17,37
sub-C_ses-CO-20151112,20151112,dev,18,39
sub-C_ses-CO-20151112,20151112,dev,19,43
sub-C_ses-CO-20151112,20151112,dev,20,45
sub-C_ses-CO-20151112,20151112,dev,21,47
sub-C_ses-CO-20151112,20151112,dev,22,49
sub-C_ses-CO-20151112,20151112,dev,23,51
sub-C_ses-CO-20151112,20151112,dev,24,55
sub-C_ses-CO-20151112,20151112,dev,25,61
sub-C_ses-CO-20151112,20151112,dev,26,62
sub-C_ses-CO-20151112,20151112,dev,27,63
sub-C_ses-CO-20151112,20151112,dev,28,63
sub-C_ses-CO-20151112,20151112,dev,29,64
sub-C_ses-CO-20151112,20151112,dev,30,65
sub-C_ses-CO-20151112,20151112,dev,31,79
sub-C_ses-CO-20151112,20151112,dev,32,80
sub-C_ses-CO-20151112,20151112,dev,33,80
sub-C_ses-CO-20151112,20151112,dev,34,82
sub-C_ses-CO-20151112,20151112,dev,35,82
sub-C_ses-CO-20151112,20151112,dev,36,82
sub-C_ses-CO-20151112,20151112,dev,37,84
sub-C_ses-CO-20151112,20151112,dev,38,87
sub-C_ses-CO-20151112,20151112,dev,39,87
sub-C_ses-CO-20151112,20151112,dev,40,88
sub-C_ses-CO-20151112,20151112,dev,41,91
