left_tag,right_tag,left_date,right_date,day_gap,pair_group,n_fixed_columns,flattened_r_actual,rmse_fixed_source_normalized_units,null_r_mean,null_r_sd,r_axis_1,r_axis_2,r_axis_3,r_axis_4
S0_set_1,S0_set_2,1925-01-01,1925-01-01,0,same_date_different_recording,176,0.3740197121417582,1.2870320081710815,0.003890949801333503,0.03156223749191376,0.7958462873427519,0.5788838837459311,0.233992112727084,0.0708331147213064
S0_set_1,S1_set_1,1925-01-01,1925-01-08,7,different_date,176,0.4252717680738467,1.141235589981079,-0.0041683691817020335,0.03971757823983126,0.7516859712985136,0.5051938543823586,0.0962649708075138,0.1907343286484574
S0_set_1,S1_set_2,1925-01-01,1925-01-08,7,different_date,176,0.3972513434046391,1.1904741525650024,-0.006141728420387231,0.03675465655078805,0.7714809312604038,0.3546104787087669,0.14673434346026656,0.27195096314533196
S0_set_1,S1_set_3,1925-01-01,1925-01-08,7,different_date,176,0.30246552037874014,1.280968189239502,-0.01036514620307158,0.032713948343803805,0.6577255199343521,0.3447341498048458,0.17272719539044273,0.0475295996563318
S0_set_1,S2_set_1,1925-01-01,1925-01-13,12,different_date,176,0.4726179815379801,1.1243661642074585,-0.004187908161533427,0.03843978311224604,0.720229432701962,0.48558140707337966,0.1853389874028073,0.2615705383700434
S0_set_1,S2_set_2,1925-01-01,1925-01-13,12,different_date,176,0.32121710341708326,1.2781494855880737,-0.014996584557605976,0.03893212495065034,0.6541289876009446,0.3615961240639276,0.21797406642230108,0.17217768470315392
S0_set_1,S3_set_1,1925-01-01,1925-01-15,14,different_date,176,0.3521467228002905,1.2648875713348389,0.009127245008210329,0.03568435983791883,0.6886429967510971,0.4737680847290134,0.15346874769153737,0.0980296523070617
S0_set_1,S3_set_2,1925-01-01,1925-01-15,14,different_date,176,0.3813099229552084,1.2992252111434937,-0.003996860934386956,0.032187106198387994,0.6939530710783033,0.4690069196902834,0.267607038617074,0.2764685146698891
S0_set_1,S4_set_1,1925-01-01,1925-01-19,18,different_date,176,0.38126492440043347,1.2183326482772827,0.0060856457245197695,0.037071574582442444,0.6866206572032802,0.3620537987791972,0.2084001377846933,0.23638371212793918
S0_set_1,S4_set_2,1925-01-01,1925-01-19,18,different_date,176,0.4483738920956505,1.1145679950714111,0.0024153453089373195,0.03425396512172928,0.7366859500657487,0.46523409132899546,0.2699346328938189,0.2507520502914392
S0_set_1,S5_set_1,1925-01-01,1925-01-20,19,different_date,176,0.4680960618102107,1.1093497276306152,-0.0003447782100638791,0.04251674130168328,0.6938515887905256,0.35723034955039185,0.27990266866143004,0.3297743384663171
S0_set_1,S5_set_2,1925-01-01,1925-01-20,19,different_date,176,0.4149949894885538,1.1338779926300049,0.005516387010602109,0.03725667851064297,0.6603702556023948,0.3061606994668334,0.30082801980334056,0.22406413190803692
S0_set_1,S6_set_1,1925-01-01,1925-01-26,25,different_date,176,0.5017980034243693,1.0584965944290161,0.014794814178514294,0.03708988856465526,0.7292923939998813,0.5254425012432349,0.3784023404810524,0.19693584487602098
S0_set_1,S6_set_2,1925-01-01,1925-01-26,25,different_date,176,0.3860824058480388,1.1712672710418701,-0.003991904183927129,0.0345738671354851,0.6901584781511301,0.4645970274380645,0.2527007005371571,0.13461283185032522
S0_set_1,S7_set_1,1925-01-01,1925-01-27,26,different_date,176,0.2879344155935986,1.4368358850479126,0.03865148703098252,0.03999269434229054,0.11618583961817103,0.5207532801151387,0.2777431508562548,0.26258221592116043
S0_set_1,S7_set_2,1925-01-01,1925-01-27,26,different_date,176,0.3308481281748774,1.169898509979248,0.018017563680814495,0.03826587186378651,0.599876399206939,0.4351253618119953,0.1271148102341581,0.09813911597651778
S0_set_1,S8_set_1,1925-01-01,1925-01-29,28,different_date,176,0.3399321638270556,1.1981823444366455,0.017042916341563276,0.032160539972457575,0.46328591971348937,0.5723463607617847,0.1630463785187716,0.13737810427804337
S0_set_1,S8_set_2,1925-01-01,1925-01-29,28,different_date,176,0.16805848208729876,1.3135464191436768,-0.009380439734049107,0.03368317202338805,0.15639088353301364,0.43452901406621025,0.04915727688196239,0.12458863506425491
S0_set_1,S9_set_1,1925-01-01,1925-02-02,32,different_date,176,0.273821997952937,1.2422739267349243,-0.004894565452629498,0.03685681678929974,0.6072157020531221,0.22333011920078297,0.2202226550462147,0.09235264469898098
S0_set_1,S9_set_2,1925-01-01,1925-02-02,32,different_date,176,0.1991573682280026,1.315314531326294,-0.01780872278128897,0.03094721916271767,0.4012391342339641,0.31794381667093513,0.11987206245287614,0.1742696266516395
S0_set_1,S10_set_1,1925-01-01,1925-02-03,33,different_date,176,0.373369792570196,1.1650856733322144,0.004166479249063769,0.03697874465032412,0.6901404277633048,0.3038958536682503,0.13509545293885075,0.2646976396141824
S0_set_1,S10_set_2,1925-01-01,1925-02-03,33,different_date,176,0.2666843168503868,1.3152761459350586,0.000550873588864531,0.03406756645825839,0.5341732148791217,0.33101517011407017,0.18477758553693024,0.14226112551298578
S0_set_1,S11_set_1,1925-01-01,1925-02-06,36,different_date,176,0.32534712509691005,1.2560564279556274,0.014297665173208868,0.03469828741810384,0.6615338829578168,0.3691884933394305,0.037231721486878304,0.11303589529327833
S0_set_1,S11_set_2,1925-01-01,1925-02-06,36,different_date,176,0.29442596892063444,1.3254135847091675,-0.01889243043874758,0.034253031020021016,0.7146918833514453,0.4166999344118857,-0.0603749445399292,0.24436340087717187
S0_set_1,S12_set_1,1925-01-01,1925-02-09,39,different_date,176,0.34663030927224936,1.2303051948547363,0.0020625996962776315,0.03980837412825228,0.6634529966685705,0.4037471155451055,0.004976862006414812,0.08767043961327302
S0_set_1,S12_set_2,1925-01-01,1925-02-09,39,different_date,176,0.2762322728607463,1.2664958238601685,-0.00787468436080802,0.03396905192097364,0.5696051687104428,0.2736146632646136,0.019253455878275105,0.14364331576154726
S0_set_2,S1_set_1,1925-01-01,1925-01-08,7,different_date,176,0.3051425809283892,1.2022076845169067,-0.00397541004885368,0.03722580152471667,0.7008070847045933,0.4743959534679866,0.23240692936717547,0.027690330848899342
S0_set_2,S1_set_2,1925-01-01,1925-01-08,7,different_date,176,0.3320254263289342,1.2108784914016724,-0.001630367083843607,0.03717419098706841,0.6098610348327279,0.4949921329594891,0.298547382698702,0.13748252204440206
S0_set_2,S1_set_3,1925-01-01,1925-01-08,7,different_date,176,0.3664430752604515,1.1818510293960571,-0.002816667184095123,0.03552423992311017,0.5942324530775351,0.5863867132745327,0.37625061006795496,0.06812260150346029
S0_set_2,S2_set_1,1925-01-01,1925-01-13,12,different_date,176,0.3987136862652613,1.1611340045928955,0.010778029084458013,0.032115980789615604,0.6724574533046911,0.5452568824467856,0.2928332415948623,0.14003013525409677
S0_set_2,S2_set_2,1925-01-01,1925-01-13,12,different_date,176,0.2085068249461874,1.34049391746521,-0.025854531893831103,0.040376641449766895,0.6179533258511347,0.5494734536974468,0.2043089997276064,-0.03669060786479026
S0_set_2,S3_set_1,1925-01-01,1925-01-15,14,different_date,176,0.11686125912950003,1.4283912181854248,-0.02418515320855893,0.02971794949758361,0.6306837002897978,0.40607582117728414,-0.03554735974515692,-0.20035597328954988
S0_set_2,S3_set_2,1925-01-01,1925-01-15,14,different_date,176,0.19288507685279513,1.4385700225830078,0.0036826193687026078,0.042109035798670855,0.6420506114750733,0.5486508574862254,-0.022876782049801585,0.0031099091111435493
S0_set_2,S4_set_1,1925-01-01,1925-01-19,18,different_date,176,0.20153994175973924,1.326428771018982,-0.04236875039900166,0.03330236491480024,0.698630967850745,0.4879837231163063,0.12620998022945393,-0.087686510069516
S0_set_2,S4_set_2,1925-01-01,1925-01-19,18,different_date,176,0.3088710168625037,1.1916741132736206,-0.01134454716046853,0.03314364599146178,0.6687425800072005,0.5892816815250921,0.12828830977586525,0.08577381136610901
S0_set_2,S5_set_1,1925-01-01,1925-01-20,19,different_date,176,0.25434660195287045,1.260963797569275,-0.01257260892873325,0.03526046028166655,0.6448687612028895,0.33911845745688424,0.23992110508493777,0.016005108041465908
S0_set_2,S5_set_2,1925-01-01,1925-01-20,19,different_date,176,0.32059700152705395,1.1668365001678467,0.013594414211828726,0.032086334583885455,0.584347994419038,0.4191477037497862,0.16805154091515825,0.20805971859118336
S0_set_2,S6_set_1,1925-01-01,1925-01-26,25,different_date,176,0.2679781287959064,1.2191483974456787,0.02562950612353685,0.03733657154975403,0.5835574826089719,0.4112548445483251,0.19523254331858936,-0.0070950516443986505
S0_set_2,S6_set_2,1925-01-01,1925-01-26,25,different_date,176,0.207721814322053,1.27537202835083,-0.0037194505509679614,0.0366744779719561,0.6288092934192345,0.4884895534601818,0.17422874701911842,-0.09868108078854174
S0_set_2,S7_set_1,1925-01-01,1925-01-27,26,different_date,176,0.18378845509210276,1.5039496421813965,0.017219671522609326,0.028981860573266766,0.13673885699523747,0.4328196886789818,0.018981637513678987,0.14329044911403976
S0_set_2,S7_set_2,1925-01-01,1925-01-27,26,different_date,176,0.1627152710754604,1.2393163442611694,-0.0009221595952025489,0.03697581860013618,0.5238809164556578,0.3453989158419015,0.14133388247286202,-0.12200415804014693
S0_set_2,S8_set_1,1925-01-01,1925-01-29,28,different_date,176,0.3007837168043692,1.1815084218978882,0.013120824716159486,0.03590915478997959,0.39796231182938474,0.5678695022406648,0.09344540549769659,0.16399288149006758
S0_set_2,S8_set_2,1925-01-01,1925-01-29,28,different_date,176,0.18368955610099835,1.2525391578674316,-0.013317686209425545,0.0416399514275615,0.08892422023879774,0.4048588178702998,0.051429807077813645,0.17065320064996647
S0_set_2,S9_set_1,1925-01-01,1925-02-02,32,different_date,176,0.0387668948611136,1.3667848110198975,-0.07138164316314233,0.03478803257344836,0.5714573999851429,0.3420535821891143,0.04272223059012054,-0.18817734084943805
S0_set_2,S9_set_2,1925-01-01,1925-02-02,32,different_date,176,0.20000245872530084,1.2697553634643555,-0.0066651008279055655,0.036388290553951416,0.366931169660693,0.3432200322044751,0.12880971839571392,0.14544828294714954
S0_set_2,S10_set_1,1925-01-01,1925-02-03,33,different_date,176,0.3087109889259198,1.1739212274551392,0.01691100933629342,0.03369856157816524,0.6432218256632292,0.3895766357003408,0.10335339638193397,0.21265702044810744
S0_set_2,S10_set_2,1925-01-01,1925-02-03,33,different_date,176,0.24172175253321446,1.2948153018951416,-0.001061423495078974,0.041449733485775644,0.4694612539509763,0.4246436452492348,0.26650119702770947,0.1119993864299978
S0_set_2,S11_set_1,1925-01-01,1925-02-06,36,different_date,176,0.14947913543531285,1.3609036207199097,-0.03219073593329678,0.035128575288730805,0.621964748473753,0.35217776587942556,0.06615532593836905,-0.06411939361419057
S0_set_2,S11_set_2,1925-01-01,1925-02-06,36,different_date,176,0.2095449454788735,1.3627985715866089,-0.02135838214634002,0.03811167189127861,0.6422377325412358,0.46787365668862474,0.08268763141094446,0.04246805721031708
S0_set_2,S12_set_1,1925-01-01,1925-02-09,39,different_date,176,0.20298565002709013,1.3131822347640991,-0.027675665361022485,0.035777243301175723,0.5858339910036865,0.3883799023430978,-0.007140741585517491,0.006733027312003113
S0_set_2,S12_set_2,1925-01-01,1925-02-09,39,different_date,176,0.20809187942956395,1.2782422304153442,-0.003655714394243923,0.03291914572068238,0.5198620554790327,0.34461129808260327,0.10888164128679378,-0.003197214072191561
S1_set_1,S1_set_2,1925-01-08,1925-01-08,0,same_date_different_recording,176,0.5022455706265041,0.9322338700294495,0.0044051394588827345,0.036776906238963465,0.8319027780274141,0.6120289904898579,0.27563293286009927,0.2420434497249772
S1_set_1,S1_set_3,1925-01-08,1925-01-08,0,same_date_different_recording,176,0.5003573952545771,0.9374821782112122,0.005760256200462355,0.0388054465722998,0.7338535805906639,0.6578483251516679,0.3292870842498825,0.17935095949197272
S1_set_1,S2_set_1,1925-01-08,1925-01-13,5,different_date,176,0.49215679762922576,0.953575074672699,-0.0018580178317398497,0.03538981292797046,0.8199788400846838,0.5210072857110276,0.19666663669901338,0.13618931848199706
S1_set_1,S2_set_2,1925-01-08,1925-01-13,5,different_date,176,0.3092502382587632,1.119837760925293,0.012126002640408725,0.039519787546608946,0.7414355195390143,0.3657163592570127,0.1896201086453097,0.03242738424301653
S1_set_1,S3_set_1,1925-01-08,1925-01-15,7,different_date,176,0.25868554314762265,1.1816846132278442,-0.005592797070721507,0.03350073384135388,0.6602069229397929,0.41815765799516014,0.03258807329237408,0.0144034742836289
S1_set_1,S3_set_2,1925-01-08,1925-01-15,7,different_date,176,0.30973741634404633,1.224476933479309,-0.0033684506947755434,0.0326869574880101,0.6388879225410464,0.4292378491067211,-0.04995342618697453,0.3334566538287432
S1_set_1,S4_set_1,1925-01-08,1925-01-19,11,different_date,176,0.39289424312658217,1.0435106754302979,-0.0013434934136472643,0.03639546395313239,0.7084006020152107,0.4479652259076738,0.2597692885683371,0.18331579468688433
S1_set_1,S4_set_2,1925-01-08,1925-01-19,11,different_date,176,0.4258510768380894,0.9590204954147339,-0.003005470255449501,0.038891922135856224,0.7455435727771349,0.5710060934654844,0.1590276289024334,0.16985602787615195
S1_set_1,S5_set_1,1925-01-08,1925-01-20,12,different_date,176,0.4828362484167362,0.9321252703666687,5.1452871256132406e-05,0.040112144547926644,0.7462527105949112,0.4597968439211343,0.31052459424950396,0.24907675329362197
S1_set_1,S5_set_2,1925-01-08,1925-01-20,12,different_date,176,0.3917644439159558,0.9686867594718933,-0.0021527636420097663,0.039406041111876546,0.7082001890961411,0.36842275726710727,0.09470130656656812,0.3044479554228393
S1_set_1,S6_set_1,1925-01-08,1925-01-26,18,different_date,176,0.43938907378114755,0.9392996430397034,-0.004384346951749677,0.036802663701496784,0.7794907500553635,0.47918494505917164,0.30249894093928514,0.10998243812421056
S1_set_1,S6_set_2,1925-01-08,1925-01-26,18,different_date,176,0.45609686512619513,0.9335636496543884,-0.0015480900151271801,0.03806254581970674,0.7449144306283245,0.48582120053869426,0.33622803531500695,0.28393274394040546
S1_set_1,S7_set_1,1925-01-08,1925-01-27,19,different_date,176,0.16995471252352667,1.3939225673675537,-0.006656644303052188,0.03372923576249037,0.07499176506857592,0.37743443348856826,0.09815012852908725,0.23778383428162148
S1_set_1,S7_set_2,1925-01-08,1925-01-27,19,different_date,176,0.30653198172052876,0.9797170162200928,-0.005808207657551749,0.0366930945131626,0.6207510482710179,0.2758676407679931,0.2657618809980673,0.09740135419078418
S1_set_1,S8_set_1,1925-01-08,1925-01-29,21,different_date,176,0.31368060700939887,1.027927279472351,-0.007762657736197747,0.037863918385340305,0.5314171007844674,0.45146276883257996,0.17071550301152463,0.18385116082668798
S1_set_1,S8_set_2,1925-01-08,1925-01-29,21,different_date,176,0.26865987307137845,1.0368555784225464,-0.0007493369030583058,0.03573912049690298,0.1877912326946216,0.4615131889118578,0.04383405174196585,0.3274989901381752
S1_set_1,S9_set_1,1925-01-08,1925-02-02,25,different_date,176,0.19370037149556957,1.0993781089782715,-0.004245442867910631,0.0345823378249202,0.5090882999646327,0.2802286752328294,0.004076930270574378,0.07890392742873731
S1_set_1,S9_set_2,1925-01-08,1925-02-02,25,different_date,176,0.1645713421663681,1.140440583229065,0.0069682136193170915,0.037482932644405616,0.26162900484752705,0.26014444922146335,0.17854257794577072,0.04554749342078658
S1_set_1,S10_set_1,1925-01-08,1925-02-03,26,different_date,176,0.3300195688274411,1.0089294910430908,-0.004577947289093029,0.03658477234349338,0.6941344110627053,0.31507486414816416,0.06094005440067609,0.21958769053763552
S1_set_1,S10_set_2,1925-01-08,1925-02-03,26,different_date,176,0.265483180700067,1.1392664909362793,-0.004713166372576105,0.03805738857645929,0.4646481512154002,0.30895783168414376,0.3289251227525135,0.11996662647673949
S1_set_1,S11_set_1,1925-01-08,1925-02-06,29,different_date,176,0.3568070972227655,1.0574158430099487,-0.002515236072280118,0.03525644253260766,0.7785824458997758,0.341265869775506,0.14445266894352696,0.14979062743906074
S1_set_1,S11_set_2,1925-01-08,1925-02-06,29,different_date,176,0.2939419273486311,1.161957859992981,0.0021321367527104345,0.03516095483386627,0.7623813602050035,0.37756808350249116,-0.042016475107421083,0.1443769125677564
S1_set_1,S12_set_1,1925-01-08,1925-02-09,32,different_date,176,0.3673506799224705,1.040178894996643,-0.0008269604597329794,0.03604610444792114,0.7392582293747091,0.2755554130998673,0.17793148849732754,0.1406768080118761
S1_set_1,S12_set_2,1925-01-08,1925-02-09,32,different_date,176,0.28028851501357294,1.075015664100647,0.003984617331671612,0.03934463034020018,0.6417534744581164,0.2341825250991409,0.09424834087191047,0.03570426471211542
S1_set_2,S1_set_3,1925-01-08,1925-01-08,0,same_date_different_recording,176,0.572061442226627,0.8926050066947937,0.005058551720343439,0.03649712217148813,0.7630422628318521,0.6920227087890408,0.41461742698657783,0.4369676189880511
S1_set_2,S2_set_1,1925-01-08,1925-01-13,5,different_date,176,0.47470957777607076,0.9946957230567932,-0.0007907623746679004,0.03858176424313845,0.7631999483143296,0.48845416587374463,0.25877213688786055,0.2952645340738944
S1_set_2,S2_set_2,1925-01-08,1925-01-13,5,different_date,176,0.4345944960706619,1.037192940711975,0.0017051155310066923,0.03463032468577187,0.6892493108697659,0.4763192419337624,0.2164598558146496,0.3766526855249148
S1_set_2,S3_set_1,1925-01-08,1925-01-15,7,different_date,176,0.23290737907202655,1.23541259765625,-0.0024203531743889,0.032945448934460525,0.7078092717803623,0.3931841492320793,0.005482407020147115,-0.006727437721469107
S1_set_2,S3_set_2,1925-01-08,1925-01-15,7,different_date,176,0.27767644131184716,1.2833164930343628,0.0034597354183725855,0.03829268247505718,0.6789239856077521,0.45074364200676875,-0.10000996037634753,0.23086119682982445
S1_set_2,S4_set_1,1925-01-08,1925-01-19,11,different_date,176,0.3165884136276001,1.1446478366851807,-0.004815499711282154,0.03634491786296173,0.6374205120904699,0.3827131332942687,0.10742990786836353,0.2869140284612199
S1_set_2,S4_set_2,1925-01-08,1925-01-19,11,different_date,176,0.45203077470371616,0.9710279703140259,0.0005147311358983284,0.03851845711738192,0.7441046906797028,0.6289140274737521,0.13479673189960054,0.31380312542105676
S1_set_2,S5_set_1,1925-01-08,1925-01-20,12,different_date,176,0.43889748493644465,0.9988960027694702,-0.0006811494201169343,0.040478321955327766,0.6794478102025687,0.4435624852212795,0.311814932989027,0.2788197565371113
S1_set_2,S5_set_2,1925-01-08,1925-01-20,12,different_date,176,0.3844121699624337,1.0114262104034424,-0.0007336075067404831,0.036170529587267394,0.6591299262864757,0.38616799901522497,0.17885843630744497,0.31103681103725767
S1_set_2,S6_set_1,1925-01-08,1925-01-26,18,different_date,176,0.37879158014866404,1.0231941938400269,-0.00657019925457265,0.03855861220748857,0.7707358056942087,0.31488144430422077,0.15613145687361935,0.2517093186779349
S1_set_2,S6_set_2,1925-01-08,1925-01-26,18,different_date,176,0.4021401936603744,1.0109251737594604,0.0017928425157061085,0.03907272003972076,0.7385952582973825,0.42639671818111435,0.08097404270419026,0.36927181587476554
S1_set_2,S7_set_1,1925-01-08,1925-01-27,19,different_date,176,0.1917137979214422,1.4022729396820068,-0.015069192103284026,0.0363648308954376,0.07189990049254467,0.324007359972753,0.063619110642824,0.4558579053010838
S1_set_2,S7_set_2,1925-01-08,1925-01-27,19,different_date,176,0.20833895129296698,1.087000846862793,-0.011320322773957638,0.03529385116473748,0.6186713528560159,0.2334522933177446,0.0443142838200163,0.07700491424533143
S1_set_2,S8_set_1,1925-01-08,1925-01-29,21,different_date,176,0.32370846666487857,1.0591881275177002,-0.01211819755266598,0.0376341521549811,0.5077491231957976,0.41804007204057986,0.11550528211980528,0.3284907076470198
S1_set_2,S8_set_2,1925-01-08,1925-01-29,21,different_date,176,0.3044839846794806,1.050057053565979,0.005217957888057619,0.039892212522562025,0.16662555492721456,0.46060834098173936,0.107695938232064,0.3529346585274866
S1_set_2,S9_set_1,1925-01-08,1925-02-02,25,different_date,176,0.1576130531913783,1.1596554517745972,-0.002730542134955585,0.036424178659429304,0.4525374328327452,0.2603524595901137,0.05226420665966651,-0.008008658290567903
S1_set_2,S9_set_2,1925-01-08,1925-02-02,25,different_date,176,0.24727326224819274,1.1183749437332153,0.011843398601195088,0.03955141606776439,0.25265661595939687,0.3276053273050394,0.1747894885016854,0.2339469052188848
S1_set_2,S10_set_1,1925-01-08,1925-02-03,26,different_date,176,0.33453773944977255,1.0408105850219727,-0.00037952746631445266,0.035656386556786546,0.6873790234805434,0.24392997734781557,-0.12264063237631997,0.4655994307017722
S1_set_2,S10_set_2,1925-01-08,1925-02-03,26,different_date,176,0.3516403970064118,1.1009477376937866,0.0011422110682564933,0.03832670478444757,0.4543403397277812,0.40122757735164183,0.24360082402426617,0.35990759960372803
S1_set_2,S11_set_1,1925-01-08,1925-02-06,29,different_date,176,0.30382283923348624,1.1320810317993164,-0.006458579428348306,0.03423769847734106,0.7080667009739094,0.3578166338588761,0.018648051601529707,0.21796562002979558
S1_set_2,S11_set_2,1925-01-08,1925-02-06,29,different_date,176,0.3986823883996824,1.0986607074737549,0.00861313086963606,0.03638551481946731,0.7576916294316881,0.45864429498317155,0.050626047860431074,0.3738239318602464
S1_set_2,S12_set_1,1925-01-08,1925-02-09,32,different_date,176,0.3802913465164359,1.0565121173858643,-0.00030463631994818996,0.031884951876707895,0.6724629165640421,0.30378291731149726,0.07778204140879622,0.378424124125397
S1_set_2,S12_set_2,1925-01-08,1925-02-09,32,different_date,176,0.28999876399395946,1.1007965803146362,0.00419893954432518,0.038233389188358585,0.559113860047085,0.2970268371725784,0.04762010347015378,0.22134749193905956
S1_set_3,S2_set_1,1925-01-08,1925-01-13,5,different_date,176,0.47239255949177006,1.0017461776733398,0.004999318347704194,0.04554470461042634,0.7018575368682669,0.4957557318825217,0.3582413674544938,0.23066917894692074
S1_set_3,S2_set_2,1925-01-08,1925-01-13,5,different_date,176,0.4266470216038418,1.0516129732131958,0.013941733071991336,0.03567172967785765,0.6252832418735109,0.532227105710186,0.29868917275359536,0.36725442448863155
S1_set_3,S3_set_1,1925-01-08,1925-01-15,7,different_date,176,0.28815857266981454,1.194318413734436,-0.010887473521136788,0.03384229162520343,0.6167084140789431,0.37903242607000687,0.24312271986758005,-0.021927074698340075
S1_set_3,S3_set_2,1925-01-08,1925-01-15,7,different_date,176,0.31957607360800033,1.2486209869384766,0.00652627416323569,0.034549155563927715,0.6125279712373486,0.4804608370394236,0.19157624532274903,0.21897942941774093
S1_set_3,S4_set_1,1925-01-08,1925-01-19,11,different_date,176,0.35336364607758,1.115465521812439,-0.011312869162244827,0.03810282010056338,0.6615734241251906,0.4612941366530799,0.15588701297222368,0.3562359983543625
S1_set_3,S4_set_2,1925-01-08,1925-01-19,11,different_date,176,0.44921850295964777,0.9771164059638977,0.00039979020626656814,0.04009301365773249,0.629967384174889,0.5890471435045646,0.33852681502270354,0.21804870152326034
S1_set_3,S5_set_1,1925-01-08,1925-01-20,12,different_date,176,0.3502857803914177,1.0804563760757446,-0.0014111876193594725,0.033406805600818164,0.6375546812112286,0.3821065844884167,0.23736020230692964,0.15072986312870146
S1_set_3,S5_set_2,1925-01-08,1925-01-20,12,different_date,176,0.37580369275836223,1.02253258228302,-0.0028978276030630972,0.03922861892546042,0.5772816218180988,0.42041819967269745,0.2766086031518216,0.2738534157510922
S1_set_3,S6_set_1,1925-01-08,1925-01-26,18,different_date,176,0.29130199218810704,1.097428798675537,-0.012275776234468712,0.03828065097606219,0.6355584441718256,0.299994666774543,0.18788636527080166,0.12128813461158008
S1_set_3,S6_set_2,1925-01-08,1925-01-26,18,different_date,176,0.33470019256123873,1.0714879035949707,0.005309543223399454,0.03896193004896419,0.6302680526548339,0.4048185271364937,0.23271538104183231,0.18926159845343118
S1_set_3,S7_set_1,1925-01-08,1925-01-27,19,different_date,176,0.17857123177984335,1.4188296794891357,-0.0326787237312429,0.031260590764572695,0.08519214452445392,0.3563365782336205,0.2964248471779174,0.10512535749533271
S1_set_3,S7_set_2,1925-01-08,1925-01-27,19,different_date,176,0.20412865588857051,1.0957280397415161,-0.01762578521154883,0.035848893980327534,0.56515417704102,0.30517174792532453,0.13382127719347217,-0.0746879921037296
S1_set_3,S8_set_1,1925-01-08,1925-01-29,21,different_date,176,0.2647816453606577,1.108001708984375,-0.013479632082467703,0.038472557542477324,0.4615894090072316,0.38381929015324545,0.237612194243968,0.05443485902899793
S1_set_3,S8_set_2,1925-01-08,1925-01-29,21,different_date,176,0.2938461167007497,1.063178539276123,0.0005685866715404128,0.03533566970931823,0.202720791204297,0.36849405942209357,0.4037486774952076,0.222709926205852
S1_set_3,S9_set_1,1925-01-08,1925-02-02,25,different_date,176,0.2186502351567141,1.1251230239868164,-0.0022476284162491257,0.03587446622020431,0.4680054923476013,0.35949233690987703,0.1446677127419764,0.022569128040379517
S1_set_3,S9_set_2,1925-01-08,1925-02-02,25,different_date,176,0.22594294990621397,1.1402941942214966,0.013200035643156815,0.03615293019394536,0.23241774801630108,0.3287968111186091,0.23680200375700988,0.09071043397529864
S1_set_3,S10_set_1,1925-01-08,1925-02-03,26,different_date,176,0.3479802278283198,1.0361889600753784,-0.003841603074057067,0.03713577372639003,0.5712883905300818,0.3759245410822294,0.23391559071815726,0.3664222008407914
S1_set_3,S10_set_2,1925-01-08,1925-02-03,26,different_date,176,0.3108339770052934,1.1401158571243286,-0.0005754892552091488,0.03272613201696977,0.38949468174342666,0.4437278739877597,0.37833299551709626,0.18686643234371314
S1_set_3,S11_set_1,1925-01-08,1925-02-06,29,different_date,176,0.3312129687101634,1.114567756652832,-0.02076413171260151,0.03167406252575491,0.6079498607961629,0.4252099812607006,0.3386606967878565,0.07672801578550897
S1_set_3,S11_set_2,1925-01-08,1925-02-06,29,different_date,176,0.41074681411036407,1.0927504301071167,0.014479164926459866,0.03830707651464808,0.6824812172026143,0.5262904913707634,0.2529934370247694,0.3220421657487886
S1_set_3,S12_set_1,1925-01-08,1925-02-09,32,different_date,176,0.361722040827307,1.078867793083191,-0.0024362495308632008,0.036412882142717776,0.5668248550631985,0.396538062699923,0.2774132329568581,0.24725540292429898
S1_set_3,S12_set_2,1925-01-08,1925-02-09,32,different_date,176,0.32263496062592467,1.0816065073013306,0.005385044347302089,0.03788307610150348,0.45912942246225386,0.3569760960354224,0.313412275693049,0.11003295029782999
S2_set_1,S2_set_2,1925-01-13,1925-01-13,0,same_date_different_recording,176,0.5040480025857463,0.9803978204727173,-0.005351231876546894,0.03413239479191964,0.7623448182544188,0.5760794855851941,0.412365501683404,0.39519092088022856
S2_set_1,S3_set_1,1925-01-13,1925-01-15,2,different_date,176,0.3656513045786241,1.1351397037506104,-0.00523957472883096,0.032954685562775296,0.6730311866480296,0.5019214234119025,0.20076327974518524,0.04755211913913899
S2_set_1,S3_set_2,1925-01-13,1925-01-15,2,different_date,176,0.32281225468116415,1.2548881769180298,0.0023853793564936167,0.03146267451828132,0.5872066580704635,0.4256109493082705,0.22047115884146315,0.19528013125970767
S2_set_1,S4_set_1,1925-01-13,1925-01-19,6,different_date,176,0.4133231542324936,1.075158953666687,-0.012825480991091051,0.039252882284542726,0.6592766964284043,0.4504682479335246,0.3568661106246541,0.15150313982130503
S2_set_1,S4_set_2,1925-01-13,1925-01-19,6,different_date,176,0.462878191515156,0.9740235805511475,-0.0066500505320773486,0.037218862995429605,0.7322168956861848,0.4656798493732532,0.35807188115185584,0.1981871820387007
S2_set_1,S5_set_1,1925-01-13,1925-01-20,7,different_date,176,0.44907203553081076,1.0007541179656982,-0.0013132059924046218,0.040961923492982354,0.731272637081261,0.3472795661743203,0.2365188943436,0.19884350968324416
S2_set_1,S5_set_2,1925-01-13,1925-01-20,7,different_date,176,0.38412060834957806,1.025192141532898,7.660673547637581e-05,0.0369601263941128,0.6592248491756774,0.2993246443429309,0.17231663417145188,0.2657471321190181
S2_set_1,S6_set_1,1925-01-13,1925-01-26,13,different_date,176,0.4898079293922371,0.940255343914032,0.0008135950171698111,0.03849758970801182,0.680146466598024,0.46749214671286854,0.3609790558406111,0.35628431238604596
S2_set_1,S6_set_2,1925-01-13,1925-01-26,13,different_date,176,0.3651151319540464,1.0540883541107178,0.002489739437052288,0.0352015513869816,0.6730111797708357,0.35023315180744247,0.2666075592408908,0.1250064055247446
S2_set_1,S7_set_1,1925-01-13,1925-01-27,14,different_date,176,0.18827004658220403,1.415101408958435,-0.0016707817993531135,0.03705225901789016,0.1443790710930973,0.38543681918899547,0.10858743575106314,0.16071720640485435
S2_set_1,S7_set_2,1925-01-13,1925-01-27,14,different_date,176,0.2887745020606832,1.0474824905395508,0.0037049043534039643,0.035836477041254054,0.5685520823598621,0.40625977807782987,0.04132325872785827,0.14609074268493413
S2_set_1,S8_set_1,1925-01-13,1925-01-29,16,different_date,176,0.3869816622901101,1.022911787033081,-0.001712363100200638,0.03488090952683523,0.542320124080199,0.5622415109075639,0.1935479143133592,0.22164607786996818
S2_set_1,S8_set_2,1925-01-13,1925-01-29,16,different_date,176,0.24893237632605103,1.1047768592834473,0.0029145086276753563,0.03409909405023969,0.21654480362766784,0.32766604068501937,0.3948448653006038,0.18844088816950208
S2_set_1,S9_set_1,1925-01-13,1925-02-02,20,different_date,176,0.2727902937189479,1.0920238494873047,-0.007161544641984258,0.03380342393680178,0.4847394484865887,0.3911590241894167,0.22333763867184822,0.06905896909541345
S2_set_1,S9_set_2,1925-01-13,1925-02-02,20,different_date,176,0.14968910096964416,1.201986312866211,0.0008648712210064667,0.0329776030108816,0.23832418229537072,0.23321169748433365,0.12808121878720416,0.04618253178612037
S2_set_1,S10_set_1,1925-01-13,1925-02-03,21,different_date,176,0.4063393715491772,0.9966905117034912,0.0023577812976666164,0.03478357407838461,0.6791548566770462,0.40530628818319586,0.19944271550711226,0.2831649748284524
S2_set_1,S10_set_2,1925-01-13,1925-02-03,21,different_date,176,0.2291314881307477,1.2129241228103638,-0.0011842049352614465,0.03205858057769024,0.41702492147391185,0.3026538183809678,0.1490458668647681,0.14837537739265402
S2_set_1,S11_set_1,1925-01-13,1925-02-06,24,different_date,176,0.4124820259771411,1.0511566400527954,-0.004591627300062748,0.03809155293262538,0.714887213046258,0.39214281429817577,0.24714368367529693,0.3094744725635817
S2_set_1,S11_set_2,1925-01-13,1925-02-06,24,different_date,176,0.3987096392720201,1.1083645820617676,-0.0006526500372387483,0.030655565104166057,0.7122527276690779,0.3667583451532074,0.23171325310885632,0.4155584124446414
S2_set_1,S12_set_1,1925-01-13,1925-02-09,27,different_date,176,0.42782541791066936,1.0256670713424683,-0.006853387187701223,0.03953748189368215,0.6733054526588582,0.47236170567540336,0.10476760298723771,0.21647578891654176
S2_set_1,S12_set_2,1925-01-13,1925-02-09,27,different_date,176,0.3499708334444817,1.0656589269638062,-0.004499583673797413,0.03454519293385038,0.6002611136687445,0.31940530337623124,0.09833903688628289,0.2509749908947843
S2_set_2,S3_set_1,1925-01-13,1925-01-15,2,different_date,176,0.20288112992423857,1.2793790102005005,0.0032005421747845837,0.030442255959208016,0.5532164900952175,0.31543268254715034,0.10295670576212419,0.03222836328028545
S2_set_2,S3_set_2,1925-01-13,1925-01-15,2,different_date,176,0.3060170537905062,1.2832649946212769,0.009882037771700944,0.04198209276679052,0.5026041553608053,0.48407146978061966,0.33358950564831974,0.14895449544776512
S2_set_2,S4_set_1,1925-01-13,1925-01-19,6,different_date,176,0.34030142785412076,1.156712532043457,0.004449661932121446,0.03173550621391678,0.5556811159266549,0.42234466777615914,0.3036526364953844,0.25251466241362525
S2_set_2,S4_set_2,1925-01-13,1925-01-19,6,different_date,176,0.3847043346636249,1.0523372888565063,0.003247407376144468,0.03912054745806098,0.6482444408521179,0.5673292300685525,0.3683252761749596,0.12676633753590422
S2_set_2,S5_set_1,1925-01-13,1925-01-20,7,different_date,176,0.30458003108350507,1.1270188093185425,-0.000976075586876981,0.037391032443563066,0.6064107984038887,0.2806400272796256,0.04013831278243407,0.2150475323577684
S2_set_2,S5_set_2,1925-01-13,1925-01-20,7,different_date,176,0.3525069796295941,1.0611419677734375,-0.01237022949202909,0.03550336533108159,0.633971750409786,0.40722094303679746,0.24889611032651882,0.24928841824030032
S2_set_2,S6_set_1,1925-01-13,1925-01-26,13,different_date,176,0.3485241561582016,1.0681110620498657,-0.018541213561096198,0.03869984823482446,0.6580291704723734,0.365138147814316,0.22630749303898953,0.27227453423516973
S2_set_2,S6_set_2,1925-01-13,1925-01-26,13,different_date,176,0.2994701195310655,1.1121236085891724,0.005844037155313478,0.036110259761518514,0.6741636823016154,0.2749756704429217,0.03562959669033687,0.24883118793912426
S2_set_2,S7_set_1,1925-01-13,1925-01-27,14,different_date,176,0.11674691675222557,1.4740570783615112,-0.0525970750877768,0.036761179088501864,0.09395059917861065,0.3359143874196975,0.24354733669973674,0.1183901685694248
S2_set_2,S7_set_2,1925-01-13,1925-01-27,14,different_date,176,0.15488979077528595,1.1437640190124512,-0.022578572273855565,0.03267598686593801,0.4837388869633402,0.33552022737268683,0.047591468075215915,0.014646696903316485
S2_set_2,S8_set_1,1925-01-13,1925-01-29,16,different_date,176,0.3030886169910598,1.1002527475357056,-0.024592851527218393,0.03497644175664689,0.5663233990496874,0.5164770050031164,0.0983105465237798,0.2505197904200161
S2_set_2,S8_set_2,1925-01-13,1925-01-29,16,different_date,176,0.20689996004734115,1.1417237520217896,0.015348489017994887,0.045541742888574356,0.19283860687238258,0.3504670460011697,0.3241593847810156,0.06916827125209772
S2_set_2,S9_set_1,1925-01-13,1925-02-02,20,different_date,176,0.23832746742256852,1.116288185119629,0.02806439137517621,0.03281273044410564,0.4302814041112224,0.35162132015490616,0.07945261690028212,0.14467054571730004
S2_set_2,S9_set_2,1925-01-13,1925-02-02,20,different_date,176,0.1943578602539551,1.1732707023620605,0.021516696262049127,0.03489609463428406,0.28386980035055975,0.2096911621433923,0.14387957140958063,0.14279681249923706
S2_set_2,S10_set_1,1925-01-13,1925-02-03,21,different_date,176,0.32825731174825873,1.063729166984558,-0.005552753461316017,0.043370725411068844,0.5787196363089466,0.26266102416207976,0.1704340775071512,0.3397466265092446
S2_set_2,S10_set_2,1925-01-13,1925-02-03,21,different_date,176,0.2560263365681192,1.196294903755188,0.004721886753316166,0.0377569191582439,0.3484324175538723,0.4072794181613186,0.20663945426381838,0.19080719864945125
S2_set_2,S11_set_1,1925-01-13,1925-02-06,24,different_date,176,0.32135526039848045,1.1350175142288208,-0.0005810229818227114,0.03440778242943333,0.6466885498904824,0.31416005548263787,0.1858372549463365,0.2686245592470518
S2_set_2,S11_set_2,1925-01-13,1925-02-06,24,different_date,176,0.4623668583370607,1.0506248474121094,0.01869726648645794,0.038981752617288146,0.6509801655494661,0.44033801489613145,0.25511104615206665,0.461339954646858
S2_set_2,S12_set_1,1925-01-13,1925-02-09,27,different_date,176,0.3855167434747851,1.0615068674087524,0.011090039471767565,0.03516103710814878,0.5958992712307862,0.4640703544036692,0.18410336275769285,0.2847803358953016
S2_set_2,S12_set_2,1925-01-13,1925-02-09,27,different_date,176,0.28278720009742964,1.1209124326705933,0.0026927856375617053,0.03794030374737474,0.5248493851490339,0.32346042449778556,0.10193356632985008,0.20732149082643103
S3_set_1,S3_set_2,1925-01-15,1925-01-15,0,same_date_different_recording,176,0.4067646230313955,1.1947799921035767,0.0023389449252307543,0.04573215742272418,0.760453437573064,0.4562697314762739,0.5047088781615878,0.07824338242168219
S3_set_1,S4_set_1,1925-01-15,1925-01-19,4,different_date,176,0.3132589123279402,1.183835744857788,0.017258986615605192,0.03809425258534703,0.7316668834105572,0.20447533706541648,0.22915885077750253,0.006379472539640442
S3_set_1,S4_set_2,1925-01-15,1925-01-19,4,different_date,176,0.38266251077670266,1.0726348161697388,0.004272799325186747,0.04143678768640142,0.7097927123833613,0.35293590486497806,0.36454058287085206,0.08605113039601464
S3_set_1,S5_set_1,1925-01-15,1925-01-20,5,different_date,176,0.29463406473575515,1.1663475036621094,0.0006034235429759619,0.03230896478254341,0.7370084220335138,0.13997766172938514,0.10672792997784318,0.15830705923756133
S3_set_1,S5_set_2,1925-01-15,1925-01-20,5,different_date,176,0.31855220077569973,1.1091033220291138,-0.0031214126473832616,0.03645323074317554,0.6539521211656621,0.2276050737722515,0.3573254565789045,-0.11141219850842622
S3_set_1,S6_set_1,1925-01-15,1925-01-26,11,different_date,176,0.2782274879382391,1.149562954902649,0.0003188182999524659,0.034559441345014374,0.5864774115132803,0.34994508549371056,0.16242747318649725,0.040714261564999285
S3_set_1,S6_set_2,1925-01-15,1925-01-26,11,different_date,176,0.22101756943707998,1.2020004987716675,0.0004912437581988235,0.03529019431865603,0.5355395877321838,0.3265873236825767,0.06449777544106337,0.13121997732030907
S3_set_1,S7_set_1,1925-01-15,1925-01-27,12,different_date,176,0.2592646180516045,1.382625937461853,0.00988010107796475,0.030711062469482492,0.0949706485688719,0.5220603086238395,0.38645956658971936,0.018097595695242243
S3_set_1,S7_set_2,1925-01-15,1925-01-27,12,different_date,176,0.24498719799642588,1.1153881549835205,0.016637857662902867,0.04068297820483258,0.4931973044058048,0.24181175473287542,0.13164117446043155,0.23430915391725676
S3_set_1,S8_set_1,1925-01-15,1925-01-29,14,different_date,176,0.30738813283784816,1.1172338724136353,0.016212059633602425,0.03720443809529976,0.34236993333657784,0.5019673374566701,0.3450665337775522,-0.014328644777607246
S3_set_1,S8_set_2,1925-01-15,1925-01-29,14,different_date,176,0.21422319312277832,1.1654951572418213,0.004324118090041717,0.03296625976579813,0.11387177357372,0.3546958461769059,0.24691993128199255,0.18957291956234515
S3_set_1,S9_set_1,1925-01-15,1925-02-02,18,different_date,176,0.3395083470820505,1.0813775062561035,0.03461635592592465,0.03920908240607747,0.5187995445565965,0.2685505284298562,0.28869277221796985,0.32263532179964094
S3_set_1,S9_set_2,1925-01-15,1925-02-02,18,different_date,176,0.03369019664811635,1.32038414478302,-0.003996732931826107,0.03690617731371695,0.23206750770707185,0.17013920950086311,-0.08600998834443227,0.010315841627948486
S3_set_1,S10_set_1,1925-01-15,1925-02-03,19,different_date,176,0.3017079972962763,1.1151959896087646,-0.0026385970781219992,0.035663903310274955,0.5420769269842333,0.42264693810798254,0.2440059376231668,0.08195658062957235
S3_set_1,S10_set_2,1925-01-15,1925-02-03,19,different_date,176,0.1688319915807931,1.293610692024231,0.007676140673853272,0.03844536986376484,0.29213818359994315,0.1548709540810679,0.20807887848111578,0.07302043814420896
S3_set_1,S11_set_1,1925-01-15,1925-02-06,22,different_date,176,0.44000637050697444,1.0553234815597534,0.018210543588779535,0.04066913320684175,0.5462703748878833,0.41464777254724033,0.4932667898221078,0.18648731658670198
S3_set_1,S11_set_2,1925-01-15,1925-02-06,22,different_date,176,0.26710397503797695,1.2555575370788574,-0.001499680281725392,0.03515838509772763,0.6197769199525417,0.33889846003759233,0.21844589897578992,0.11283039175263579
S3_set_1,S12_set_1,1925-01-15,1925-02-09,25,different_date,176,0.3416639617589226,1.1357256174087524,0.006768161654348217,0.035112904509911586,0.5554702576304654,0.44064786554797514,0.2230954720869953,0.2051442881107791
S3_set_1,S12_set_2,1925-01-15,1925-02-09,25,different_date,176,0.21824635433195097,1.205135464668274,-0.007907246359971533,0.03773321828594076,0.5002807439999656,0.16111205154895442,0.17530544451851748,0.12252673035952749
S3_set_2,S4_set_1,1925-01-15,1925-01-19,4,different_date,176,0.3971116198329415,1.178229570388794,-0.00539314462364686,0.032795150408748495,0.6962806763089572,0.4918219342987149,0.34547960733172134,0.32486389201932747
S3_set_2,S4_set_2,1925-01-15,1925-01-19,4,different_date,176,0.49162048902774336,1.0538756847381592,-0.0037428090903641985,0.03624012303956798,0.6532163353453021,0.6101406214411029,0.6085959443957385,0.2825459117348735
S3_set_2,S5_set_1,1925-01-15,1925-01-20,5,different_date,176,0.2606790598311139,1.2819551229476929,-0.004021650545925523,0.03271205253129669,0.6151409080329419,0.30661246903526457,-0.03112770888580028,0.19901570163031027
S3_set_2,S5_set_2,1925-01-15,1925-01-20,5,different_date,176,0.39959362806125037,1.1270651817321777,-0.007815404830023824,0.03636796747089267,0.5190367408927462,0.5062681167172256,0.42851143585549395,0.30730983108195004
S3_set_2,S6_set_1,1925-01-15,1925-01-26,11,different_date,176,0.27528347783319324,1.2403663396835327,0.0006772323825005094,0.035319000865138284,0.6080072234955778,0.34415052239666566,0.2150478555152966,0.1008980372478015
S3_set_2,S6_set_2,1925-01-15,1925-01-26,11,different_date,176,0.21681168296395473,1.2956068515777588,0.0033870630425905414,0.03975928142199683,0.5965376730879756,0.3506642317244921,0.07090905634139703,0.07200912026947143
S3_set_2,S7_set_1,1925-01-15,1925-01-27,12,different_date,176,0.2370790130255838,1.4764642715454102,-0.021157897513527025,0.03400013288489953,0.018838454418075246,0.483134808004165,0.3982151253893933,0.31741944396771893
S3_set_2,S7_set_2,1925-01-15,1925-01-27,12,different_date,176,0.13374880842430675,1.2887020111083984,-0.011465310586794886,0.033572367735674256,0.5164529473407081,0.2789106384419921,-0.11036515835856546,0.16889214152948925
S3_set_2,S8_set_1,1925-01-15,1925-01-29,14,different_date,176,0.2678973841544382,1.2350256443023682,-0.0028498239753921334,0.03654163565827407,0.35313124648786826,0.4301423125777665,0.19436203933872043,0.2501859321630475
S3_set_2,S8_set_2,1925-01-15,1925-01-29,14,different_date,176,0.22028971680966236,1.2545697689056396,0.012983614630925655,0.03912066709812323,0.05664118452620446,0.374834313833487,0.2857881083811879,0.16472727839005513
S3_set_2,S9_set_1,1925-01-15,1925-02-02,18,different_date,176,0.25221489154698845,1.2447209358215332,0.004056231353225286,0.03810547208145273,0.5100068243597545,0.3338727500080011,0.23860870346715116,0.12929818362058518
S3_set_2,S9_set_2,1925-01-15,1925-02-02,18,different_date,176,0.1683386484263958,1.3214821815490723,0.014135298420624685,0.044361899195985585,0.3093551992192352,0.23072200840659995,0.09038081100781589,0.13105514985660574
S3_set_2,S10_set_1,1925-01-15,1925-02-03,19,different_date,176,0.2681798887228009,1.2333298921585083,-0.0036595275799601356,0.03618799242737503,0.563926422994743,0.1387232235467252,0.30828261897515585,0.13853903615977511
S3_set_2,S10_set_2,1925-01-15,1925-02-03,19,different_date,176,0.2748519524615431,1.2919353246688843,0.006125747936221224,0.03795804370780386,0.388024062058741,0.24937462304001007,0.11786775295886637,0.3332046337407115
S3_set_2,S11_set_1,1925-01-15,1925-02-06,22,different_date,176,0.3273378623826535,1.2382677793502808,-0.008009095488659608,0.038355825688319044,0.5852370533963658,0.3287752365768005,0.2681074023636902,0.2869158372903768
S3_set_2,S11_set_2,1925-01-15,1925-02-06,22,different_date,176,0.39102230167121443,1.221277117729187,0.006254751792288451,0.04200002509003766,0.614074084164738,0.45308857666976693,0.31214046795528305,0.3300930546843146
S3_set_2,S12_set_1,1925-01-15,1925-02-09,25,different_date,176,0.3591612661304582,1.2080841064453125,-0.00019964047972840154,0.038358700426287425,0.5679654082176094,0.4973832377836249,0.25267490671890014,0.25745410582867256
S3_set_2,S12_set_2,1925-01-15,1925-02-09,25,different_date,176,0.2945309838927854,1.2364566326141357,-0.004033646781782617,0.03914762224522229,0.47009643944268165,0.3874078796915667,0.09162419453456691,0.3396661404127124
S4_set_1,S4_set_2,1925-01-19,1925-01-19,0,same_date_different_recording,176,0.5178647255081651,0.9246108531951904,0.0127677565283153,0.03823270211152139,0.7606500843252668,0.5776755928654657,0.4576364927894288,0.2544021567835662
S4_set_1,S5_set_1,1925-01-19,1925-01-20,1,different_date,176,0.41421146260025765,1.0463746786117554,0.005958674360637886,0.0373690711766529,0.7176377778587885,0.5688898595273424,0.19167271503688738,0.1515952169148061
S4_set_1,S5_set_2,1925-01-19,1925-01-20,1,different_date,176,0.4186273334929901,0.9977807402610779,0.00022137495431829747,0.040774458870721994,0.6194325620630365,0.4908500804231147,0.3000835881854518,0.33002518510186035
S4_set_1,S6_set_1,1925-01-19,1925-01-26,7,different_date,176,0.34758740754370593,1.0678467750549316,0.002389872376492866,0.03932117944262054,0.5893479113707661,0.4374020170531498,0.28006586449328436,0.09967809280707282
S4_set_1,S6_set_2,1925-01-19,1925-01-26,7,different_date,176,0.2733674276720916,1.1361068487167358,-0.003632193602968241,0.03682252443217158,0.6049127429328635,0.30687684482616845,0.12460938597590165,0.19343592520602296
S4_set_1,S7_set_1,1925-01-19,1925-01-27,8,different_date,176,0.24813500669706953,1.3793009519577026,0.02552987992070147,0.03563799478729372,-0.019501221446715566,0.3713681987628345,0.374118323866448,0.29654191668795943
S4_set_1,S7_set_2,1925-01-19,1925-01-27,8,different_date,176,0.3052666134686908,1.042611837387085,0.02077198822001261,0.039407304900577915,0.515420798042701,0.3198503331384653,0.2423039265744178,0.1192369180058109
S4_set_1,S8_set_1,1925-01-19,1925-01-29,10,different_date,176,0.32418563335071376,1.071828842163086,0.015263601982962994,0.04144193719594904,0.4098932919054454,0.3371403913673628,0.35496739767073276,0.23200773369093133
S4_set_1,S8_set_2,1925-01-19,1925-01-29,10,different_date,176,0.16919958052409542,1.1652177572250366,0.004157283778071338,0.0348105248010766,0.18828485217580584,0.3219991593799302,0.12559305964033882,0.10583761947009497
S4_set_1,S9_set_1,1925-01-19,1925-02-02,14,different_date,176,0.29819332535562953,1.0937846899032593,0.04491451538651702,0.033702550293219814,0.5789177107106642,0.35590003293187533,0.18477817523011067,0.06427781390838763
S4_set_1,S9_set_2,1925-01-19,1925-02-02,14,different_date,176,0.20500116335999188,1.174923300743103,-0.013641146129102628,0.035606667371594763,0.27155152477850875,0.28894656588856,0.26511563085972606,0.14336433582324506
S4_set_1,S10_set_1,1925-01-19,1925-02-03,15,different_date,176,0.273899407775823,1.110663890838623,-0.008421701794766139,0.03913388347401571,0.5922383771850908,0.14690969301501483,0.1685052146610066,0.28032247981731057
S4_set_1,S10_set_2,1925-01-19,1925-02-03,15,different_date,176,0.2750352865385284,1.1853734254837036,0.00020973348008331103,0.03396300575946971,0.4219462378564994,0.31920441756684764,0.293047370677144,0.21025470396440704
S4_set_1,S11_set_1,1925-01-19,1925-02-06,18,different_date,176,0.3761949203007214,1.092574954032898,0.03103952356360026,0.03643420153205281,0.6019083474671206,0.23285433633621203,0.31085951548863644,0.2775038797173781
S4_set_1,S11_set_2,1925-01-19,1925-02-06,18,different_date,176,0.3028209498682422,1.2074289321899414,0.0019560740308387056,0.03831030230115469,0.6990963916313739,0.40792057398820897,0.08482125914613502,0.27475371911437035
S4_set_1,S12_set_1,1925-01-19,1925-02-09,21,different_date,176,0.37145912918944635,1.0966722965240479,0.012532903513098624,0.036300274632662534,0.6388179994071909,0.4454270118611127,0.14551456988609382,0.2568101465029783
S4_set_1,S12_set_2,1925-01-19,1925-02-09,21,different_date,176,0.26245659299975066,1.1493510007858276,-0.002614025766499529,0.03826889254937349,0.517641054607403,0.4128628615266607,-0.008107152150094788,0.22816552393403686
S4_set_2,S5_set_1,1925-01-19,1925-01-20,1,different_date,176,0.4238405503038739,0.9762635231018066,0.004516742844261911,0.03755935418725162,0.7495655254302993,0.40606356974020613,0.12085275955040971,0.3072304775153056
S4_set_2,S5_set_2,1925-01-19,1925-01-20,1,different_date,176,0.577573554584977,0.8001001477241516,0.004693971236169451,0.03900774319737253,0.741300114619519,0.5910425022142672,0.5377823886776688,0.4103046686927326
S4_set_2,S6_set_1,1925-01-19,1925-01-26,7,different_date,176,0.40258852600369566,0.9612097144126892,0.0002536823781868032,0.0363099509316394,0.7095289759036045,0.31443936257375116,0.34853880890660816,0.22686396415440743
S4_set_2,S6_set_2,1925-01-19,1925-01-26,7,different_date,176,0.3443049462622045,1.0163124799728394,0.002894993985749046,0.03411580547897917,0.6402519556062282,0.42570210678576254,0.19379622119448633,0.19571489631846817
S4_set_2,S7_set_1,1925-01-19,1925-01-27,8,different_date,176,0.29603722291848283,1.28476083278656,0.015339395376579832,0.03332990997953158,0.12168941417285753,0.3873598067285331,0.4463982144979318,0.29478615929999036
S4_set_2,S7_set_2,1925-01-19,1925-01-27,8,different_date,176,0.24898384591825276,1.0081002712249756,0.007783525816310357,0.03958497224408802,0.6191086281190044,0.3053049184281426,0.06632644263342216,0.09091307265702732
S4_set_2,S8_set_1,1925-01-19,1925-01-29,10,different_date,176,0.3817921176776058,0.9666780233383179,-0.0014086476005524384,0.03752890736001586,0.48476609475927207,0.4551680956176294,0.44242692590420163,0.19369488438826102
S4_set_2,S8_set_2,1925-01-19,1925-01-29,10,different_date,176,0.3410151589375213,0.9752589464187622,-0.0012767492944795436,0.03924779079713398,0.18875871000194305,0.49557414513670806,0.35320388252273244,0.3372484397396035
S4_set_2,S9_set_1,1925-01-19,1925-02-02,14,different_date,176,0.28493273572556943,1.0275241136550903,0.009844121685317722,0.036840240577897636,0.5129318232291258,0.32017794739166017,0.2137687572244076,0.18359615398273607
S4_set_2,S9_set_2,1925-01-19,1925-02-02,14,different_date,176,0.15133983632546125,1.1396749019622803,-0.006240037326666519,0.0345155477035642,0.24123091492652987,0.3484953607799842,0.1460580723559936,-0.0018642515212811271
S4_set_2,S10_set_1,1925-01-19,1925-02-03,15,different_date,176,0.3600731063967499,0.9774319529533386,-0.0018358861734111237,0.041326410033821724,0.6509802659688502,0.15603145439016955,0.31197765905073094,0.3297298483429991
S4_set_2,S10_set_2,1925-01-19,1925-02-03,15,different_date,176,0.3263624038710972,1.0835890769958496,-0.0058972375326445435,0.03702024180280894,0.44363664548655074,0.4107642244034454,0.21258017294177767,0.3496261938384271
S4_set_2,S11_set_1,1925-01-19,1925-02-06,18,different_date,176,0.4235328758008863,0.9942404627799988,0.008282264472319724,0.041004063644332116,0.658629040828034,0.3311589750853939,0.43305320008533765,0.23364541770506064
S4_set_2,S11_set_2,1925-01-19,1925-02-06,18,different_date,176,0.4455395460299234,1.0266374349594116,0.000336224292964592,0.03711004010483186,0.7069236654516263,0.5021169368274503,0.3508977842027156,0.3595800251656514
S4_set_2,S12_set_1,1925-01-19,1925-02-09,21,different_date,176,0.3962771948442251,1.009508490562439,-0.0012881053019569882,0.03929496988729105,0.6893210657727433,0.4050180991353353,0.23757163525156247,0.20182024312041974
S4_set_2,S12_set_2,1925-01-19,1925-02-09,21,different_date,176,0.39505720026433766,0.9784038662910461,0.002217149812664535,0.036623134748766974,0.6002852730593251,0.41630241505804416,0.223602282833777,0.3323919246144126
S5_set_1,S5_set_2,1925-01-20,1925-01-20,0,same_date_different_recording,176,0.4441746374958823,0.9420221447944641,-0.002887739576522017,0.034627489305534276,0.7861316521778741,0.33410194239856905,0.1968001742915386,0.22155199847260418
S5_set_1,S6_set_1,1925-01-20,1925-01-26,6,different_date,176,0.367722122233245,1.0110485553741455,-0.0023052937292648364,0.03959213032210456,0.648768872179016,0.4174922984708761,0.22090325074587155,0.03134299384174311
S5_set_1,S6_set_2,1925-01-20,1925-01-26,6,different_date,176,0.3736260161423731,1.0135284662246704,-0.002815677833297231,0.0387699719476205,0.557607557337947,0.34321703243654256,0.2579056975827282,0.3088596118853963
S5_set_1,S7_set_1,1925-01-20,1925-01-27,7,different_date,176,0.19067270285063542,1.384253740310669,0.0012555679543469291,0.04383002912018525,0.19115320201828634,0.24743021366433204,0.091438541295264,0.3079460034889066
S5_set_1,S7_set_2,1925-01-20,1925-01-27,7,different_date,176,0.3132554593320687,0.9907894134521484,-0.0005468321225391465,0.03557399799176556,0.5890922116145674,0.22272615014356026,0.195275248586873,0.24171267664569537
S5_set_1,S8_set_1,1925-01-20,1925-01-29,9,different_date,176,0.2329926267512679,1.1044613122940063,-0.007563222429268835,0.03548969243429579,0.4459421219689228,0.27801480671514905,0.05338818501611516,0.2289666411246895
S5_set_1,S8_set_2,1925-01-20,1925-01-29,9,different_date,176,0.1754708334318469,1.116613745689392,-0.0026986145623087657,0.03825170536909529,0.16445320489898724,0.25340999030300915,0.005552690580831126,0.27129580028256706
S5_set_1,S9_set_1,1925-01-20,1925-02-02,13,different_date,176,0.2639265681070706,1.0602421760559082,0.007269149200047922,0.03498013701989165,0.5106382685181448,0.3004662355800771,0.15285367483692813,0.13742698062000963
S5_set_1,S9_set_2,1925-01-20,1925-02-02,13,different_date,176,0.14174519581341805,1.1685426235198975,-0.000708167584259127,0.03464526344185051,0.16711050510347863,0.21589207926688597,0.16122992923036747,0.10997990280611318
S5_set_1,S10_set_1,1925-01-20,1925-02-03,14,different_date,176,0.2866644998947056,1.0535887479782104,-0.002196016953021176,0.03398149995422851,0.5476318799892843,0.03192144867753865,0.041885046925203166,0.35234789028246305
S5_set_1,S10_set_2,1925-01-20,1925-02-03,14,different_date,176,0.24198908269864786,1.1691535711288452,-0.006605175293565088,0.040758545569592276,0.3650455439739005,0.24329439432186897,0.1152128998652853,0.29037505773156175
S5_set_1,S11_set_1,1925-01-20,1925-02-06,17,different_date,176,0.33984744095054326,1.0824854373931885,0.0014164352711479194,0.03822309923949048,0.6735745211791627,0.3085379202049039,0.015264045169674355,0.22351075271515303
S5_set_1,S11_set_2,1925-01-20,1925-02-06,17,different_date,176,0.3362157045263278,1.1350754499435425,0.004637993343116046,0.036425927655447804,0.6462459599688972,0.3874075095881047,-0.19704352265041597,0.4141787330274035
S5_set_1,S12_set_1,1925-01-20,1925-02-09,20,different_date,176,0.37277426283299275,1.04155695438385,0.002618121421071441,0.038058460760177756,0.6214700868352588,0.25159813677109377,0.14145112533735799,0.2539166515900366
S5_set_1,S12_set_2,1925-01-20,1925-02-09,20,different_date,176,0.39281966192432044,0.9968892335891724,0.003559584609617934,0.03649855754270389,0.673430212348164,0.35651925452857697,0.1465884364812312,0.21751039963543214
S5_set_2,S6_set_1,1925-01-20,1925-01-26,6,different_date,176,0.3719566992117498,0.965947151184082,0.004316855110863482,0.03864037876505686,0.6846664972376784,0.21740377305781025,0.21108990401056474,0.26743852751048885
S5_set_2,S6_set_2,1925-01-20,1925-01-26,6,different_date,176,0.30315632072408655,1.0273314714431763,-0.00545337274198026,0.03732225120796388,0.6266250761906969,0.35680483236370153,0.11553381775873918,0.1409326477830535
S5_set_2,S7_set_1,1925-01-20,1925-01-27,7,different_date,176,0.2618091576547059,1.298431158065796,0.023558517130700878,0.03599671029649555,0.13704471266238152,0.2800613908542876,0.3947783137488114,0.25018079125356885
S5_set_2,S7_set_2,1925-01-20,1925-01-27,7,different_date,176,0.2834758242038879,0.9615601897239685,0.0031817360999031223,0.03261315092218017,0.5800950802771929,0.2664912593077156,0.22440822424412935,-0.017277885005554317
S5_set_2,S8_set_1,1925-01-20,1925-01-29,9,different_date,176,0.32200172310583974,0.9916088581085205,0.0015759427199512222,0.033870183314363034,0.41453125815857667,0.3391904827109474,0.39227875652341976,0.1937706118271056
S5_set_2,S8_set_2,1925-01-20,1925-01-29,9,different_date,176,0.18550926448186403,1.0600043535232544,-0.008676558708147984,0.0376097442463274,0.2378093179821548,0.19863920958394865,0.24771558927632767,0.18587088057170406
S5_set_2,S9_set_1,1925-01-20,1925-02-02,13,different_date,176,0.1827360688319256,1.0738128423690796,-0.019866739027613156,0.03442937816401896,0.4153785004290588,0.19294925320106768,0.24902685917878567,-0.005018158312337064
S5_set_2,S9_set_2,1925-01-20,1925-02-02,13,different_date,176,0.12532597090562833,1.1335957050323486,-0.010644484348244726,0.035141982148015546,0.1878263626450846,0.3265464406814671,0.11413152464155135,0.00573045253325615
S5_set_2,S10_set_1,1925-01-20,1925-02-03,14,different_date,176,0.29369340200296434,1.005003571510315,-0.00023062576308067225,0.03920882256028273,0.5015526238706545,0.038408081360626824,0.13083396189676788,0.47174930702236806
S5_set_2,S10_set_2,1925-01-20,1925-02-03,14,different_date,176,0.2666242352841984,1.111124873161316,-0.00683941256720426,0.03462022065975789,0.3746532876367811,0.34958053460268756,0.3142483853615045,0.17086659602360016
S5_set_2,S11_set_1,1925-01-20,1925-02-06,17,different_date,176,0.3976414736644301,0.9991483092308044,0.0009277999697801466,0.038633034034078015,0.6466301685433469,0.3126936258138918,0.3538419780373174,0.23477531446869188
S5_set_2,S11_set_2,1925-01-20,1925-02-06,17,different_date,176,0.3699494843598285,1.0766323804855347,-0.009461092686986085,0.03639212024237779,0.5979061063297348,0.4639898326921706,0.12482212488392341,0.42008913170158135
S5_set_2,S12_set_1,1925-01-20,1925-02-09,20,different_date,176,0.32237685472226796,1.049425721168518,-0.01059464352677042,0.03628002816833782,0.5316133219234416,0.35726658345935086,0.16818769430781058,0.17003570779320287
S5_set_2,S12_set_2,1925-01-20,1925-02-09,20,different_date,176,0.35695480058047674,0.988943874835968,0.004896359377907578,0.036130735420658554,0.5690796221338859,0.4923452695525784,0.14936598114573751,0.099597226741162
S6_set_1,S6_set_2,1925-01-26,1925-01-26,0,same_date_different_recording,176,0.49794451187468464,0.8797447085380554,-0.002875236828198973,0.0376516873333971,0.7699411377158861,0.506368310863229,0.4477932102584319,0.302609575320183
S6_set_1,S7_set_1,1925-01-26,1925-01-27,1,different_date,176,0.20896538605838177,1.3456379175186157,0.03140927853579993,0.03608096270698988,0.10829860681764211,0.425100801447885,0.14173278625746025,0.14333955496292083
S6_set_1,S7_set_2,1925-01-26,1925-01-27,1,different_date,176,0.32757384982506615,0.942906379699707,0.015272149904485595,0.036508561583017185,0.5832777734722194,0.42473992401191946,0.1715823638395808,0.1310953203521749
S6_set_1,S8_set_1,1925-01-26,1925-01-29,3,different_date,176,0.37899393115101304,0.9599888920783997,0.02293054680755098,0.03623309307394674,0.5453051952700705,0.47335119742682535,0.2959390330029706,0.21324602773596946
S6_set_1,S8_set_2,1925-01-26,1925-01-29,3,different_date,176,0.24149722299802126,1.034125566482544,-0.004572965604736097,0.03905377940646197,0.21226904532474244,0.39021438312199497,0.31306437208558163,0.160263488492901
S6_set_1,S9_set_1,1925-01-26,1925-02-02,7,different_date,176,0.2167117033409578,1.0597734451293945,-0.008335727869526922,0.0371944302355744,0.4725250940005435,0.2729389532814927,0.1839149357819407,0.06229087140159253
S6_set_1,S9_set_2,1925-01-26,1925-02-02,7,different_date,176,0.08930154837036737,1.1668281555175781,-0.011862691816895723,0.0353507069740754,0.25271004394481345,0.16345300321334238,0.16950328974315843,-0.056818880193711827
S6_set_1,S10_set_1,1925-01-26,1925-02-03,8,different_date,176,0.3783753422518141,0.9517160654067993,0.008447897379165223,0.032615155904338305,0.6790602669591944,0.19293592732201056,0.20115135479102664,0.33893362141818445
S6_set_1,S10_set_2,1925-01-26,1925-02-03,8,different_date,176,0.2598555277696033,1.1246212720870972,0.004204220527440994,0.03590367398249376,0.42810565101843795,0.18763294356521115,0.1266966015398736,0.31234769937395945
S6_set_1,S11_set_1,1925-01-26,1925-02-06,11,different_date,176,0.4014906424535645,1.0032565593719482,0.003660354216853058,0.03630246541056742,0.7484343689533901,0.3663225159996499,0.2041653830278559,0.26228351850542564
S6_set_1,S11_set_2,1925-01-26,1925-02-06,11,different_date,176,0.2972114038317568,1.1413280963897705,-0.01948882349540848,0.0353532677780852,0.7270067740598729,0.33333317928128764,0.0012679382003553414,0.2588910417087318
S6_set_1,S12_set_1,1925-01-26,1925-02-09,14,different_date,176,0.33413956462540356,1.0462419986724854,0.0005334735411466027,0.035436108512727126,0.6616323331208149,0.320420774642385,0.10514533367934405,0.1166198051470349
S6_set_1,S12_set_2,1925-01-26,1925-02-09,14,different_date,176,0.2594135305933257,1.0688380002975464,-0.010202986994842421,0.03552229909154995,0.5738777801620295,0.23581011194230717,0.07081715514494848,0.11336971315722505
S6_set_2,S7_set_1,1925-01-26,1925-01-27,1,different_date,176,0.12882684909629796,1.414089322090149,-0.013996983035063734,0.03998727572011879,0.04837743710126119,0.3776338145625954,-0.012298196327873753,0.2643102362056412
S6_set_2,S7_set_2,1925-01-26,1925-01-27,1,different_date,176,0.3118608761536068,0.9639275670051575,-0.006266599125739371,0.038903768247508054,0.6286754841195826,0.3006226329137929,0.2595693134172229,0.17039757042656936
S6_set_2,S8_set_1,1925-01-26,1925-01-29,3,different_date,176,0.3232507416514393,1.0121043920516968,-0.0026415206275900915,0.03600986982990408,0.4757444004294459,0.4452695615870856,0.21391075867676648,0.277057843731113
S6_set_2,S8_set_2,1925-01-26,1925-01-29,3,different_date,176,0.3254759216429971,0.9851464033126831,0.00980379952933512,0.03793944316571916,0.20267780236617342,0.5251497393289144,0.21919345229673437,0.32972747529017066
S6_set_2,S9_set_1,1925-01-26,1925-02-02,7,different_date,176,0.20249380018255309,1.0777493715286255,0.010042925617090446,0.040623118931383595,0.4664106982421902,0.11409947359683043,0.06824295231606325,0.21930025221207883
S6_set_2,S9_set_2,1925-01-26,1925-02-02,7,different_date,176,0.20581701008015466,1.0987374782562256,0.011215706475990577,0.04108278622591113,0.3346978278715863,0.370473126172815,0.24344597919984473,0.03967628339661789
S6_set_2,S10_set_1,1925-01-26,1925-02-03,8,different_date,176,0.375454611916103,0.9623892307281494,0.003891591360566569,0.036431843292963804,0.7328150381586619,0.1586281247709273,0.22565614700613085,0.3357260607569489
S6_set_2,S10_set_2,1925-01-26,1925-02-03,8,different_date,176,0.3531908158003969,1.0593338012695312,0.005005120492773517,0.03532796646268382,0.5087380392684274,0.2841356532924483,0.20671055978531647,0.4087217257350746
S6_set_2,S11_set_1,1925-01-26,1925-02-06,11,different_date,176,0.30917752401072235,1.0851622819900513,-0.0020912973874246954,0.04072411013676665,0.7232366007841835,0.2620820768559736,0.052427824511600656,0.26797562202261294
S6_set_2,S11_set_2,1925-01-26,1925-02-06,11,different_date,176,0.2702995685692391,1.1693031787872314,0.000540937539038731,0.036889420913529355,0.7344851315660482,0.3549923712139228,-0.07901974219199506,0.20643999744904826
S6_set_2,S12_set_1,1925-01-26,1925-02-09,14,different_date,176,0.3295730071751631,1.0562679767608643,-8.188853195007534e-05,0.03424680730373462,0.5950159554607819,0.25647720852448647,0.042753798478087676,0.3476529750034767
S6_set_2,S12_set_2,1925-01-26,1925-02-09,14,different_date,176,0.24150972788921218,1.0899291038513184,0.0029388482608837447,0.033018327443060734,0.47456046874643204,0.16670644354275488,0.07336258996926949,0.2661940560605292
S7_set_1,S7_set_2,1925-01-27,1925-01-27,0,same_date_different_recording,176,0.2631394048621131,1.2550461292266846,0.059176988600943344,0.038537013850033955,0.24295180834012772,0.3836940032262679,0.1865119306218267,0.08272962347998744
S7_set_1,S8_set_1,1925-01-27,1925-01-29,2,different_date,176,0.3826473100996001,1.198262333869934,0.05055582672071112,0.03577460161751957,0.10104532850544155,0.5237383126690102,0.4332619801393744,0.37157829426994116
S7_set_1,S8_set_2,1925-01-27,1925-01-29,2,different_date,176,0.13688153911315237,1.3712204694747925,-0.03188248213225489,0.032028944670284616,-0.2131260779920697,0.4439510676104526,0.17537187429142168,0.2701483757724091
S7_set_1,S9_set_1,1925-01-27,1925-02-02,6,different_date,176,0.14264870339885155,1.3683334589004517,-0.02874635233500295,0.03641240550632583,-0.005178507031260031,0.38126253720921477,0.39827360286213104,-0.005879747494023507
S7_set_1,S9_set_2,1925-01-27,1925-02-02,6,different_date,176,0.04777540611004084,1.4587005376815796,-0.06621988435701086,0.03357829558106971,-0.17469236156385595,0.16150158983971294,0.26680471641013215,0.2085150792653796
S7_set_1,S10_set_1,1925-01-27,1925-02-03,7,different_date,176,0.24184401115645213,1.3031800985336304,0.0013230862290288404,0.035031901189868535,0.08580374751563064,0.293571124942473,0.3151842775074766,0.40728539281630294
S7_set_1,S10_set_2,1925-01-27,1925-02-03,7,different_date,176,0.14187728879353173,1.450656533241272,-0.0034691559647364277,0.033920763935094626,-0.0766443607158143,0.14401060766273382,0.2622368741105615,0.31424295261221347
S7_set_1,S11_set_1,1925-01-27,1925-02-06,10,different_date,176,0.2839709804096986,1.322459101676941,0.04605350321365156,0.0350495403347969,0.034948609368785896,0.36110647241992283,0.5145739363779305,0.2036080848981266
S7_set_1,S11_set_2,1925-01-27,1925-02-06,10,different_date,176,0.1774911700296226,1.4561980962753296,-0.0461491281922991,0.03459448618153604,0.042758499297967954,0.3659743086383145,0.3580115645629614,0.25948783941030373
S7_set_1,S12_set_1,1925-01-27,1925-02-09,13,different_date,176,0.1839968660720326,1.3937205076217651,-0.013333716657048411,0.034613867667297626,0.03955565498297721,0.45935208482606277,0.20694669278477276,0.20460988195873092
S7_set_1,S12_set_2,1925-01-27,1925-02-09,13,different_date,176,0.15871459465105967,1.3891183137893677,-0.005786060806080799,0.037384432035620724,0.10750542640026939,0.16214535414185563,0.2893860499953702,0.168400081693748
S7_set_2,S8_set_1,1925-01-27,1925-01-29,2,different_date,176,0.3400093498566994,0.922685980796814,0.031828854829984314,0.03702104542625525,0.42265708565630405,0.5231315497119088,0.32453790290029905,0.04643554538687676
S7_set_2,S8_set_2,1925-01-27,1925-01-29,2,different_date,176,0.1122110603153776,1.0363072156906128,-0.010444085028310708,0.03528209050978267,0.09937396713250676,0.3355395758134597,-0.043235628126526926,0.1746323939334781
S7_set_2,S9_set_1,1925-01-27,1925-02-02,6,different_date,176,0.17878104035947098,1.0065829753875732,0.0005650722018147216,0.03893652536362026,0.3123087997973147,0.24988049403760715,0.15306258436640566,0.10281897095837433
S7_set_2,S9_set_2,1925-01-27,1925-02-02,6,different_date,176,0.11084003313007067,1.0738626718521118,-0.031909339622992514,0.03523388026994733,0.1473052433243331,0.2451838760558883,0.23102510921103434,-0.004280653412593208
S7_set_2,S10_set_1,1925-01-27,1925-02-03,7,different_date,176,0.19910715703864226,1.0039334297180176,0.0016757738407634313,0.03902004469315674,0.542435095605366,0.26700801366310417,0.04837419115181804,0.017697033862237588
S7_set_2,S10_set_2,1925-01-27,1925-02-03,7,different_date,176,0.24263445623247126,1.0736244916915894,-0.001052457874681602,0.03678432389371217,0.3682751378222314,0.27403841371659254,0.26296008985925995,0.18510537620532294
S7_set_2,S11_set_1,1925-01-27,1925-02-06,10,different_date,176,0.3130885790797793,1.0141510963439941,0.022736875774090674,0.037410914065904764,0.6105356610510579,0.25885674645934814,0.24038069345002488,0.07320482391038463
S7_set_2,S11_set_2,1925-01-27,1925-02-06,10,different_date,176,0.09150874389270378,1.224077820777893,-0.02434906189748116,0.033591882965489345,0.5082155821041812,0.28443602843219956,-0.17976005675828877,0.08370536695049204
S7_set_2,S12_set_1,1925-01-27,1925-02-09,13,different_date,176,0.316184186858648,0.9983916282653809,0.00015632308217168947,0.03526522707385988,0.4995202289982361,0.4240137494511553,0.16893183556058594,0.2571842877957589
S7_set_2,S12_set_2,1925-01-27,1925-02-09,13,different_date,176,0.22575316433637616,1.0216314792633057,-0.004279085947775029,0.03704233170465584,0.4660447916650104,0.10075756253472291,0.1592509479266242,0.2757375040762243
S8_set_1,S8_set_2,1925-01-29,1925-01-29,0,same_date_different_recording,176,0.3167725729817511,0.9703335762023926,-0.0022763362485536064,0.036175925620989265,0.2314468267731191,0.4999615961929909,0.26353278020770055,0.26751478097049824
S8_set_1,S9_set_1,1925-01-29,1925-02-02,4,different_date,176,0.25907546646817164,1.0234429836273193,0.004653923143830294,0.03521507767841728,0.32161141113279473,0.36039906300980074,0.3092335682604277,0.130838085853438
S8_set_1,S9_set_2,1925-01-29,1925-02-02,4,different_date,176,0.20873562487379738,1.0781923532485962,-0.02778966381530433,0.03619854511369894,0.1305312844552646,0.269412419426744,0.19634298646753387,0.30283383717199347
S8_set_1,S10_set_1,1925-01-29,1925-02-03,5,different_date,176,0.3188586345595693,0.986698567867279,0.008153420855288206,0.03883586694852755,0.4321486534128116,0.3568705818246254,0.34288666440365034,0.21810230828662272
S8_set_1,S10_set_2,1925-01-29,1925-02-03,5,different_date,176,0.3195121664974268,1.0706377029418945,0.00806538731144462,0.03490204472527706,0.36526236293024533,0.24070318558714726,0.3000565794496622,0.3973203012705033
S8_set_1,S11_set_1,1925-01-29,1925-02-06,8,different_date,176,0.3918033902225345,1.003700613975525,0.01547293193346713,0.03669143212808646,0.5719604979109904,0.34689452252162556,0.47495830608995687,0.2375684874231097
S8_set_1,S11_set_2,1925-01-29,1925-02-06,8,different_date,176,0.30814554296722474,1.1264495849609375,-0.02904079495622698,0.03464688148820222,0.5202517325106304,0.3929279365276075,0.15931467551618672,0.37991934799095994
S8_set_1,S12_set_1,1925-01-29,1925-02-09,11,different_date,176,0.2824467622026016,1.0797083377838135,-0.0005204502318935305,0.03644019953484518,0.46548676979039877,0.3921969033813098,0.05593532107803022,0.2450146198903065
S8_set_1,S12_set_2,1925-01-29,1925-02-09,11,different_date,176,0.22087451591035914,1.0875790119171143,-0.013358843700782042,0.03881332774508746,0.5137541218689636,0.11338695963901703,0.23147262708186167,0.23339337234806878
S8_set_2,S9_set_1,1925-01-29,1925-02-02,4,different_date,176,0.22947869593966247,1.0118913650512695,0.031104245765002113,0.03861548762013895,0.15434009389646888,0.21509251901245757,0.26744038069032905,0.209518495391412
S8_set_2,S9_set_2,1925-01-29,1925-02-02,4,different_date,176,0.22170852684832387,1.0405185222625732,0.015513767475540691,0.04004640095169222,0.20718932282476002,0.29353069390884906,0.04556119940965743,0.23880406397306003
S8_set_2,S10_set_1,1925-01-29,1925-02-03,5,different_date,176,0.2353285496329496,1.0164684057235718,0.0030403376512070797,0.03815232020828704,0.2304507937996701,0.02914779087916403,0.4186296013185852,0.28025079217594895
S8_set_2,S10_set_2,1925-01-29,1925-02-03,5,different_date,176,0.2640858186122881,1.08840811252594,0.011345588924459653,0.041877778609658654,0.3222139196309862,0.2532388780722191,0.186499001271811,0.2814479066490786
S8_set_2,S11_set_1,1925-01-29,1925-02-06,8,different_date,176,0.267448968808406,1.0756452083587646,-0.0013163511310175118,0.03484312160632946,0.19522635052015364,0.26355171355021656,0.3490215478217281,0.32085806377154424
S8_set_2,S11_set_2,1925-01-29,1925-02-06,8,different_date,176,0.2849362955999353,1.121221661567688,0.012886529173014392,0.03963903506085018,0.25877752540396665,0.4092095315432548,0.23407724049728332,0.24339019725639513
S8_set_2,S12_set_1,1925-01-29,1925-02-09,11,different_date,176,0.23342637320417364,1.0867687463760376,0.008529284418008293,0.0326175319028551,0.14694841736854833,0.31393537822486445,0.19399640130689777,0.25069906520653396
S8_set_2,S12_set_2,1925-01-29,1925-02-09,11,different_date,176,0.17227243597169709,1.091155767440796,-0.005364489338273168,0.036545286459320016,0.20922466830170375,0.20318447146326624,0.13362075502180143,0.20709359444337322
S9_set_1,S9_set_2,1925-02-02,1925-02-02,0,same_date_different_recording,176,0.24210386204176965,1.0318541526794434,0.018385029342016645,0.03710445266385239,0.4702705821823373,0.13928066980847414,0.22106161314774003,0.2481122726767761
S9_set_1,S10_set_1,1925-02-02,1925-02-03,1,different_date,176,0.2879195233421898,0.9874005913734436,-0.0026321892973444855,0.03575724944675529,0.5631205542887275,0.4250555590374773,0.2943295725405027,0.04611291002162385
S9_set_1,S10_set_2,1925-02-02,1925-02-03,1,different_date,176,0.231203046864848,1.1181586980819702,0.012935661316283422,0.03645601685069624,0.44112607020857275,0.30970357727326847,0.15591561954348182,0.15173488077593766
S9_set_1,S11_set_1,1925-02-02,1925-02-06,4,different_date,176,0.4130145220314335,0.9712817072868347,0.03270245811272499,0.03317170088164028,0.4471357832967304,0.3990505145277957,0.4118915174245167,0.38181424051892776
S9_set_1,S11_set_2,1925-02-02,1925-02-06,4,different_date,176,0.27754140699057517,1.1295236349105835,0.014710366357343378,0.03463780447155984,0.4899444279777147,0.3405984855332258,0.1578118908595946,0.23299464039023024
S9_set_1,S12_set_1,1925-02-02,1925-02-09,7,different_date,176,0.29623643768501673,1.0420485734939575,0.02945121391753866,0.034696829087159126,0.4503183922169225,0.28107992796899134,0.19105742190378197,0.2294020790075582
S9_set_1,S12_set_2,1925-02-02,1925-02-09,7,different_date,176,0.19514073472353163,1.0799717903137207,-0.01665488517228209,0.03595873139985064,0.3172267648997757,0.17265019470340928,0.19870597425600564,0.22927607119893106
S9_set_2,S10_set_1,1925-02-02,1925-02-03,1,different_date,176,0.20960270829368052,1.0646798610687256,-0.005143059464182249,0.03535661701755384,0.43642539283545684,0.1911457353841861,0.23456023718064467,0.12703185145934212
S9_set_2,S10_set_2,1925-02-02,1925-02-03,1,different_date,176,0.3235894101664405,1.0691941976547241,0.002811525867642414,0.04099803392980957,0.41874086095064583,0.37642131905242415,0.2859774390621279,0.300469791761985
S9_set_2,S11_set_1,1925-02-02,1925-02-06,4,different_date,176,0.13754589595223807,1.1953837871551514,-0.02313563887536607,0.03186483633747856,0.22331286089925953,0.1779271258539778,0.02580999527600095,0.2669953494657872
S9_set_2,S11_set_2,1925-02-02,1925-02-06,4,different_date,176,0.2303005177650733,1.185322880744934,0.0214893176533708,0.039312172695627964,0.35914828730265613,0.25102734979596464,0.18699227458274653,0.16852103586007516
S9_set_2,S12_set_1,1925-02-02,1925-02-09,7,different_date,176,0.18459376210304163,1.146250605583191,0.010420013919490101,0.03336155628051327,0.23674342638281115,0.17923865334663253,0.06590003373955725,0.25541775327748223
S9_set_2,S12_set_2,1925-02-02,1925-02-09,7,different_date,176,0.09978217229808617,1.168555736541748,-0.006056610796214064,0.03551761560167767,0.14543992305231973,0.1852214537988975,0.0420530900688485,0.06629960897966064
S10_set_1,S10_set_2,1925-02-03,1925-02-03,0,same_date_different_recording,176,0.36544662607890427,1.0251660346984863,0.003571901840956596,0.03294267403202404,0.6690950687408324,0.40333616753872203,0.29247111442832585,0.2528320389915364
S10_set_1,S11_set_1,1925-02-03,1925-02-06,3,different_date,176,0.43924800334933933,0.9556770324707031,0.002396034789777095,0.04064368132711458,0.6789868808809106,0.38749920131192095,0.46316976015195543,0.2459922739834174
S10_set_1,S11_set_2,1925-02-03,1925-02-06,3,different_date,176,0.422568703198204,1.0221543312072754,-0.004698854329754999,0.040211068495826195,0.6933647926976968,0.2624590265920168,0.3488893378432747,0.44182357445984793
S10_set_1,S12_set_1,1925-02-03,1925-02-09,6,different_date,176,0.36714848851340776,1.000512719154358,0.005965628762116842,0.031955374692560025,0.6458920878588279,0.37641577229766104,0.2465804980903418,0.1730324399412134
S10_set_1,S12_set_2,1925-02-03,1925-02-09,6,different_date,176,0.23299178175250818,1.0656945705413818,-0.007174021854241672,0.034219682805141434,0.4842517713096266,0.08491974089907516,0.24016898505181444,0.13466990384304922
S10_set_2,S11_set_1,1925-02-03,1925-02-06,3,different_date,176,0.34849548870420394,1.1026411056518555,0.0011929819028752482,0.03642765788014437,0.4566399688762554,0.39750082209678145,0.3756976409998737,0.2939086592356522
S10_set_2,S11_set_2,1925-02-03,1925-02-06,3,different_date,176,0.35529585944215614,1.144327998161316,-0.004012563405220153,0.03865966976246405,0.49605722261703994,0.49025414644933135,0.2627992306679782,0.3172111130455793
S10_set_2,S12_set_1,1925-02-03,1925-02-09,6,different_date,176,0.3117804048699829,1.1212626695632935,0.004148573468019511,0.03599728371673913,0.4096845994687616,0.2996069203894718,0.23120292802487988,0.3410746052178042
S10_set_2,S12_set_2,1925-02-03,1925-02-09,6,different_date,176,0.238533225797,1.1485117673873901,-0.010245283268051656,0.03804194628518194,0.319509660993299,0.3370320498854582,0.1419765059470456,0.2643229123005071
S11_set_1,S11_set_2,1925-02-06,1925-02-06,0,same_date_different_recording,176,0.4689703355103528,1.032336711883545,-0.012473067970434175,0.03775164009049754,0.7791496362995964,0.5834640456738959,0.4039163395191853,0.346044848232001
S11_set_1,S12_set_1,1925-02-06,1925-02-09,3,different_date,176,0.486789481665389,0.9616292119026184,0.007189780973979793,0.03679206257802888,0.7122140766009196,0.40561279700778685,0.4151328399897351,0.38351673727859825
S11_set_1,S12_set_2,1925-02-06,1925-02-09,3,different_date,176,0.4345626235750925,0.9823341369628906,-0.003921236828768108,0.03746578474103883,0.6698123421979785,0.3511361972722973,0.4787251875053172,0.2685451208217934
S11_set_2,S12_set_1,1925-02-06,1925-02-09,3,different_date,176,0.4211898420945126,1.0654510259628296,0.004006438940565789,0.037876440770967267,0.6653423021464039,0.38433910610356065,0.2429279580055692,0.41490259340180224
S11_set_2,S12_set_2,1925-02-06,1925-02-09,3,different_date,176,0.3629404354536549,1.092691421508789,0.01094343004255862,0.03584705303924609,0.5449626879296916,0.48539011248916414,0.24461410249502816,0.24680602612870833
S12_set_1,S12_set_2,1925-02-09,1925-02-09,0,same_date_different_recording,176,0.5671779191839061,0.8472390174865723,-0.007416924574837591,0.0373988231446599,0.8356515906194437,0.49633653888290463,0.5385408559973863,0.37632923601023355
