left,right,left_split,right_split,days_apart,n_common,n_union,jaccard,sufficient,r_norm_flat,rmse_norm,r_raw_a,r_raw_c,r_raw_magnitude,r_raw_baseline,null_r_mean,actual_minus_null
sub-C_ses-CO-20150309,sub-C_ses-CO-20150311,train,train,2,42,60,0.7,True,0.617246095346375,0.8535749316215515,0.48618718232150765,0.730332070582231,0.49784197813804226,0.8554052700166467,-0.0005951150548703388,0.6178412104012453
sub-C_ses-CO-20150309,sub-C_ses-CO-20150312,train,train,3,42,63,0.6666666666666666,True,0.6462729220819502,0.8396210670471191,0.5015536740058529,0.7803591181242255,0.583012671930226,0.8249401661013482,-0.0051609188900354815,0.6514338409719856
sub-C_ses-CO-20150309,sub-C_ses-CO-20150313,train,train,4,39,61,0.639344262295082,True,0.6117656529881494,0.8412993550300598,0.5897161254955108,0.6579240002441631,0.5065932408994664,0.8187401866502406,0.0019020401508227291,0.6098636128373267
sub-C_ses-CO-20150309,sub-C_ses-CO-20150319,train,train,10,32,59,0.5423728813559322,True,0.6195342433579881,0.8801771998405457,0.6358729607800039,0.6862294476068147,0.5141970275731048,0.7615321375996743,-0.0095000149189414,0.6290342582769295
sub-C_ses-CO-20150309,sub-C_ses-CO-20150629,train,train,112,26,57,0.45614035087719296,True,0.387860529434484,0.9988382458686829,0.42950998129637274,0.46229049693767316,0.6591460332252173,0.10169147785926863,-0.010686704297443122,0.39854723373192713
sub-C_ses-CO-20150309,sub-C_ses-CO-20150630,train,train,113,22,57,0.38596491228070173,True,0.1636304258182817,1.3529449701309204,0.18162235784551187,0.2874637784615131,0.12133626206262067,0.09659327192091088,-0.007876278237080127,0.1715067040553618
sub-C_ses-CO-20150309,sub-C_ses-CO-20150701,train,train,114,26,56,0.4642857142857143,True,0.2946847249047473,1.1527466773986816,0.4294410386770656,0.37340312613883864,0.3841265540845396,0.12183412416773864,-0.01823279330995113,0.31291751821469843
sub-C_ses-CO-20150309,sub-C_ses-CO-20150703,train,train,116,27,57,0.47368421052631576,True,0.40501675085458233,1.1112158298492432,0.43074267412395995,0.5118156901319837,0.575528769742685,0.23015918964947274,-0.03020674344574137,0.4352234943003237
sub-C_ses-CO-20150309,sub-C_ses-CO-20150706,train,train,119,23,56,0.4107142857142857,True,0.33937529471027783,1.1213425397872925,0.4435448218067938,0.31797585557347363,0.5622251039712313,0.10795156483114396,0.006074570822781875,0.33330072388749593
sub-C_ses-CO-20150309,sub-C_ses-CO-20150707,train,train,120,24,52,0.46153846153846156,True,0.28955917738373105,1.1111595630645752,0.3358151634251122,0.38444820263683455,0.38242320430756055,0.12382461091843891,0.0018494748345524114,0.28770970254917866
sub-C_ses-CO-20150309,sub-C_ses-CO-20150708,train,train,121,32,56,0.5714285714285714,True,0.37576445894943106,1.118516445159912,0.39319724258638117,0.4744689855497071,0.45049916784077537,0.3293658359784202,-0.011621514166840216,0.38738597311627126
sub-C_ses-CO-20150309,sub-C_ses-CO-20150709,train,train,122,26,55,0.4727272727272727,True,0.3253544475642575,1.2791869640350342,0.33811879151768726,0.45526379956131774,0.43496612648320476,0.1836029792058548,-0.010448840799584615,0.33580328836384216
sub-C_ses-CO-20150309,sub-C_ses-CO-20150710,train,train,123,24,53,0.4528301886792453,True,0.3382790593522843,1.1739965677261353,0.33209788434568355,0.40696453051811815,0.6181314906078758,0.12299082411745635,0.0013849486380788784,0.33689411071420544
sub-C_ses-CO-20150309,sub-C_ses-CO-20150713,train,train,126,26,57,0.45614035087719296,True,0.379124444360283,1.152119517326355,0.4585871721787318,0.4534336145715829,0.5271904326284002,0.15770805017143064,-0.015192506779638465,0.39431695113992143
sub-C_ses-CO-20150309,sub-C_ses-CO-20150714,train,train,127,29,56,0.5178571428571429,True,0.3195478256949572,1.161993384361267,0.15995643028746837,0.4412237102122685,0.43595859077939,0.25426304846826375,-0.0063580586252049145,0.3259058843201621
sub-C_ses-CO-20150309,sub-C_ses-CO-20150715,train,train,128,28,56,0.5,True,0.2784001735490035,1.0699747800827026,0.2579683331484821,0.36646784568076374,0.3694665732998481,0.18095803559455273,-0.004765716654564486,0.28316589020356797
sub-C_ses-CO-20150309,sub-C_ses-CO-20150716,train,train,129,26,57,0.45614035087719296,True,0.36261463357557316,1.1575469970703125,0.4148574963122445,0.44768399486679156,0.5167219969731399,0.15316063027617638,-0.0033683525328828466,0.36598298610845603
sub-C_ses-CO-20150309,sub-C_ses-CO-20151103,train,dev,239,21,53,0.39622641509433965,True,0.05845724317991228,1.2538262605667114,0.36445941017218586,-0.08671797278054755,-0.03230729432226476,-0.13911657048983098,0.02519502124220912,0.03326222193770316
sub-C_ses-CO-20150309,sub-C_ses-CO-20151104,train,dev,240,27,62,0.43548387096774194,True,0.12824181883870142,1.4210045337677002,0.3614993347831535,0.18395472393423984,0.038760445245931224,-0.12082742996007326,-0.006718179451718824,0.13495999829042024
sub-C_ses-CO-20150309,sub-C_ses-CO-20151106,train,dev,242,29,59,0.4915254237288136,True,0.26401115281363363,1.3004201650619507,0.4202219993252493,0.3472112766071886,0.1791433931896618,0.13992205552924789,0.008715740993275595,0.25529541182035803
sub-C_ses-CO-20150309,sub-C_ses-CO-20151109,train,dev,245,32,58,0.5517241379310345,True,0.2400497245541622,1.2781718969345093,0.42528297188634867,0.19500622243905052,0.2002015922130859,0.2059577595946342,-0.008686993443962872,0.24873671799812508
sub-C_ses-CO-20150309,sub-C_ses-CO-20151110,train,dev,246,30,58,0.5172413793103449,True,0.2722641906270441,1.3005446195602417,0.43382191521272867,0.3175047978198686,0.21448856928818152,0.1925087693567753,-0.017776836942947113,0.2900410275699912
sub-C_ses-CO-20150309,sub-C_ses-CO-20151112,train,dev,248,26,56,0.4642857142857143,True,0.31103742893401815,1.3823065757751465,0.3609456383450631,0.49911071136511176,0.2268989631708664,0.26453031774472174,0.00012882375381286477,0.3109086051802053
sub-C_ses-CO-20150311,sub-C_ses-CO-20150312,train,train,1,47,62,0.7580645161290323,True,0.8128414453825534,0.6334087252616882,0.7938206828431824,0.8378715678445334,0.7561646023209566,0.8907569537995486,0.01333857306499449,0.7995028723175589
sub-C_ses-CO-20150311,sub-C_ses-CO-20150313,train,train,2,45,59,0.7627118644067796,True,0.850384046347822,0.5619199275970459,0.8817786697475744,0.8306379703864544,0.8020380888173128,0.9175807031440893,-0.006094897238824039,0.8564789435866461
sub-C_ses-CO-20150311,sub-C_ses-CO-20150319,train,train,8,36,59,0.6101694915254238,True,0.6630848115179411,0.8700094819068909,0.7312851806551485,0.641618014964348,0.6004714793357628,0.6787512444075187,0.007982112198174816,0.6551026993197663
sub-C_ses-CO-20150311,sub-C_ses-CO-20150629,train,train,110,26,61,0.4262295081967213,True,0.37243936265286687,1.1395355463027954,0.03361925715287082,0.4650898449025916,0.6006617464564245,0.3729894257237442,-0.0066125306656127855,0.37905189331847966
sub-C_ses-CO-20150311,sub-C_ses-CO-20150630,train,train,111,24,59,0.4067796610169492,True,0.23184412291447007,1.3878228664398193,-0.22552555701707042,0.3186438930571892,0.3847097796821223,0.3904891490339084,-0.000586262431004747,0.2324303853454748
sub-C_ses-CO-20150311,sub-C_ses-CO-20150701,train,train,112,26,60,0.43333333333333335,True,0.1542259823684021,1.379218339920044,-0.14175945711495438,0.22445481810580292,0.28543380712522937,0.28156980272789073,-0.012170021055316832,0.16639600342371894
sub-C_ses-CO-20150311,sub-C_ses-CO-20150703,train,train,114,27,61,0.4426229508196721,True,0.2668466277314102,1.2833653688430786,-0.053350510970532006,0.4766574722127783,0.4135939835137992,0.31910428613971614,-0.024346208728579146,0.29119283645998933
sub-C_ses-CO-20150311,sub-C_ses-CO-20150706,train,train,117,25,58,0.43103448275862066,True,0.25126858261275953,1.272560477256775,0.017571229894056403,0.33397882477854834,0.37607290974962393,0.27398802761719276,0.007658349251853595,0.24361023336090593
sub-C_ses-CO-20150311,sub-C_ses-CO-20150707,train,train,118,23,57,0.40350877192982454,True,0.2636254601171263,1.2758265733718872,-0.028444126035755007,0.4382061090793575,0.39611063076427416,0.28068131350974806,0.00763145674813408,0.2559940033689922
sub-C_ses-CO-20150311,sub-C_ses-CO-20150708,train,train,119,32,60,0.5333333333333333,True,0.23831027035358832,1.3821908235549927,0.10640389769236354,0.41810863247208196,0.1507081493456393,0.3296978214223847,-0.014682793816657443,0.25299306417024575
sub-C_ses-CO-20150311,sub-C_ses-CO-20150709,train,train,120,26,59,0.4406779661016949,True,0.2917335697418734,1.3680834770202637,0.03009514012053503,0.42729976226328836,0.3914999498575301,0.37703854902152395,-0.008751402141135496,0.30048497188300893
sub-C_ses-CO-20150311,sub-C_ses-CO-20150710,train,train,121,23,58,0.39655172413793105,True,0.25746125865009006,1.3304333686828613,-0.16774210427004746,0.3919043381883504,0.46823359177390866,0.2758592414667744,-0.0010222698760438843,0.25848352852613393
sub-C_ses-CO-20150311,sub-C_ses-CO-20150713,train,train,124,26,61,0.4262295081967213,True,0.36669887614231356,1.1991829872131348,-0.01877437659321257,0.5369247332411774,0.5892789127393401,0.32317010051697875,-0.003924575533400411,0.370623451675714
sub-C_ses-CO-20150311,sub-C_ses-CO-20150714,train,train,125,29,60,0.48333333333333334,True,0.4231200551815552,1.1272064447402954,-0.019047197663641602,0.5460262531866092,0.6309084199652351,0.4476656203466715,0.007282525206976471,0.41583752997457873
sub-C_ses-CO-20150311,sub-C_ses-CO-20150715,train,train,126,29,59,0.4915254237288136,True,0.3113115662696463,1.1605161428451538,0.0808810389267527,0.4246301980512446,0.37504505990638853,0.33593361459751775,0.012921677860592052,0.2983898884090542
sub-C_ses-CO-20150311,sub-C_ses-CO-20150716,train,train,127,27,60,0.45,True,0.29055947750980166,1.2963260412216187,0.03350364425424514,0.49189007262907863,0.34332392203684414,0.28582881213924793,-0.0063335395853769015,0.29689301709517857
sub-C_ses-CO-20150311,sub-C_ses-CO-20151103,train,dev,237,23,55,0.41818181818181815,True,0.08771521238510958,1.5713822841644287,0.3420447152653345,0.0468274720372579,-0.12225857999907436,0.12750446172090427,-0.011439824164935315,0.0991550365500449
sub-C_ses-CO-20150311,sub-C_ses-CO-20151104,train,dev,238,30,63,0.47619047619047616,True,0.19629482778857602,1.618154764175415,0.2574396779426364,0.2780357688928953,0.08647427189267219,0.22979958347126864,0.0009358292870218388,0.19535899850155417
sub-C_ses-CO-20150311,sub-C_ses-CO-20151106,train,dev,240,31,61,0.5081967213114754,True,0.2771004057749407,1.5083688497543335,0.2640193914067807,0.3717254872427476,0.16356842162417054,0.41455434145952225,-0.0002934948377644031,0.27739390061270514
sub-C_ses-CO-20150311,sub-C_ses-CO-20151109,train,dev,243,31,63,0.49206349206349204,True,0.23007839205147973,1.6008464097976685,0.2450778011067557,0.23621925967663737,0.14021099372559886,0.3796862213666326,0.0021326355067683854,0.22794575654471133
sub-C_ses-CO-20150311,sub-C_ses-CO-20151110,train,dev,244,32,60,0.5333333333333333,True,0.22747204061480697,1.6669379472732544,0.2639683099013468,0.2450704853804474,0.1418632746456092,0.3689362859537007,-0.005100857384942417,0.2325728979997494
sub-C_ses-CO-20150311,sub-C_ses-CO-20151112,train,dev,246,27,59,0.4576271186440678,True,0.17032874756473634,1.7652777433395386,0.12883265725644505,0.2629702817944955,0.11084843241551179,0.3550693958706075,-0.00959702786429246,0.1799257754290288
sub-C_ses-CO-20150312,sub-C_ses-CO-20150313,train,train,1,46,61,0.7540983606557377,True,0.8675245325308301,0.5037254691123962,0.8515461108905004,0.8785427793287973,0.8401630392105324,0.9272729705352981,0.012383260204665434,0.8551412723261647
sub-C_ses-CO-20150312,sub-C_ses-CO-20150319,train,train,7,37,61,0.6065573770491803,True,0.6734640266240319,0.8409460783004761,0.758239724457218,0.6433607681875179,0.5083968375824488,0.7739170129273272,0.009048353411403776,0.6644156732126282
sub-C_ses-CO-20150312,sub-C_ses-CO-20150629,train,train,109,28,62,0.45161290322580644,True,0.4072112411454005,1.1551804542541504,0.26420820964185304,0.4633797985666379,0.5142403656239267,0.37288755084666475,-0.011287070551188745,0.4184983116965893
sub-C_ses-CO-20150312,sub-C_ses-CO-20150630,train,train,110,24,62,0.3870967741935484,True,0.24234183279435045,1.4121960401535034,0.037716132422060934,0.2734963350640006,0.3269782724542996,0.3170870733717754,-0.0040719463487500634,0.24641377914310053
sub-C_ses-CO-20150312,sub-C_ses-CO-20150701,train,train,111,27,62,0.43548387096774194,True,0.2306359181829795,1.2756906747817993,-0.04187523411226304,0.3101178830506188,0.35892564929625165,0.3146333681331699,0.015312671983422349,0.21532324619955714
sub-C_ses-CO-20150312,sub-C_ses-CO-20150703,train,train,113,27,64,0.421875,True,0.33078570639449306,1.1974531412124634,0.02977824244283297,0.5125502279070019,0.4746010823290529,0.3225426970352848,-0.0018547475848086125,0.3326404539793017
sub-C_ses-CO-20150312,sub-C_ses-CO-20150706,train,train,116,27,59,0.4576271186440678,True,0.3747003259070335,1.129631519317627,0.26280921578405525,0.37784427305554297,0.4855963682594481,0.3600368715191087,0.002679402076095039,0.3720209238309385
sub-C_ses-CO-20150312,sub-C_ses-CO-20150707,train,train,117,25,58,0.43103448275862066,True,0.36740384843912877,1.1198878288269043,0.13727890576597568,0.5162214702482525,0.5312534395956305,0.32767879799893446,0.006899744484931649,0.36050410395419713
sub-C_ses-CO-20150312,sub-C_ses-CO-20150708,train,train,118,33,62,0.532258064516129,True,0.3428306730532166,1.2087516784667969,0.2984324886895225,0.4131349440977908,0.2021624214818638,0.44062139854572546,0.013264838193861045,0.32956583485935553
sub-C_ses-CO-20150312,sub-C_ses-CO-20150709,train,train,119,27,61,0.4426229508196721,True,0.4083229965508116,1.1497312784194946,0.28339153851605653,0.5185431984916671,0.4570466390315282,0.4194335044875045,-0.0001425164623090569,0.4084655130131207
sub-C_ses-CO-20150312,sub-C_ses-CO-20150710,train,train,120,24,60,0.4,True,0.36831976964135354,1.139961838722229,0.06696503226222097,0.529794965772418,0.599487843692377,0.28724853921202,0.005037553605492028,0.3632822160358615
sub-C_ses-CO-20150312,sub-C_ses-CO-20150713,train,train,123,27,63,0.42857142857142855,True,0.44405160179968517,1.0565102100372314,0.19347464063368894,0.6114494641118755,0.5948802814608495,0.37576633264543513,0.008553685862750375,0.4354979159369348
sub-C_ses-CO-20150312,sub-C_ses-CO-20150714,train,train,124,30,62,0.4838709677419355,True,0.45801213291470194,1.0877882242202759,0.23571369926733568,0.5730520192532612,0.558146481353645,0.4510769534315455,-0.00035000992944941747,0.45836214284415133
sub-C_ses-CO-20150312,sub-C_ses-CO-20150715,train,train,125,30,61,0.4918032786885246,True,0.38306607750085564,1.1255152225494385,0.4280068444175454,0.39266879471294946,0.3361298825029525,0.3721093588455843,0.014901948672884486,0.36816412882797117
sub-C_ses-CO-20150312,sub-C_ses-CO-20150716,train,train,126,28,62,0.45161290322580644,True,0.2805038759638447,1.3462657928466797,0.27727220292889987,0.41753843477463176,0.1914699212896721,0.25382130440116535,-0.0045600801047643354,0.285063956068609
sub-C_ses-CO-20150312,sub-C_ses-CO-20151103,train,dev,236,24,57,0.42105263157894735,True,0.06783515779864069,1.4420967102050781,0.24282447562432696,0.030800474731361795,-0.145600957463689,0.14781717454284826,-0.011575269270641151,0.07941042706928184
sub-C_ses-CO-20150312,sub-C_ses-CO-20151104,train,dev,237,32,64,0.5,True,0.13490731201808392,1.6076008081436157,0.2714108927479001,0.14810327675994892,-0.010737591981048858,0.1335450059738138,0.023020871767632897,0.11188644025045102
sub-C_ses-CO-20150312,sub-C_ses-CO-20151106,train,dev,239,32,63,0.5079365079365079,True,0.23034848564423718,1.5108411312103271,0.2094779079737956,0.2766303222951258,0.11075236879594648,0.4116236614459632,0.0038161046654603347,0.22653238097877684
sub-C_ses-CO-20150312,sub-C_ses-CO-20151109,train,dev,242,35,62,0.5645161290322581,True,0.18822184067511244,1.5625461339950562,0.2383556553076587,0.14737941465460133,0.06802448606641623,0.38399288893981853,-0.004280224571873429,0.19250206524698588
sub-C_ses-CO-20150312,sub-C_ses-CO-20151110,train,dev,243,35,60,0.5833333333333334,True,0.17462039154707099,1.6475119590759277,0.2947710536705786,0.11918032204830503,0.035112754171664616,0.3524151547703182,0.0057893242310629416,0.16883106731600805
sub-C_ses-CO-20150312,sub-C_ses-CO-20151112,train,dev,245,29,60,0.48333333333333334,True,0.10770428606923307,1.8111404180526733,0.1497391967852261,0.15300836507521076,-0.013648628602002244,0.33319611075798733,-0.02307936852669704,0.1307836545959301
sub-C_ses-CO-20150313,sub-C_ses-CO-20150319,train,train,6,36,57,0.631578947368421,True,0.750821311916285,0.7110267281532288,0.790451493337404,0.728530002017411,0.6640444850588352,0.8334677985550357,0.007648405102404756,0.7431729068138803
sub-C_ses-CO-20150313,sub-C_ses-CO-20150629,train,train,108,27,58,0.46551724137931033,True,0.4726406887687412,1.0564976930618286,0.3904924339856577,0.4626452831628017,0.596671916380043,0.4242940214417848,0.002218997451200799,0.4704216913175404
sub-C_ses-CO-20150313,sub-C_ses-CO-20150630,train,train,109,24,57,0.42105263157894735,True,0.27803966885903086,1.3464252948760986,0.1644122253182597,0.3274630144557427,0.24900407200250746,0.3533132362949425,0.005175368141034695,0.27286430071799617
sub-C_ses-CO-20150313,sub-C_ses-CO-20150701,train,train,110,25,59,0.423728813559322,True,0.33332807433745626,1.1688659191131592,0.09998961389331457,0.3903210070376546,0.38617015170225527,0.4057109363542936,0.009122634937810814,0.32420543939964547
sub-C_ses-CO-20150313,sub-C_ses-CO-20150703,train,train,112,26,60,0.43333333333333335,True,0.4459494915715361,1.063280701637268,0.13307929133415006,0.5516243664340995,0.5926125603970112,0.42898334395685506,0.01360649910162554,0.4323429924699106
sub-C_ses-CO-20150313,sub-C_ses-CO-20150706,train,train,115,27,54,0.5,True,0.44538698117208236,1.0309473276138306,0.2817332996838808,0.4686903866215515,0.5529249136812958,0.43244908456295117,0.011648439613442276,0.4337385415586401
sub-C_ses-CO-20150313,sub-C_ses-CO-20150707,train,train,116,23,55,0.41818181818181815,True,0.4293711712198347,1.064677357673645,0.23999843731998596,0.5801089837315083,0.5499894276952177,0.3488526014870244,0.011077689950365519,0.4182934812694692
sub-C_ses-CO-20150313,sub-C_ses-CO-20150708,train,train,117,32,58,0.5517241379310345,True,0.37327907378053454,1.1683179140090942,0.33768946425356294,0.42741798660031416,0.26733694279044556,0.44384499003921407,0.011755614876974551,0.36152345890355997
sub-C_ses-CO-20150313,sub-C_ses-CO-20150709,train,train,118,25,58,0.43103448275862066,True,0.4706267362671083,1.1005491018295288,0.31182145061853184,0.5539974171154312,0.5141543838074137,0.4740262040833966,0.005304741126552872,0.46532199514055544
sub-C_ses-CO-20150313,sub-C_ses-CO-20150710,train,train,119,22,57,0.38596491228070173,True,0.45182448258943586,1.0701228380203247,0.11238058696015754,0.5426388462036248,0.6764053059592066,0.36942493001652965,0.004349151250529854,0.447475331338906
sub-C_ses-CO-20150313,sub-C_ses-CO-20150713,train,train,122,25,60,0.4166666666666667,True,0.4791894088242883,1.0309842824935913,0.28412431177096775,0.5995001060740772,0.5862709940594824,0.3804445005250569,0.00021786729335294242,0.47897154153093535
sub-C_ses-CO-20150313,sub-C_ses-CO-20150714,train,train,123,29,58,0.5,True,0.5180846167863897,0.993682861328125,0.21423155622112428,0.6296769572413917,0.6516113752433254,0.5159966643613048,0.021674629754210733,0.496409987032179
sub-C_ses-CO-20150313,sub-C_ses-CO-20150715,train,train,124,29,57,0.5087719298245614,True,0.3606086407597404,1.1083219051361084,0.2889371494510232,0.4389524511849373,0.28331868119669124,0.41631913583457303,-0.00412087112639193,0.36472951188613234
sub-C_ses-CO-20150313,sub-C_ses-CO-20150716,train,train,125,25,60,0.4166666666666667,True,0.3647379803684529,1.229298710823059,0.35927893983216186,0.4430666857703423,0.2907189719524545,0.3622968581036408,0.003023173994833973,0.3617148063736189
sub-C_ses-CO-20150313,sub-C_ses-CO-20151103,train,dev,235,23,53,0.4339622641509434,True,0.05847006157609452,1.5254229307174683,0.3515875232092538,-0.029011742591231307,-0.13909601085681647,0.1123208943643899,-0.010516056201596777,0.0689861177776913
sub-C_ses-CO-20150313,sub-C_ses-CO-20151104,train,dev,236,31,60,0.5166666666666667,True,0.21046905730361287,1.5366036891937256,0.4220897553553458,0.16270228262150482,0.07049846747818014,0.2389559789599488,-0.006271865296209331,0.2167409225998222
sub-C_ses-CO-20150313,sub-C_ses-CO-20151106,train,dev,238,30,60,0.5,True,0.23481266423652203,1.514285683631897,0.4010832024274837,0.23290514817453342,0.02689307814016769,0.36133099083355563,-0.0007926789052075222,0.23560534314172954
sub-C_ses-CO-20150313,sub-C_ses-CO-20151109,train,dev,241,31,61,0.5081967213114754,True,0.19250687268464312,1.5857359170913696,0.33958282874660417,0.15869691369199562,0.014357563859218726,0.34438155427312395,0.006155697611360667,0.18635117507328244
sub-C_ses-CO-20150313,sub-C_ses-CO-20151110,train,dev,242,31,59,0.5254237288135594,True,0.18246722165237061,1.6769609451293945,0.38896960362140165,0.11365339471973279,0.01332824666255367,0.28490980098494173,-0.002282479647182076,0.1847497012995527
sub-C_ses-CO-20150313,sub-C_ses-CO-20151112,train,dev,244,26,58,0.4482758620689655,True,0.08660613432801498,1.8564181327819824,0.2682467664359471,0.14597576033100199,-0.08898228998236939,0.24344607244379984,-0.024793011731357638,0.11139914605937262
sub-C_ses-CO-20150319,sub-C_ses-CO-20150629,train,train,102,25,51,0.49019607843137253,True,0.3644379052316966,1.1696895360946655,0.4000180998800158,0.337844686419983,0.4580082129208936,0.22820569724470932,0.0182906628337701,0.3461472423979265
sub-C_ses-CO-20150319,sub-C_ses-CO-20150630,train,train,103,24,48,0.5,True,0.2599487101212497,1.3680684566497803,0.28255424884107494,0.23290410711435808,0.27884552745768093,0.21205050955294408,0.007125007713876888,0.25282370240737284
sub-C_ses-CO-20150319,sub-C_ses-CO-20150701,train,train,104,25,50,0.5,True,0.32141886192022373,1.1819661855697632,0.22794537489481065,0.3153010576506451,0.39892364979153305,0.2848148959689946,0.026613662584403616,0.2948051993358201
sub-C_ses-CO-20150319,sub-C_ses-CO-20150703,train,train,106,26,51,0.5098039215686274,True,0.5036285746549958,1.0086112022399902,0.33452568994965026,0.5438452159359453,0.75229861541971,0.37093281693156493,0.012382741708480895,0.49124583294651486
sub-C_ses-CO-20150319,sub-C_ses-CO-20150706,train,train,109,23,49,0.46938775510204084,True,0.4685736060185968,1.0434448719024658,0.46586004963895866,0.47405799643114377,0.7300079721344167,0.23498180002424948,0.0153794422980627,0.4531941637205341
sub-C_ses-CO-20150319,sub-C_ses-CO-20150707,train,train,110,21,48,0.4375,True,0.434684715342379,1.0956813097000122,0.4131463848727337,0.43969678042543364,0.6354799979177916,0.2533047231971039,0.009104273662063116,0.4255804416803159
sub-C_ses-CO-20150319,sub-C_ses-CO-20150708,train,train,111,28,53,0.5283018867924528,True,0.4652813624346507,1.1115684509277344,0.5155996090994547,0.4314988813254638,0.38194090722913054,0.4702053281091288,0.027463643775699414,0.43781771865895125
sub-C_ses-CO-20150319,sub-C_ses-CO-20150709,train,train,112,23,51,0.45098039215686275,True,0.4699188501052842,1.1414176225662231,0.5661270094234417,0.41388966946394584,0.5714527029475224,0.26215599814323504,0.03217946587663868,0.43773938422864556
sub-C_ses-CO-20150319,sub-C_ses-CO-20150710,train,train,113,21,49,0.42857142857142855,True,0.3033380826974749,1.2011033296585083,0.07131569015474765,0.42758902275131466,0.4106501537194245,0.15786132059321978,0.038795977416171426,0.2645421052813035
sub-C_ses-CO-20150319,sub-C_ses-CO-20150713,train,train,116,24,52,0.46153846153846156,True,0.3847124111957722,1.1820218563079834,0.4377959534231936,0.4783393683009547,0.3836696484688405,0.17491010461764586,0.0273531948172442,0.357359216378528
sub-C_ses-CO-20150319,sub-C_ses-CO-20150714,train,train,117,28,50,0.56,True,0.44047801378703483,1.1277824640274048,0.44578105638104876,0.4377969645792236,0.5059019913086494,0.3790582013088471,0.004990960706941589,0.4354870530800932
sub-C_ses-CO-20150319,sub-C_ses-CO-20150715,train,train,118,28,49,0.5714285714285714,True,0.4114333008002032,1.0729724168777466,0.5254518340551692,0.32482979538110507,0.45701893847816677,0.35640398241801974,0.016513469306354472,0.3949198314938487
sub-C_ses-CO-20150319,sub-C_ses-CO-20150716,train,train,119,25,51,0.49019607843137253,True,0.41510067777244436,1.1868685483932495,0.5088298076403354,0.34350159212038023,0.45129326734175207,0.3657757185919399,0.0045558029342845025,0.4105448748381599
sub-C_ses-CO-20150319,sub-C_ses-CO-20151103,train,dev,229,21,46,0.45652173913043476,True,0.004721142355323431,1.5828824043273926,0.27438377376078443,-0.007179927206329089,-0.2617307529931955,0.03832419625903476,-0.021307589432411574,0.026028731787735005
sub-C_ses-CO-20150319,sub-C_ses-CO-20151104,train,dev,230,28,54,0.5185185185185185,True,0.20197572511931935,1.5985158681869507,0.48768145880141944,0.05467958821159391,0.06312764936076641,0.10012833972042061,-0.0012473280852140522,0.2032230532045334
sub-C_ses-CO-20150319,sub-C_ses-CO-20151106,train,dev,232,29,52,0.5576923076923077,True,0.2843646499299113,1.4798892736434937,0.47516043817411713,0.21952302431098636,0.14997608407707114,0.2852144691341636,0.009101928180022131,0.27526272174988914
sub-C_ses-CO-20150319,sub-C_ses-CO-20151109,train,dev,235,30,53,0.5660377358490566,True,0.26281157640859515,1.534343957901001,0.38258835619386944,0.19099824959032433,0.11854921023598058,0.41356699956060317,-0.0007847938321474624,0.2635963702407426
sub-C_ses-CO-20150319,sub-C_ses-CO-20151110,train,dev,236,31,50,0.62,True,0.257906503753969,1.5994573831558228,0.4832146818492387,0.14544373131374067,0.1029377671516276,0.32211755033606654,-0.003815102099999348,0.26172160585396836
sub-C_ses-CO-20150319,sub-C_ses-CO-20151112,train,dev,238,26,49,0.5306122448979592,True,0.2083254147424848,1.751106858253479,0.3537015373545545,0.2819567855349461,0.02221509131845657,0.30319882021245126,-0.007428426350284098,0.2157538410927689
sub-C_ses-CO-20150629,sub-C_ses-CO-20150630,train,train,1,29,35,0.8285714285714286,True,0.7979955788210168,0.6797761917114258,0.7324840059967334,0.8467503439710067,0.7059107642661615,0.9485575932801638,0.004430086973205565,0.7935654918478112
sub-C_ses-CO-20150629,sub-C_ses-CO-20150701,train,train,2,31,36,0.8611111111111112,True,0.7075175383181138,0.7560506463050842,0.5786807272994368,0.7680809403499083,0.6204601538894324,0.8962341539213032,0.006269314451602253,0.7012482238665115
sub-C_ses-CO-20150629,sub-C_ses-CO-20150703,train,train,4,30,39,0.7692307692307693,True,0.7548322468022874,0.7364089488983154,0.6556704570973163,0.8203497985267817,0.6728096714173181,0.8824279188858297,0.002361010850553027,0.7524712359517344
sub-C_ses-CO-20150629,sub-C_ses-CO-20150706,train,train,7,29,35,0.8285714285714286,True,0.7194758155163408,0.7541165351867676,0.5716419033717369,0.7691131315001908,0.5922812352419972,0.9150101341842862,-0.006503743433348914,0.7259795589496897
sub-C_ses-CO-20150629,sub-C_ses-CO-20150707,train,train,8,26,35,0.7428571428571429,True,0.7484878445297796,0.7266833186149597,0.6475112240043175,0.8284267476568554,0.6277305723747028,0.9220194966333686,0.005032143366850855,0.7434557011629287
sub-C_ses-CO-20150629,sub-C_ses-CO-20150708,train,train,9,28,45,0.6222222222222222,True,0.7085614150379823,0.805892288684845,0.6367150349624193,0.7696150731395989,0.6161536622250877,0.8238801596617961,0.007579845508176756,0.7009815695298055
sub-C_ses-CO-20150629,sub-C_ses-CO-20150709,train,train,10,30,36,0.8333333333333334,True,0.76676629811002,0.7935988306999207,0.6238535487279105,0.8720559017351991,0.6820360982122547,0.9031595895280379,-0.001094789806963502,0.7678610879169835
sub-C_ses-CO-20150629,sub-C_ses-CO-20150710,train,train,11,27,35,0.7714285714285715,True,0.818421359957655,0.674150824546814,0.6856590101939338,0.8649282928999354,0.7593967640383522,0.927631043043823,-0.002141199943810892,0.8205625599014659
sub-C_ses-CO-20150629,sub-C_ses-CO-20150713,train,train,14,29,39,0.7435897435897436,True,0.7759540546009885,0.747283935546875,0.7589087342257016,0.7943745280915161,0.6487554865329951,0.8970199255646623,0.008682266974484097,0.7672717876265045
sub-C_ses-CO-20150629,sub-C_ses-CO-20150714,train,train,15,30,40,0.75,True,0.7578124716881366,0.7424998879432678,0.5789947268060069,0.7961319028823252,0.7253564630638464,0.9027643728013413,0.0031183915894603793,0.7546940800986762
sub-C_ses-CO-20150629,sub-C_ses-CO-20150715,train,train,16,30,39,0.7692307692307693,True,0.7666272802055144,0.6744015216827393,0.6742497878379473,0.8128683867718289,0.6907812570366516,0.8949159380339831,-0.0035158846531954864,0.7701431648587099
sub-C_ses-CO-20150629,sub-C_ses-CO-20150716,train,train,17,31,37,0.8378378378378378,True,0.7495336723460775,0.7827005386352539,0.717266182338915,0.7697992986229092,0.6644440481433289,0.8566086594981387,-0.0013405722907887684,0.7508742446368663
sub-C_ses-CO-20150629,sub-C_ses-CO-20151103,train,dev,127,15,44,0.3409090909090909,True,0.3613670424256445,1.117455244064331,0.24958279138924538,0.4648239586069662,0.07744043572703366,0.5898396263645621,0.0013826347718667576,0.35998440765377776
sub-C_ses-CO-20150629,sub-C_ses-CO-20151104,train,dev,128,23,51,0.45098039215686275,True,0.44047047427749186,1.2255443334579468,0.6026831712361087,0.3703701562219389,0.2366382340424656,0.6442848718201583,0.013926958166895898,0.426543516110596
sub-C_ses-CO-20150629,sub-C_ses-CO-20151106,train,dev,130,24,49,0.4897959183673469,True,0.48650691074893176,1.1221625804901123,0.6008578920293447,0.41503134598339375,0.29973583699777473,0.7298481875214023,-0.006933329243772435,0.4934402399927042
sub-C_ses-CO-20150629,sub-C_ses-CO-20151109,train,dev,133,26,49,0.5306122448979592,True,0.411850692394924,1.2439844608306885,0.6213792971189197,0.3482585292764063,0.23058801678594193,0.5687624079644752,0.011475743364300421,0.4003749490306236
sub-C_ses-CO-20150629,sub-C_ses-CO-20151110,train,dev,134,25,48,0.5208333333333334,True,0.3879960083589363,1.4027037620544434,0.6165190572234641,0.3152520264498911,0.23070846458320524,0.517869881973397,0.007626768718822923,0.3803692396401134
sub-C_ses-CO-20150629,sub-C_ses-CO-20151112,train,dev,136,21,46,0.45652173913043476,True,0.34636067304976603,1.450822353363037,0.6045767093372267,0.32464267610070124,0.2262965823111469,0.47920515887831816,-0.008322875588959024,0.35468354863872503
sub-C_ses-CO-20150630,sub-C_ses-CO-20150701,train,train,1,28,35,0.8,True,0.6983822247568643,0.8494445085525513,0.7383457279812027,0.7523278789429744,0.6121087276303148,0.8080113749434326,0.007126546926926398,0.6912556778299379
sub-C_ses-CO-20150630,sub-C_ses-CO-20150703,train,train,3,28,37,0.7567567567567568,True,0.6520824039906662,0.9499443769454956,0.7198208872000836,0.6864044399394111,0.4314101327896139,0.8600363337908393,0.02109993142424506,0.6309824725664211
sub-C_ses-CO-20150630,sub-C_ses-CO-20150706,train,train,6,26,34,0.7647058823529411,True,0.653029810244336,0.9268825054168701,0.6661309025558887,0.7407903048746598,0.39238856294675684,0.869982339075501,0.00828822018833545,0.6447415900560006
sub-C_ses-CO-20150630,sub-C_ses-CO-20150707,train,train,7,24,33,0.7272727272727273,True,0.7116354987661969,0.8639346361160278,0.8201208497735616,0.7683446547855979,0.5115894975486017,0.9026268249098504,0.013376773776079437,0.6982587249901174
sub-C_ses-CO-20150630,sub-C_ses-CO-20150708,train,train,8,27,42,0.6428571428571429,True,0.6946274171093207,0.8971213698387146,0.7219184201631024,0.7698579184384694,0.5020077796033255,0.8428020887066943,0.01862539630086543,0.6760020208084553
sub-C_ses-CO-20150630,sub-C_ses-CO-20150709,train,train,9,27,35,0.7714285714285715,True,0.6765464248848319,0.992112398147583,0.6405651400009259,0.7842939600701061,0.5171112014206799,0.8488390876051423,0.008545629800573344,0.6680007950842585
sub-C_ses-CO-20150630,sub-C_ses-CO-20150710,train,train,10,25,33,0.7575757575757576,True,0.7344653003837142,0.8721534013748169,0.640927688973125,0.8333991775941523,0.5495303454479449,0.9024201888189016,0.0009830450270573137,0.7334822553566569
sub-C_ses-CO-20150630,sub-C_ses-CO-20150713,train,train,13,27,37,0.7297297297297297,True,0.7578107495406463,0.8419613242149353,0.7454807494881589,0.8197634044483513,0.5828085898462712,0.9013624657733353,0.026215880460723807,0.7315948690799225
sub-C_ses-CO-20150630,sub-C_ses-CO-20150714,train,train,14,27,39,0.6923076923076923,True,0.7834516770988945,0.7768165469169617,0.6253196833453839,0.856476532205797,0.7319622282091083,0.9179129399582621,-0.002654606298349401,0.7861062833972439
sub-C_ses-CO-20150630,sub-C_ses-CO-20150715,train,train,15,28,37,0.7567567567567568,True,0.70315522876863,0.84014493227005,0.5862479558792651,0.7799363855829053,0.6563231137730624,0.8806415510647408,0.0076870428249578085,0.6954681859436722
sub-C_ses-CO-20150630,sub-C_ses-CO-20150716,train,train,16,29,35,0.8285714285714286,True,0.6619662345702295,0.9658524990081787,0.6538779827462831,0.6963024965426536,0.5066758279455487,0.8860492623054855,-0.006118989361674286,0.6680852239319038
sub-C_ses-CO-20150630,sub-C_ses-CO-20151103,train,dev,126,15,40,0.375,True,0.4726696857526711,1.1756662130355835,0.07529299985245465,0.6418132708101786,0.32149003070647186,0.6674423462140472,0.007286565965758347,0.46538311978691277
sub-C_ses-CO-20150630,sub-C_ses-CO-20151104,train,dev,127,22,48,0.4583333333333333,True,0.5730353256376046,1.1532506942749023,0.720080650195577,0.5410961263373616,0.4371372319224591,0.6922511802372473,0.0017142175328077947,0.5713211081047969
sub-C_ses-CO-20150630,sub-C_ses-CO-20151106,train,dev,129,22,47,0.46808510638297873,True,0.5880124542373203,1.0967388153076172,0.7541002653157493,0.554370489840442,0.42766945150629926,0.7784408613175849,0.005966527702189586,0.5820459265351307
sub-C_ses-CO-20150630,sub-C_ses-CO-20151109,train,dev,132,23,48,0.4791666666666667,True,0.5648227406823858,1.1687324047088623,0.6143625591064179,0.5825095096165966,0.44259804405860714,0.6760611158522312,-0.002466192760248953,0.5672889334426348
sub-C_ses-CO-20150630,sub-C_ses-CO-20151110,train,dev,133,23,46,0.5,True,0.5401872065527276,1.3062219619750977,0.7080832879713278,0.5221954609964008,0.40794675003239234,0.6272581944067319,0.010644464964462022,0.5295427415882655
sub-C_ses-CO-20150630,sub-C_ses-CO-20151112,train,dev,135,20,43,0.46511627906976744,True,0.4884577819258217,1.3869414329528809,0.6968974403502424,0.5198549449746372,0.3739965752382282,0.5653425029669769,0.01140997317421205,0.4770478087516096
sub-C_ses-CO-20150701,sub-C_ses-CO-20150703,train,train,2,32,36,0.8888888888888888,True,0.8733410411409404,0.5396173000335693,0.9378719614949805,0.7838898265445373,0.8316070676155952,0.9303761232161163,0.011313234610801996,0.8620278065301383
sub-C_ses-CO-20150701,sub-C_ses-CO-20150706,train,train,5,28,35,0.8,True,0.8509958087554155,0.570098876953125,0.8850088295671616,0.7949310659349189,0.7985332426351834,0.9416127515021515,0.0065698580188263064,0.8444259507365892
sub-C_ses-CO-20150701,sub-C_ses-CO-20150707,train,train,6,26,34,0.7647058823529411,True,0.822094622556767,0.6252045631408691,0.8733011328555916,0.8226531518989263,0.7390373308969242,0.8818201221621088,0.0031486573863628003,0.8189459651704042
sub-C_ses-CO-20150701,sub-C_ses-CO-20150708,train,train,7,29,43,0.6744186046511628,True,0.803011098395715,0.6746748089790344,0.8447110208451382,0.7839074372205104,0.7432790440252134,0.8579150934672913,-0.0005175893436354051,0.8035286877393505
sub-C_ses-CO-20150701,sub-C_ses-CO-20150709,train,train,8,30,35,0.8571428571428571,True,0.7685982920159241,0.776472806930542,0.6333605047678892,0.7842621932731223,0.7721806667272016,0.9369262157140746,0.00926804888868097,0.7593302431272432
sub-C_ses-CO-20150701,sub-C_ses-CO-20150710,train,train,9,28,33,0.8484848484848485,True,0.808366327027174,0.6686986088752747,0.6756663019827082,0.8490467451813686,0.8331979439773877,0.9232807973777704,0.00352294891431987,0.8048433781128541
sub-C_ses-CO-20150701,sub-C_ses-CO-20150713,train,train,12,30,37,0.8108108108108109,True,0.7537987503455624,0.7581484913825989,0.8264631546863033,0.7015127809525515,0.678835334568472,0.8747502223001177,-0.01104970716972783,0.7648484575152903
sub-C_ses-CO-20150701,sub-C_ses-CO-20150714,train,train,13,29,40,0.725,True,0.7199662087100127,0.8063517808914185,0.620501713037519,0.7413429078750357,0.7082577880359988,0.8716163185411482,-0.005184971583298769,0.7251511802933115
sub-C_ses-CO-20150701,sub-C_ses-CO-20150715,train,train,14,30,38,0.7894736842105263,True,0.6888114746170944,0.7857120037078857,0.5320465360328713,0.7481502582972204,0.6567160324800987,0.8840416723933201,-0.007735188689923674,0.696546663307018
sub-C_ses-CO-20150701,sub-C_ses-CO-20150716,train,train,15,31,36,0.8611111111111112,True,0.6362898631467174,0.9280420541763306,0.5787796050192052,0.6351717822983207,0.5450442935193213,0.8406451630816333,-0.004505258926595282,0.6407951220733127
sub-C_ses-CO-20150701,sub-C_ses-CO-20151103,train,dev,125,15,43,0.3488372093023256,True,0.3646560299222959,1.1218442916870117,0.031222805789734392,0.5771632641808336,0.22095310151771894,0.5569017396812471,0.006954186247233165,0.35770184367506275
sub-C_ses-CO-20150701,sub-C_ses-CO-20151104,train,dev,126,23,50,0.46,True,0.40720154346570675,1.2749630212783813,0.5400094045219008,0.4062721109364331,0.22160721772626896,0.5367270922923298,0.0085493539875149,0.39865218947819187
sub-C_ses-CO-20150701,sub-C_ses-CO-20151106,train,dev,128,24,48,0.5,True,0.4507381446571749,1.171241283416748,0.5743576548772652,0.42092978745211057,0.28208706812671513,0.6164306597932117,0.00539903131366132,0.44533911334351356
sub-C_ses-CO-20150701,sub-C_ses-CO-20151109,train,dev,131,28,46,0.6086956521739131,True,0.3759353677725345,1.2618441581726074,0.49357652739961894,0.38904603542365757,0.2621528184216839,0.4488076694398057,0.006053180813785392,0.3698821869587491
sub-C_ses-CO-20150701,sub-C_ses-CO-20151110,train,dev,132,26,46,0.5652173913043478,True,0.34908256926397213,1.4290674924850464,0.538131353596576,0.3494073059929426,0.2071252805218343,0.4008223771872983,0.012617121810912206,0.33646544745305995
sub-C_ses-CO-20150701,sub-C_ses-CO-20151112,train,dev,134,21,45,0.4666666666666667,True,0.3170591579214641,1.5116990804672241,0.4760951083243387,0.38119992521494483,0.182855275636694,0.41529972663320924,-0.02002150198150979,0.3370806599029739
sub-C_ses-CO-20150703,sub-C_ses-CO-20150706,train,train,3,28,37,0.7567567567567568,True,0.9041033338264232,0.4623883068561554,0.8917259513320338,0.9058229178654704,0.88425249844506,0.9740392382553191,-0.003702721067807791,0.9078060548942309
sub-C_ses-CO-20150703,sub-C_ses-CO-20150707,train,train,4,26,36,0.7222222222222222,True,0.8504839101023335,0.608330488204956,0.8697317827747898,0.8532899490817512,0.7980209519987712,0.9334567615500889,0.005793037934445563,0.844690872167888
sub-C_ses-CO-20150703,sub-C_ses-CO-20150708,train,train,5,30,44,0.6818181818181818,True,0.8225325644111041,0.6313961744308472,0.8537453747502268,0.7685476294401238,0.7665320516462025,0.9099163627938075,0.009593510103973055,0.8129390543071311
sub-C_ses-CO-20150703,sub-C_ses-CO-20150709,train,train,6,31,36,0.8611111111111112,True,0.7813985145511876,0.7302203178405762,0.6730928712108749,0.7755058303588,0.7932989135684736,0.9303080520191176,0.00842416012811892,0.7729743544230686
sub-C_ses-CO-20150703,sub-C_ses-CO-20150710,train,train,7,28,35,0.8,True,0.7885675421146163,0.6785363554954529,0.6643739407047331,0.7986184821739097,0.7996836623799041,0.931825528978044,0.012105102229536207,0.7764624398850801
sub-C_ses-CO-20150703,sub-C_ses-CO-20150713,train,train,10,32,37,0.8648648648648649,True,0.7772915171481538,0.6979115605354309,0.8535610850275411,0.7200550632352919,0.6679027449655542,0.9206125622479766,-0.0002339860236258784,0.7775255031717797
sub-C_ses-CO-20150703,sub-C_ses-CO-20150714,train,train,11,31,40,0.775,True,0.7302002288594966,0.7745707035064697,0.6528854904743583,0.7334327467886145,0.6893664017671074,0.8879541867605102,-0.003082484202015411,0.733282713061512
sub-C_ses-CO-20150703,sub-C_ses-CO-20150715,train,train,12,31,39,0.7948717948717948,True,0.7267297831647495,0.731441855430603,0.6181963819983323,0.7583010957013793,0.6710832293343287,0.917890008435449,-0.0018469746189627113,0.7285767577837121
sub-C_ses-CO-20150703,sub-C_ses-CO-20150716,train,train,13,32,37,0.8648648648648649,True,0.7282957423557799,0.7947355508804321,0.6907372632757652,0.6957342313738517,0.6698958369926021,0.9004713025215593,7.133412916763615e-05,0.7282244082266123
sub-C_ses-CO-20150703,sub-C_ses-CO-20151103,train,dev,123,16,44,0.36363636363636365,True,0.31024808967542145,1.132493495941162,0.2148777442435332,0.410798456857957,0.10764010887039067,0.4733359276517318,0.015138000092545019,0.29511008958287643
sub-C_ses-CO-20150703,sub-C_ses-CO-20151104,train,dev,124,24,51,0.47058823529411764,True,0.4059425108518939,1.2910759449005127,0.6005023254384135,0.31579163435769375,0.23327787555561522,0.5068044362177764,0.018573456748336457,0.3873690541035575
sub-C_ses-CO-20150703,sub-C_ses-CO-20151106,train,dev,126,25,49,0.5102040816326531,True,0.4902017523643364,1.152535319328308,0.6382822419172528,0.4214280374934157,0.33221571187428445,0.6335791648944046,-0.009782812281506244,0.4999845646458426
sub-C_ses-CO-20150703,sub-C_ses-CO-20151109,train,dev,129,27,49,0.5510204081632653,True,0.36858960400226304,1.3075624704360962,0.5603058195803785,0.31845259344801524,0.2176047799322369,0.4535651297131206,0.011065103121784582,0.35752450088047844
sub-C_ses-CO-20150703,sub-C_ses-CO-20151110,train,dev,130,26,48,0.5416666666666666,True,0.3423673169977824,1.4570972919464111,0.6032723391424505,0.25074001464300844,0.18751389424832707,0.3741400220552226,0.00820864989834315,0.33415866709943925
sub-C_ses-CO-20150703,sub-C_ses-CO-20151112,train,dev,132,21,47,0.44680851063829785,True,0.32975555413151697,1.5046837329864502,0.5590836207400389,0.29949431396115295,0.2152534829182755,0.366848502136241,-0.0066595654340736,0.33641511956559056
sub-C_ses-CO-20150706,sub-C_ses-CO-20150707,train,train,1,23,34,0.6764705882352942,True,0.9259500137314511,0.40909191966056824,0.9253785796793684,0.9380851618520063,0.8932466542887426,0.9694788028023932,0.006520073876758244,0.9194299398546929
sub-C_ses-CO-20150706,sub-C_ses-CO-20150708,train,train,2,26,43,0.6046511627906976,True,0.8659903588825049,0.5472813248634338,0.9114509632132513,0.8497094471677743,0.8080267301666274,0.91160803106561,0.006268037143657212,0.8597223217388477
sub-C_ses-CO-20150706,sub-C_ses-CO-20150709,train,train,3,27,35,0.7714285714285715,True,0.8486204506915689,0.6436538696289062,0.8791180611191978,0.8142663648954344,0.7754726994053691,0.9427572314720768,0.002041247746391294,0.8465792029451776
sub-C_ses-CO-20150706,sub-C_ses-CO-20150710,train,train,4,25,33,0.7575757575757576,True,0.8675844495856827,0.5486897826194763,0.8754794364415364,0.8485832572888303,0.7697084923790573,0.954911065889884,0.0015542111976636205,0.8660302383880191
sub-C_ses-CO-20150706,sub-C_ses-CO-20150713,train,train,7,27,37,0.7297297297297297,True,0.8184609634009132,0.6303693652153015,0.8774144407760202,0.7675086350853272,0.6738357246166384,0.9561578850709858,0.00529965485397858,0.8131613085469347
sub-C_ses-CO-20150706,sub-C_ses-CO-20150714,train,train,8,27,39,0.6923076923076923,True,0.8408602276296425,0.5836413502693176,0.7936682307271032,0.8606552252720353,0.7854837296477806,0.923385500787722,-0.0039663991955563105,0.8448266268251988
sub-C_ses-CO-20150706,sub-C_ses-CO-20150715,train,train,9,28,37,0.7567567567567568,True,0.7933924236230784,0.6238858699798584,0.7339366302462472,0.8072956802385463,0.6733264268537736,0.9353416484421296,-0.004354126822339021,0.7977465504454174
sub-C_ses-CO-20150706,sub-C_ses-CO-20150716,train,train,10,28,36,0.7777777777777778,True,0.7558556102747602,0.7697693705558777,0.789091988905482,0.7082104925305627,0.6127502268482651,0.9162915479388121,-0.0008300045017001556,0.7566856147764603
sub-C_ses-CO-20150706,sub-C_ses-CO-20151103,train,dev,120,14,41,0.34146341463414637,True,0.26129900366707437,1.2242624759674072,-0.009899622430078572,0.36689205188003365,-0.10868682500524476,0.6275950948635515,0.020841008591720972,0.2404579950753534
sub-C_ses-CO-20150706,sub-C_ses-CO-20151104,train,dev,121,22,48,0.4583333333333333,True,0.3912187482293511,1.2904877662658691,0.6058047963166492,0.2908378866806812,0.17730898330136774,0.6066305638091791,-0.003066232677686498,0.3942849809070376
sub-C_ses-CO-20150706,sub-C_ses-CO-20151106,train,dev,123,22,47,0.46808510638297873,True,0.47805652364123014,1.1553696393966675,0.6559191999013063,0.39487969841948223,0.27601565099133873,0.6854167949041202,-0.00424623796052996,0.4823027616017601
sub-C_ses-CO-20150706,sub-C_ses-CO-20151109,train,dev,126,24,47,0.5106382978723404,True,0.4053674560530057,1.2566736936569214,0.5788941469329186,0.37331310464975864,0.22072783851686814,0.5882525178222795,0.001400189884935219,0.4039672661680705
sub-C_ses-CO-20150706,sub-C_ses-CO-20151110,train,dev,127,24,45,0.5333333333333333,True,0.34044941236677495,1.450797200202942,0.5817308967062267,0.2779184822698138,0.1674114799115406,0.4974066768279088,0.001879054570823434,0.3385703577959515
sub-C_ses-CO-20150706,sub-C_ses-CO-20151112,train,dev,129,19,44,0.4318181818181818,True,0.30907506630137277,1.5385198593139648,0.5379882903583296,0.30321894953305945,0.1333036691169519,0.42942028766613216,-0.014765115442468058,0.3238401817438408
sub-C_ses-CO-20150707,sub-C_ses-CO-20150708,train,train,1,26,40,0.65,True,0.8555462283827292,0.5900669097900391,0.8753741353163953,0.8757072230656651,0.804566188848559,0.8974614532040247,0.01082530825473515,0.844720920127994
sub-C_ses-CO-20150707,sub-C_ses-CO-20150709,train,train,2,27,32,0.84375,True,0.8667865372476224,0.6332557797431946,0.82290108720051,0.9032423917939538,0.8758827183063987,0.9222133933122855,-0.0007642770356678374,0.8675508142832903
sub-C_ses-CO-20150707,sub-C_ses-CO-20150710,train,train,3,25,30,0.8333333333333334,True,0.8935983706548161,0.5449489951133728,0.8078012958263955,0.9364299114938265,0.8893666625547113,0.9427163690522696,0.019714956578770808,0.8738834140760453
sub-C_ses-CO-20150707,sub-C_ses-CO-20150713,train,train,6,26,35,0.7428571428571429,True,0.8414986253879645,0.6381617784500122,0.8933036581510396,0.8415796195984728,0.7400683743394588,0.949196121798693,0.004195244896571241,0.8373033804913933
sub-C_ses-CO-20150707,sub-C_ses-CO-20150714,train,train,7,26,37,0.7027027027027027,True,0.8642328040311322,0.5812219381332397,0.8317743031738247,0.8834517351719925,0.8589377535150635,0.9329980036993624,0.0035861921527342213,0.860646611878398
sub-C_ses-CO-20150707,sub-C_ses-CO-20150715,train,train,8,25,37,0.6756756756756757,True,0.832113179640171,0.5890128016471863,0.7231852703354752,0.8804376935756386,0.8114627859777351,0.9340746729393746,0.0018294063669153252,0.8302837732732556
sub-C_ses-CO-20150707,sub-C_ses-CO-20150716,train,train,9,26,35,0.7428571428571429,True,0.7968817182625271,0.7374167442321777,0.7872624080319909,0.782141853443332,0.7311407511634423,0.9031521244763976,0.002989208170446172,0.793892510092081
sub-C_ses-CO-20150707,sub-C_ses-CO-20151103,train,dev,119,15,37,0.40540540540540543,True,0.3406815659659366,1.0986170768737793,0.09914909674590214,0.46519234718215774,0.08352205072785343,0.5448603540550621,0.0017804406113205618,0.33890112535461603
sub-C_ses-CO-20150707,sub-C_ses-CO-20151104,train,dev,120,19,48,0.3958333333333333,True,0.5126090260344104,1.2013641595840454,0.7590821710112812,0.48231790964099963,0.3577953144264333,0.4607828735910406,-0.007048090926958206,0.5196571169613686
sub-C_ses-CO-20150707,sub-C_ses-CO-20151106,train,dev,122,21,45,0.4666666666666667,True,0.6087166716754316,1.014504075050354,0.7686805960183424,0.5849280974679981,0.48170962006942436,0.6385952344787463,-0.005942411055916514,0.6146590827313482
sub-C_ses-CO-20150707,sub-C_ses-CO-20151109,train,dev,125,22,46,0.4782608695652174,True,0.4525281818561879,1.249384880065918,0.6594713097563814,0.5065855620209312,0.30947784090457103,0.4387845375937502,-0.005047147714271615,0.45757532957045954
sub-C_ses-CO-20150707,sub-C_ses-CO-20151110,train,dev,126,22,44,0.5,True,0.4254836981196143,1.405580759048462,0.7066218363935921,0.4197976094706611,0.27606840301848884,0.3985534637864748,0.004633553661796701,0.4208501444578176
sub-C_ses-CO-20150707,sub-C_ses-CO-20151112,train,dev,128,19,41,0.4634146341463415,True,0.3999790868422765,1.434510588645935,0.6346436733211149,0.37935159820925646,0.29983103105887043,0.36056060898611164,-0.0011340126099888238,0.4011130994522653
sub-C_ses-CO-20150708,sub-C_ses-CO-20150709,train,train,1,29,42,0.6904761904761905,True,0.8610987102780939,0.6010743379592896,0.8113655581782635,0.87269407841898,0.8830154240875271,0.9145985179605517,0.005754919817236963,0.855343790460857
sub-C_ses-CO-20150708,sub-C_ses-CO-20150710,train,train,2,27,40,0.675,True,0.8415503961005156,0.5912413597106934,0.709264322301499,0.8752616513845277,0.8500363345909605,0.9459820972358695,0.014430219557172372,0.8271201765433432
sub-C_ses-CO-20150708,sub-C_ses-CO-20150713,train,train,5,29,44,0.6590909090909091,True,0.8429009762970698,0.6042242050170898,0.9150144820946644,0.8390567808053876,0.7642080275425417,0.8859924111827294,0.01229021577495082,0.830610760522119
sub-C_ses-CO-20150708,sub-C_ses-CO-20150714,train,train,6,31,44,0.7045454545454546,True,0.8427009110025412,0.60863196849823,0.8560792884963011,0.8471549482089528,0.7964761341737231,0.8901286011143407,0.005477053745541942,0.8372238572569992
sub-C_ses-CO-20150708,sub-C_ses-CO-20150715,train,train,7,32,42,0.7619047619047619,True,0.8280327961792211,0.6087321043014526,0.8061370397427413,0.8427249737582356,0.7824634310400164,0.9061626429225741,0.007287668065063948,0.8207451281141571
sub-C_ses-CO-20150708,sub-C_ses-CO-20150716,train,train,8,30,43,0.6976744186046512,True,0.7957231395237274,0.7040549516677856,0.7869096680760869,0.7721114731990082,0.7192116230466173,0.9312246141161332,0.0003927683637839072,0.7953303711599435
sub-C_ses-CO-20150708,sub-C_ses-CO-20151103,train,dev,118,20,44,0.45454545454545453,True,0.37218133239558177,1.274789810180664,0.4584299232461477,0.3977246095557395,0.40072553351937784,0.41070367881206826,-0.016521164486084337,0.3887024968816661
sub-C_ses-CO-20150708,sub-C_ses-CO-20151104,train,dev,119,28,51,0.5490196078431373,True,0.4623879988621169,1.3046382665634155,0.5879304780259191,0.36808292326520464,0.4002781367121576,0.5096331753071086,0.0041831533891478565,0.458204845472969
sub-C_ses-CO-20150708,sub-C_ses-CO-20151106,train,dev,121,28,50,0.56,True,0.5135203424218927,1.2419418096542358,0.560322844330345,0.44186914295521323,0.4536121264527965,0.6573379306006544,-0.012410845159493955,0.5259311875813867
sub-C_ses-CO-20150708,sub-C_ses-CO-20151109,train,dev,124,31,49,0.6326530612244898,True,0.4093811870672422,1.370567798614502,0.46917866399785224,0.35272071552745693,0.3247781197918832,0.5349220012093184,0.00013945274215297455,0.4092417343250892
sub-C_ses-CO-20150708,sub-C_ses-CO-20151110,train,dev,125,30,48,0.625,True,0.4498517046644111,1.4222395420074463,0.5895803975364509,0.4018767471768079,0.33568385348586777,0.5137128239494825,-0.0012371407207081902,0.4510888453851193
sub-C_ses-CO-20150708,sub-C_ses-CO-20151112,train,dev,127,26,46,0.5652173913043478,True,0.3999599191609717,1.551755666732788,0.46514654319289256,0.46313353690084585,0.34333942014978647,0.5371459885267084,0.0008461535839910672,0.3991137655769806
sub-C_ses-CO-20150709,sub-C_ses-CO-20150710,train,train,1,28,32,0.875,True,0.9396735865283581,0.366636723279953,0.9234977633827519,0.9542678857062189,0.931665417594497,0.9623697518713109,0.00021730787415224717,0.9394562786542059
sub-C_ses-CO-20150709,sub-C_ses-CO-20150713,train,train,4,31,35,0.8857142857142857,True,0.8287558677681653,0.6482468843460083,0.8551248881609427,0.8407860361220693,0.7650679769392185,0.895344497188806,-0.013222241882079069,0.8419781096502444
sub-C_ses-CO-20150709,sub-C_ses-CO-20150714,train,train,5,31,37,0.8378378378378378,True,0.8469470730427132,0.6209118366241455,0.8957637926513264,0.8362243446652452,0.7777432713046167,0.9187656175737692,0.008445897157709704,0.8385011758850035
sub-C_ses-CO-20150709,sub-C_ses-CO-20150715,train,train,6,30,37,0.8108108108108109,True,0.8515712748604677,0.6113861799240112,0.8560587014330897,0.8496679957377973,0.7936903129524049,0.937037085993761,0.001904018229513337,0.8496672566309543
sub-C_ses-CO-20150709,sub-C_ses-CO-20150716,train,train,7,31,35,0.8857142857142857,True,0.8506294097238805,0.6196424961090088,0.860820996249996,0.8234765635673531,0.8219589512490755,0.9235771051277244,-0.004504831230584923,0.8551342409544653
sub-C_ses-CO-20150709,sub-C_ses-CO-20151103,train,dev,117,16,41,0.3902439024390244,True,0.4921845398742624,1.0122754573822021,0.5751731355091869,0.5185241674380856,0.3360194742283915,0.620774140568703,0.013736238112389531,0.47844830176187286
sub-C_ses-CO-20150709,sub-C_ses-CO-20151104,train,dev,118,23,49,0.46938775510204084,True,0.6054531380176625,1.1239012479782104,0.8141790173116982,0.5129220817872984,0.5177596271652455,0.6237622996048725,-0.007496005406375952,0.6129491434240385
sub-C_ses-CO-20150709,sub-C_ses-CO-20151106,train,dev,120,23,48,0.4791666666666667,True,0.6643582731245921,1.0201624631881714,0.7850597690918125,0.5913868297344224,0.5862016909356383,0.7372994854052674,0.006572868661808908,0.6577854044627831
sub-C_ses-CO-20150709,sub-C_ses-CO-20151109,train,dev,123,25,48,0.5208333333333334,True,0.540645602536675,1.1807143688201904,0.7557745632751053,0.5056696809350469,0.44208049857657916,0.556589802734308,0.00034339480869964524,0.5403022077279754
sub-C_ses-CO-20150709,sub-C_ses-CO-20151110,train,dev,124,25,46,0.5434782608695652,True,0.530000712432241,1.2897005081176758,0.7466842274535075,0.4887897244528832,0.4516617024252702,0.5120003780042056,0.00581807212780101,0.52418264030444
sub-C_ses-CO-20150709,sub-C_ses-CO-20151112,train,dev,126,20,45,0.4444444444444444,True,0.4948756249556434,1.403766393661499,0.7134208716581809,0.4812467668947356,0.4337787540991885,0.4491162043220724,-0.021713812808922456,0.5165894377645659
sub-C_ses-CO-20150710,sub-C_ses-CO-20150713,train,train,3,28,34,0.8235294117647058,True,0.8763221848525694,0.5225816369056702,0.8812344769627594,0.8890243450032228,0.8351273312553577,0.9009372501382319,-0.004267021425531257,0.8805892062781007
sub-C_ses-CO-20150710,sub-C_ses-CO-20150714,train,train,4,27,37,0.7297297297297297,True,0.8900331513717713,0.49954697489738464,0.8800259844492151,0.901396004891799,0.8328294844591442,0.9388494244588017,0.00930425008224247,0.8807289012895289
sub-C_ses-CO-20150710,sub-C_ses-CO-20150715,train,train,5,27,36,0.75,True,0.8640658502815071,0.5333467721939087,0.8029487974273164,0.8856704911913881,0.8016452405616494,0.9400387704281645,0.007715157412312737,0.8563506928691943
sub-C_ses-CO-20150710,sub-C_ses-CO-20150716,train,train,6,28,34,0.8235294117647058,True,0.8316656816721709,0.6096954941749573,0.8259138689373414,0.820090692544964,0.7459959307968527,0.925130171608893,0.01243701572706138,0.8192286659451096
sub-C_ses-CO-20150710,sub-C_ses-CO-20151103,train,dev,116,15,38,0.39473684210526316,True,0.4425009134876551,1.0975322723388672,0.3191973632523652,0.5268266040284387,0.29711371309980117,0.5579462647852588,0.0065581391508890505,0.43594277433676604
sub-C_ses-CO-20150710,sub-C_ses-CO-20151104,train,dev,117,20,48,0.4166666666666667,True,0.46021099007848487,1.2126096487045288,0.6491803716003682,0.5034327575471051,0.24834510159298648,0.5358608544590995,0.002668520041723381,0.4575424700367615
sub-C_ses-CO-20150710,sub-C_ses-CO-20151106,train,dev,119,21,46,0.45652173913043476,True,0.5647152448060616,1.0708595514297485,0.6281025946811442,0.6017559820212213,0.39386135377281994,0.6851100953706626,0.008456131936411182,0.5562591128696505
sub-C_ses-CO-20150710,sub-C_ses-CO-20151109,train,dev,122,23,46,0.5,True,0.4655415255338349,1.2157396078109741,0.5608264590418437,0.5244577450061021,0.3543198361757769,0.48120894375663176,0.023218725669327273,0.4423227998645076
sub-C_ses-CO-20150710,sub-C_ses-CO-20151110,train,dev,123,23,44,0.5227272727272727,True,0.402609280299352,1.3756012916564941,0.5061780776326874,0.4675629122373596,0.29716941443755496,0.4179573374485277,0.0168100513691508,0.3857992289302012
sub-C_ses-CO-20150710,sub-C_ses-CO-20151112,train,dev,125,19,42,0.4523809523809524,True,0.3756467891806357,1.4221972227096558,0.45841972491416183,0.48499661207954253,0.26162516016726006,0.40927533269017363,0.0047401089459413945,0.3709066802346943
sub-C_ses-CO-20150713,sub-C_ses-CO-20150714,train,train,1,31,39,0.7948717948717948,True,0.9206173982089519,0.43122750520706177,0.8437126884669098,0.9564030490110436,0.9104905920447957,0.9520759719533753,-0.0006254628211548769,0.9212428610301068
sub-C_ses-CO-20150713,sub-C_ses-CO-20150715,train,train,2,30,39,0.7692307692307693,True,0.8724471352207154,0.5262187719345093,0.8138159606796828,0.9082407069142384,0.8351457292963648,0.9596598593226318,0.009284522351987245,0.8631626128687281
sub-C_ses-CO-20150713,sub-C_ses-CO-20150716,train,train,3,31,37,0.8378378378378378,True,0.8121981968632321,0.6692628264427185,0.8719913209391911,0.7763607670705587,0.7155827138591968,0.917732935993773,-0.009905733798713076,0.8221039306619452
sub-C_ses-CO-20150713,sub-C_ses-CO-20151103,train,dev,113,16,43,0.37209302325581395,True,0.5659844497518245,0.8961600065231323,0.6020641820399858,0.6166469972203311,0.5484267923316145,0.6048649531745142,0.00403104023979915,0.5619534095120253
sub-C_ses-CO-20150713,sub-C_ses-CO-20151104,train,dev,114,23,51,0.45098039215686275,True,0.5789163314881502,1.125056266784668,0.7652424528885069,0.5468218800157055,0.4653513458978711,0.5805292855557119,0.012311613928010341,0.5666047175601399
sub-C_ses-CO-20150713,sub-C_ses-CO-20151106,train,dev,116,23,50,0.46,True,0.6454582693221571,1.012292742729187,0.7979410970992854,0.6094186454042095,0.5210159365897356,0.7138533995089186,-0.00014277048865677378,0.6456010398108138
sub-C_ses-CO-20150713,sub-C_ses-CO-20151109,train,dev,119,25,50,0.5,True,0.5550053798765717,1.1282662153244019,0.7649283754550154,0.5256239502399718,0.4537111214191104,0.5542587885290008,0.009700526968440214,0.5453048529081315
sub-C_ses-CO-20150713,sub-C_ses-CO-20151110,train,dev,120,25,48,0.5208333333333334,True,0.5329808388543843,1.2592862844467163,0.7413798491068186,0.507801654966716,0.4467202102235113,0.5117236096169077,0.027994085677111813,0.5049867531772725
sub-C_ses-CO-20150713,sub-C_ses-CO-20151112,train,dev,122,20,47,0.425531914893617,True,0.5041697149763443,1.3350898027420044,0.696611131852455,0.5415877854150399,0.43656570185640736,0.4357395955447997,-0.0012147213750266284,0.505384436351371
sub-C_ses-CO-20150714,sub-C_ses-CO-20150715,train,train,1,33,38,0.868421052631579,True,0.8872351696508164,0.4888438880443573,0.8817931288558342,0.8571328249514634,0.8644045788308926,0.9723949849193465,-0.0060056121791231655,0.8932407818299396
sub-C_ses-CO-20150714,sub-C_ses-CO-20150716,train,train,2,30,40,0.75,True,0.781644033626002,0.7309948205947876,0.8524512539474196,0.6812510318097749,0.6816393763319297,0.9611492234708038,-0.007793232309077778,0.7894372659350798
sub-C_ses-CO-20150714,sub-C_ses-CO-20151103,train,dev,112,18,43,0.4186046511627907,True,0.29191773649892344,1.2600464820861816,0.1260564875947139,0.4515795323331648,0.18735846488394506,0.4124760367638583,0.00810940511774285,0.2838083313811806
sub-C_ses-CO-20150714,sub-C_ses-CO-20151104,train,dev,113,26,50,0.52,True,0.4674505155195852,1.2732043266296387,0.553530057245172,0.44456847519238757,0.3679579793535492,0.6002471044618425,0.013318924285449577,0.45413159123413566
sub-C_ses-CO-20150714,sub-C_ses-CO-20151106,train,dev,115,26,49,0.5306122448979592,True,0.4893528175719387,1.243377685546875,0.4849514989484308,0.4668130276891208,0.39523496187476076,0.7095790818049956,-0.0074611164840514025,0.4968139340559901
sub-C_ses-CO-20150714,sub-C_ses-CO-20151109,train,dev,118,28,49,0.5714285714285714,True,0.44826269651047324,1.3086825609207153,0.43169119901915987,0.44536037870561845,0.34553199077493546,0.6300195783714588,-0.009806121764702042,0.45806881827517526
sub-C_ses-CO-20150714,sub-C_ses-CO-20151110,train,dev,119,28,47,0.5957446808510638,True,0.44601781073576163,1.3743174076080322,0.5367973536220477,0.40867926183896025,0.3617101112677321,0.5863814413973009,0.009777796224769687,0.4362400145109919
sub-C_ses-CO-20150714,sub-C_ses-CO-20151112,train,dev,121,24,45,0.5333333333333333,True,0.35900266301842815,1.5909535884857178,0.4272100101384567,0.44771428341112546,0.2766675983007858,0.4513964943431429,-0.00034657621960761803,0.35934923923803574
sub-C_ses-CO-20150715,sub-C_ses-CO-20150716,train,train,1,31,38,0.8157894736842105,True,0.8994671665455085,0.5008392333984375,0.906069282939658,0.887954827051998,0.8416628619598161,0.9701631863873985,-0.01721813148156938,0.9166852980270779
sub-C_ses-CO-20150715,sub-C_ses-CO-20151103,train,dev,111,19,41,0.4634146341463415,True,0.24075016002859792,1.2263579368591309,0.1013049356565677,0.38058178456860314,0.06138796352451368,0.3967068403418146,0.027716124364463923,0.213034035664134
sub-C_ses-CO-20150715,sub-C_ses-CO-20151104,train,dev,112,27,48,0.5625,True,0.46708071772417403,1.2036429643630981,0.5351406748242287,0.46474985112725725,0.38925243026799683,0.5836853831538013,-0.0017735027076205639,0.4688542204317946
sub-C_ses-CO-20150715,sub-C_ses-CO-20151106,train,dev,114,28,46,0.6086956521739131,True,0.46859082427293935,1.1828749179840088,0.38454216518284856,0.43884107200218886,0.42944951405381526,0.703821918852669,0.012710206170837433,0.4558806181021019
sub-C_ses-CO-20150715,sub-C_ses-CO-20151109,train,dev,117,29,47,0.6170212765957447,True,0.4002912231049056,1.2961667776107788,0.3847686280552869,0.4122436589919891,0.296817166039779,0.5875106639841653,0.001978937629741703,0.3983122854751639
sub-C_ses-CO-20150715,sub-C_ses-CO-20151110,train,dev,118,29,45,0.6444444444444445,True,0.4174259406385142,1.3474599123001099,0.5067594984080598,0.3822860544176811,0.3574095826685793,0.55830254552824,0.001560319575475975,0.4158656210630382
sub-C_ses-CO-20150715,sub-C_ses-CO-20151112,train,dev,120,25,43,0.5813953488372093,True,0.34539027811287215,1.5341992378234863,0.38640295416529685,0.3675509127713974,0.3243716663703986,0.45461315736116026,-0.008212062776606459,0.3536023408894786
sub-C_ses-CO-20150716,sub-C_ses-CO-20151103,train,dev,110,16,43,0.37209302325581395,True,0.6433864813748916,0.8584962487220764,0.6352101484881602,0.7158892733329312,0.7093984827918742,0.6118907223350787,0.023132039288288178,0.6202544420866034
sub-C_ses-CO-20150716,sub-C_ses-CO-20151104,train,dev,111,24,50,0.48,True,0.6765104824407989,1.0133180618286133,0.7810976874873524,0.6578446607345727,0.6449481225658289,0.647177833300984,-0.003222882389603649,0.6797333648304026
sub-C_ses-CO-20150716,sub-C_ses-CO-20151106,train,dev,113,24,49,0.4897959183673469,True,0.7562189009156565,0.8705178499221802,0.7958702244894696,0.7216837350538673,0.7493370314228631,0.7823742467859583,0.0018973347332691222,0.7543215661823873
sub-C_ses-CO-20150716,sub-C_ses-CO-20151109,train,dev,116,26,49,0.5306122448979592,True,0.64337175996829,1.0294544696807861,0.786646695194893,0.6265787482208026,0.5859979136421983,0.6568718221398624,0.022475083433833615,0.6208966765344563
sub-C_ses-CO-20150716,sub-C_ses-CO-20151110,train,dev,117,26,47,0.5531914893617021,True,0.6327708620517937,1.1318110227584839,0.764985045838568,0.6195193106310107,0.6129686803445518,0.5976504301708403,0.0032939329623988245,0.6294769290893949
sub-C_ses-CO-20150716,sub-C_ses-CO-20151112,train,dev,119,21,46,0.45652173913043476,True,0.6244708930857895,1.1754038333892822,0.766035706666265,0.5930105049058572,0.6881560929021499,0.49178497632348656,-0.009308415285481658,0.6337793083712712
sub-C_ses-CO-20151103,sub-C_ses-CO-20151104,dev,dev,1,21,44,0.4772727272727273,True,0.9374911117351552,0.5297455787658691,0.9362536932840885,0.9435345608031015,0.9670797166087883,0.8498617605617849,-0.007210112020910767,0.944701223756066
sub-C_ses-CO-20151103,sub-C_ses-CO-20151106,dev,dev,3,21,43,0.4883720930232558,True,0.9265584960845445,0.5380923748016357,0.9663878988146576,0.9362888972212277,0.9471881163776809,0.7884732294861898,0.007605939556091172,0.9189525565284534
sub-C_ses-CO-20151103,sub-C_ses-CO-20151109,dev,dev,6,20,46,0.43478260869565216,True,0.8872061283638523,0.8031002879142761,0.9421366839837838,0.9212257784478587,0.9034090895298598,0.759115303095903,-0.0011558484050204242,0.8883619767688727
sub-C_ses-CO-20151103,sub-C_ses-CO-20151110,dev,dev,7,20,44,0.45454545454545453,True,0.895344580823478,0.8092160224914551,0.959270371830034,0.8991063754976913,0.9163829008673738,0.7966153732382791,-0.002074739550011503,0.8974193203734895
sub-C_ses-CO-20151103,sub-C_ses-CO-20151112,dev,dev,9,19,39,0.48717948717948717,True,0.8849271404872068,0.8072904944419861,0.9294622782062635,0.8808410227734776,0.9001634891105709,0.7543656225571712,0.02847104248373581,0.856456098003471
sub-C_ses-CO-20151104,sub-C_ses-CO-20151106,dev,dev,2,32,47,0.6808510638297872,True,0.9501116554050877,0.41840770840644836,0.962387645571029,0.9398696387160268,0.9616209450623414,0.9185660532909877,0.001306047309283423,0.9488056080958043
sub-C_ses-CO-20151104,sub-C_ses-CO-20151109,dev,dev,5,32,49,0.6530612244897959,True,0.924471887747393,0.5289604067802429,0.9102332534784799,0.9645721142726377,0.9247275025593086,0.92467697898551,0.01546919033307632,0.9090026974143166
sub-C_ses-CO-20151104,sub-C_ses-CO-20151110,dev,dev,6,34,45,0.7555555555555555,True,0.9220531182624425,0.5668836236000061,0.9101872985849438,0.9469809419280718,0.9233979637678074,0.9335972074459673,0.011358513908227428,0.9106946043542151
sub-C_ses-CO-20151104,sub-C_ses-CO-20151112,dev,dev,8,28,45,0.6222222222222222,True,0.9132896101384537,0.6268535256385803,0.9330270381315937,0.8929199088726009,0.9403089188456625,0.8858689416555106,0.021186914604650123,0.8921026955338035
sub-C_ses-CO-20151106,sub-C_ses-CO-20151109,dev,dev,3,33,47,0.7021276595744681,True,0.9308005930508173,0.5105151534080505,0.932731324776013,0.9455814591104287,0.9387975877298832,0.9484401286982371,0.0021004387409744966,0.9287001543098428
sub-C_ses-CO-20151106,sub-C_ses-CO-20151110,dev,dev,4,33,45,0.7333333333333333,True,0.9076570653355406,0.625429093837738,0.9236802013311195,0.9109718175477279,0.918374549901076,0.9173972911237093,-0.00395846988966249,0.9116155352252031
sub-C_ses-CO-20151106,sub-C_ses-CO-20151112,dev,dev,6,27,45,0.6,True,0.9162172773233691,0.634447455406189,0.9365618693104046,0.8796782615889827,0.9514529526776232,0.8896043231272813,0.033801205188250145,0.882416072135119
sub-C_ses-CO-20151109,sub-C_ses-CO-20151110,dev,dev,1,37,43,0.8604651162790697,True,0.9421251716372634,0.47400546073913574,0.9106738388466615,0.9493484548195577,0.9601213754766057,0.9686773242531981,-0.007767650271496611,0.94989282190876
sub-C_ses-CO-20151109,sub-C_ses-CO-20151112,dev,dev,3,29,45,0.6444444444444445,True,0.9002160983835723,0.6882830858230591,0.9345442130609046,0.8965770321351744,0.9480557198019809,0.9090444141512216,0.014981151636251307,0.885234946747321
sub-C_ses-CO-20151110,sub-C_ses-CO-20151112,dev,dev,2,30,42,0.7142857142857143,True,0.9193592578728808,0.623835027217865,0.9351881828342531,0.9456681211654655,0.9449948309885743,0.9200009236436005,0.018097056325700463,0.9012622015471803
