regime,session,budget_frames,kept_frames,calib_seconds,ridge_r2
own_zscore,ses-2020-10-30-Run1,200,200,4.0,0.22443951068434212
ref_raw,ses-2020-10-30-Run1,200,200,4.0,0.2269974542462915
own_zscore,ses-2020-10-30-Run1,400,400,8.0,0.2223474772075124
ref_raw,ses-2020-10-30-Run1,400,400,8.0,0.2364633365076152
own_zscore,ses-2020-10-30-Run1,800,800,16.0,0.2261798213922302
ref_raw,ses-2020-10-30-Run1,800,800,16.0,0.23390318709339203
own_zscore,ses-2020-10-30-Run1,1600,1600,32.0,0.22482630184831504
ref_raw,ses-2020-10-30-Run1,1600,1600,32.0,0.23482567956032013
own_zscore,ses-2020-10-30-Run1,3200,2182,43.6,0.22526730078648455
ref_raw,ses-2020-10-30-Run1,3200,2182,43.6,0.23459836035676288
own_zscore,ses-2020-10-30-Run1,1000000000,2182,43.6,0.22526730078648455
ref_raw,ses-2020-10-30-Run1,1000000000,2182,43.6,0.23459836035676288
own_zscore,ses-2020-10-30-Run2,200,200,4.0,0.24941203065578685
ref_raw,ses-2020-10-30-Run2,200,200,4.0,0.2524475219980987
own_zscore,ses-2020-10-30-Run2,400,400,8.0,0.2625490561553394
ref_raw,ses-2020-10-30-Run2,400,400,8.0,0.25935733912136744
own_zscore,ses-2020-10-30-Run2,800,800,16.0,0.2577290350531494
ref_raw,ses-2020-10-30-Run2,800,800,16.0,0.2630218285223144
own_zscore,ses-2020-10-30-Run2,1600,1600,32.0,0.2577088199634223
ref_raw,ses-2020-10-30-Run2,1600,1600,32.0,0.2636173601238082
own_zscore,ses-2020-10-30-Run2,3200,2040,40.8,0.25871309056950237
ref_raw,ses-2020-10-30-Run2,3200,2040,40.8,0.2644617840528968
own_zscore,ses-2020-10-30-Run2,1000000000,2040,40.8,0.25871309056950237
ref_raw,ses-2020-10-30-Run2,1000000000,2040,40.8,0.2644617840528968
own_zscore,ses-2020-11-18-Run1,200,200,4.0,0.1382675067506986
ref_raw,ses-2020-11-18-Run1,200,200,4.0,0.12854928274450322
own_zscore,ses-2020-11-18-Run1,400,400,8.0,0.14082420059181844
ref_raw,ses-2020-11-18-Run1,400,400,8.0,0.12275662533464518
own_zscore,ses-2020-11-18-Run1,800,800,16.0,0.15067834786007686
ref_raw,ses-2020-11-18-Run1,800,800,16.0,0.12206555542291993
own_zscore,ses-2020-11-18-Run1,1600,1600,32.0,0.14567798714719074
ref_raw,ses-2020-11-18-Run1,1600,1600,32.0,0.12618232999776574
own_zscore,ses-2020-11-18-Run1,3200,2014,40.3,0.14736755336218846
ref_raw,ses-2020-11-18-Run1,3200,2014,40.3,0.12580338257825757
own_zscore,ses-2020-11-18-Run1,1000000000,2014,40.3,0.14736755336218846
ref_raw,ses-2020-11-18-Run1,1000000000,2014,40.3,0.12580338257825757
own_zscore,ses-2020-11-19-Run1,200,200,4.0,0.05824023900469725
ref_raw,ses-2020-11-19-Run1,200,200,4.0,0.028293896709476924
own_zscore,ses-2020-11-19-Run1,400,400,8.0,0.06494731483604695
ref_raw,ses-2020-11-19-Run1,400,400,8.0,0.03053127682668395
own_zscore,ses-2020-11-19-Run1,800,800,16.0,0.06462391514550676
ref_raw,ses-2020-11-19-Run1,800,800,16.0,0.03387602435775026
own_zscore,ses-2020-11-19-Run1,1600,1600,32.0,0.0638900128483601
ref_raw,ses-2020-11-19-Run1,1600,1600,32.0,0.03411601427692429
own_zscore,ses-2020-11-19-Run1,3200,2436,48.7,0.062227992544358776
ref_raw,ses-2020-11-19-Run1,3200,2436,48.7,0.03476795843985858
own_zscore,ses-2020-11-19-Run1,1000000000,2436,48.7,0.062227992544358776
ref_raw,ses-2020-11-19-Run1,1000000000,2436,48.7,0.03476795843985858
own_zscore,ses-2020-11-24-Run1,200,200,4.0,0.09384971894125382
ref_raw,ses-2020-11-24-Run1,200,200,4.0,0.06975740035812046
own_zscore,ses-2020-11-24-Run1,400,400,8.0,0.08511453855069903
ref_raw,ses-2020-11-24-Run1,400,400,8.0,0.07979731701972048
own_zscore,ses-2020-11-24-Run1,800,800,16.0,0.0872038938953315
ref_raw,ses-2020-11-24-Run1,800,800,16.0,0.08363578469982791
own_zscore,ses-2020-11-24-Run1,1600,1600,32.0,0.08839003915599991
ref_raw,ses-2020-11-24-Run1,1600,1600,32.0,0.08565114444108576
own_zscore,ses-2020-11-24-Run1,3200,1772,35.4,0.08983251719869817
ref_raw,ses-2020-11-24-Run1,3200,1772,35.4,0.08480202028206996
own_zscore,ses-2020-11-24-Run1,1000000000,1772,35.4,0.08983251719869817
ref_raw,ses-2020-11-24-Run1,1000000000,1772,35.4,0.08480202028206996
own_zscore,ses-2020-11-24-Run2,200,200,4.0,-0.04937287976728506
ref_raw,ses-2020-11-24-Run2,200,200,4.0,-0.05731232133042191
own_zscore,ses-2020-11-24-Run2,400,400,8.0,-0.03386931522076557
ref_raw,ses-2020-11-24-Run2,400,400,8.0,-0.05466500253956933
own_zscore,ses-2020-11-24-Run2,800,800,16.0,-0.029923878937834204
ref_raw,ses-2020-11-24-Run2,800,800,16.0,-0.0498277833740423
own_zscore,ses-2020-11-24-Run2,1600,1600,32.0,-0.030354014180248363
ref_raw,ses-2020-11-24-Run2,1600,1600,32.0,-0.050086872867693866
own_zscore,ses-2020-11-24-Run2,3200,1880,37.6,-0.030138891619261414
ref_raw,ses-2020-11-24-Run2,3200,1880,37.6,-0.05117700271505575
own_zscore,ses-2020-11-24-Run2,1000000000,1880,37.6,-0.030138891619261414
ref_raw,ses-2020-11-24-Run2,1000000000,1880,37.6,-0.05117700271505575
