seed,hidden,nparam,session,budget_frames,calib_seconds,ref_raw_r2
1,32,4130,ses-2020-10-30-Run1,200,4.0,0.3585705071687698
1,32,4130,ses-2020-10-30-Run1,400,8.0,0.36518022119998933
1,32,4130,ses-2020-10-30-Run1,800,16.0,0.36070542633533476
1,32,4130,ses-2020-10-30-Run1,1600,32.0,0.3592283308506012
1,32,4130,ses-2020-10-30-Run1,3200,43.6,0.35970357060432434
1,32,4130,ses-2020-10-30-Run1,1000000000,43.6,0.35970357060432434
1,32,4130,ses-2020-10-30-Run2,200,4.0,0.24022010266780852
1,32,4130,ses-2020-10-30-Run2,400,8.0,0.2523058280348778
1,32,4130,ses-2020-10-30-Run2,800,16.0,0.25064067393541334
1,32,4130,ses-2020-10-30-Run2,1600,32.0,0.25565915256738664
1,32,4130,ses-2020-10-30-Run2,3200,40.8,0.25508780777454376
1,32,4130,ses-2020-10-30-Run2,1000000000,40.8,0.25508780777454376
1,32,4130,ses-2020-11-18-Run1,200,4.0,0.06578561216592789
1,32,4130,ses-2020-11-18-Run1,400,8.0,0.11430184841156006
1,32,4130,ses-2020-11-18-Run1,800,16.0,0.11863839328289032
1,32,4130,ses-2020-11-18-Run1,1600,32.0,0.11083292961120605
1,32,4130,ses-2020-11-18-Run1,3200,40.3,0.11473896503448486
1,32,4130,ses-2020-11-18-Run1,1000000000,40.3,0.11473896503448486
1,32,4130,ses-2020-11-19-Run1,200,4.0,0.02270539551973343
1,32,4130,ses-2020-11-19-Run1,400,8.0,0.03997292369604111
1,32,4130,ses-2020-11-19-Run1,800,16.0,0.03129603564739227
1,32,4130,ses-2020-11-19-Run1,1600,32.0,0.033789969980716705
1,32,4130,ses-2020-11-19-Run1,3200,48.7,0.037044334411621097
1,32,4130,ses-2020-11-19-Run1,1000000000,48.7,0.037044334411621097
1,32,4130,ses-2020-11-24-Run1,200,4.0,-0.06807586252689361
1,32,4130,ses-2020-11-24-Run1,400,8.0,-0.021991747617721557
1,32,4130,ses-2020-11-24-Run1,800,16.0,-0.003731739521026611
1,32,4130,ses-2020-11-24-Run1,1600,32.0,0.0005473822355270385
1,32,4130,ses-2020-11-24-Run1,3200,35.4,0.0002533972263336182
1,32,4130,ses-2020-11-24-Run1,1000000000,35.4,0.0002533972263336182
1,32,4130,ses-2020-11-24-Run2,200,4.0,-0.04977930039167404
1,32,4130,ses-2020-11-24-Run2,400,8.0,-0.028251472488045694
1,32,4130,ses-2020-11-24-Run2,800,16.0,-0.030115945637226103
1,32,4130,ses-2020-11-24-Run2,1600,32.0,-0.0259430680423975
1,32,4130,ses-2020-11-24-Run2,3200,37.6,-0.030046762712299824
1,32,4130,ses-2020-11-24-Run2,1000000000,37.6,-0.030046762712299824
2,32,4130,ses-2020-10-30-Run1,200,4.0,0.38775079846382143
2,32,4130,ses-2020-10-30-Run1,400,8.0,0.38210509419441224
2,32,4130,ses-2020-10-30-Run1,800,16.0,0.3820686399936676
2,32,4130,ses-2020-10-30-Run1,1600,32.0,0.38332497477531435
2,32,4130,ses-2020-10-30-Run1,3200,43.6,0.3831695169210434
2,32,4130,ses-2020-10-30-Run1,1000000000,43.6,0.3831695169210434
2,32,4130,ses-2020-10-30-Run2,200,4.0,0.2851348251104355
2,32,4130,ses-2020-10-30-Run2,400,8.0,0.2915024131536484
2,32,4130,ses-2020-10-30-Run2,800,16.0,0.2841316133737564
2,32,4130,ses-2020-10-30-Run2,1600,32.0,0.2855547726154327
2,32,4130,ses-2020-10-30-Run2,3200,40.8,0.2874479413032532
2,32,4130,ses-2020-10-30-Run2,1000000000,40.8,0.2874479413032532
2,32,4130,ses-2020-11-18-Run1,200,4.0,0.17427163124084472
2,32,4130,ses-2020-11-18-Run1,400,8.0,0.19759129881858825
2,32,4130,ses-2020-11-18-Run1,800,16.0,0.21709925830364227
2,32,4130,ses-2020-11-18-Run1,1600,32.0,0.20697948336601257
2,32,4130,ses-2020-11-18-Run1,3200,40.3,0.21275964081287385
2,32,4130,ses-2020-11-18-Run1,1000000000,40.3,0.21275964081287385
2,32,4130,ses-2020-11-19-Run1,200,4.0,0.06006340440362692
2,32,4130,ses-2020-11-19-Run1,400,8.0,0.1011239007115364
2,32,4130,ses-2020-11-19-Run1,800,16.0,0.09263493064790965
2,32,4130,ses-2020-11-19-Run1,1600,32.0,0.09482376803644002
2,32,4130,ses-2020-11-19-Run1,3200,48.7,0.09682146359700709
2,32,4130,ses-2020-11-19-Run1,1000000000,48.7,0.09682146359700709
2,32,4130,ses-2020-11-24-Run1,200,4.0,0.06388199925422669
2,32,4130,ses-2020-11-24-Run1,400,8.0,0.11630757451057434
2,32,4130,ses-2020-11-24-Run1,800,16.0,0.13368234932422637
2,32,4130,ses-2020-11-24-Run1,1600,32.0,0.1354692593216896
2,32,4130,ses-2020-11-24-Run1,3200,35.4,0.13442294299602509
2,32,4130,ses-2020-11-24-Run1,1000000000,35.4,0.13442294299602509
2,32,4130,ses-2020-11-24-Run2,200,4.0,0.009677338972687721
2,32,4130,ses-2020-11-24-Run2,400,8.0,0.02228123228996992
2,32,4130,ses-2020-11-24-Run2,800,16.0,0.02572558006795589
2,32,4130,ses-2020-11-24-Run2,1600,32.0,0.025175066851079463
2,32,4130,ses-2020-11-24-Run2,3200,37.6,0.02265350131201558
2,32,4130,ses-2020-11-24-Run2,1000000000,37.6,0.02265350131201558
3,32,4130,ses-2020-10-30-Run1,200,4.0,0.39699469804763793
3,32,4130,ses-2020-10-30-Run1,400,8.0,0.3873405992984772
3,32,4130,ses-2020-10-30-Run1,800,16.0,0.391660338640213
3,32,4130,ses-2020-10-30-Run1,1600,32.0,0.3917886227369308
3,32,4130,ses-2020-10-30-Run1,3200,43.6,0.39157562851905825
3,32,4130,ses-2020-10-30-Run1,1000000000,43.6,0.39157562851905825
3,32,4130,ses-2020-10-30-Run2,200,4.0,0.35414772629737856
3,32,4130,ses-2020-10-30-Run2,400,8.0,0.3445279449224472
3,32,4130,ses-2020-10-30-Run2,800,16.0,0.34575591385364535
3,32,4130,ses-2020-10-30-Run2,1600,32.0,0.3522114366292953
3,32,4130,ses-2020-10-30-Run2,3200,40.8,0.35259219706058503
3,32,4130,ses-2020-10-30-Run2,1000000000,40.8,0.35259219706058503
3,32,4130,ses-2020-11-18-Run1,200,4.0,0.13904740810394287
3,32,4130,ses-2020-11-18-Run1,400,8.0,0.18143999576568604
3,32,4130,ses-2020-11-18-Run1,800,16.0,0.1855262905359268
3,32,4130,ses-2020-11-18-Run1,1600,32.0,0.17725132405757904
3,32,4130,ses-2020-11-18-Run1,3200,40.3,0.18117445707321167
3,32,4130,ses-2020-11-18-Run1,1000000000,40.3,0.18117445707321167
3,32,4130,ses-2020-11-19-Run1,200,4.0,0.09849072247743607
3,32,4130,ses-2020-11-19-Run1,400,8.0,0.13238425627350808
3,32,4130,ses-2020-11-19-Run1,800,16.0,0.12356137931346893
3,32,4130,ses-2020-11-19-Run1,1600,32.0,0.1230132918804884
3,32,4130,ses-2020-11-19-Run1,3200,48.7,0.12517725117504597
3,32,4130,ses-2020-11-19-Run1,1000000000,48.7,0.12517725117504597
3,32,4130,ses-2020-11-24-Run1,200,4.0,0.024603719264268874
3,32,4130,ses-2020-11-24-Run1,400,8.0,0.06655488610267639
3,32,4130,ses-2020-11-24-Run1,800,16.0,0.08174462914466858
3,32,4130,ses-2020-11-24-Run1,1600,32.0,0.08735146671533585
3,32,4130,ses-2020-11-24-Run1,3200,35.4,0.0866383209824562
3,32,4130,ses-2020-11-24-Run1,1000000000,35.4,0.0866383209824562
3,32,4130,ses-2020-11-24-Run2,200,4.0,-0.005307599157094956
3,32,4130,ses-2020-11-24-Run2,400,8.0,0.02339266687631607
3,32,4130,ses-2020-11-24-Run2,800,16.0,0.021220751106739044
3,32,4130,ses-2020-11-24-Run2,1600,32.0,0.023395827412605284
3,32,4130,ses-2020-11-24-Run2,3200,37.6,0.021072188019752504
3,32,4130,ses-2020-11-24-Run2,1000000000,37.6,0.021072188019752504
1,64,7298,ses-2020-10-30-Run1,200,4.0,0.3679259181022644
1,64,7298,ses-2020-10-30-Run1,400,8.0,0.3761323779821396
1,64,7298,ses-2020-10-30-Run1,800,16.0,0.3621539115905762
1,64,7298,ses-2020-10-30-Run1,1600,32.0,0.3664358377456665
1,64,7298,ses-2020-10-30-Run1,3200,43.6,0.36552121341228483
1,64,7298,ses-2020-10-30-Run1,1000000000,43.6,0.36552121341228483
1,64,7298,ses-2020-10-30-Run2,200,4.0,0.18684438169002532
1,64,7298,ses-2020-10-30-Run2,400,8.0,0.2076082369312644
1,64,7298,ses-2020-10-30-Run2,800,16.0,0.20471366494894028
1,64,7298,ses-2020-10-30-Run2,1600,32.0,0.2089857766404748
1,64,7298,ses-2020-10-30-Run2,3200,40.8,0.21025500539690256
1,64,7298,ses-2020-10-30-Run2,1000000000,40.8,0.21025500539690256
1,64,7298,ses-2020-11-18-Run1,200,4.0,0.08909862041473389
1,64,7298,ses-2020-11-18-Run1,400,8.0,0.1473969429731369
1,64,7298,ses-2020-11-18-Run1,800,16.0,0.14872294366359712
1,64,7298,ses-2020-11-18-Run1,1600,32.0,0.1383342608809471
1,64,7298,ses-2020-11-18-Run1,3200,40.3,0.14423745572566987
1,64,7298,ses-2020-11-18-Run1,1000000000,40.3,0.14423745572566987
1,64,7298,ses-2020-11-19-Run1,200,4.0,0.008141358196735383
1,64,7298,ses-2020-11-19-Run1,400,8.0,0.030766862630844116
1,64,7298,ses-2020-11-19-Run1,800,16.0,0.030279897898435593
1,64,7298,ses-2020-11-19-Run1,1600,32.0,0.03044605255126953
1,64,7298,ses-2020-11-19-Run1,3200,48.7,0.034509208798408506
1,64,7298,ses-2020-11-19-Run1,1000000000,48.7,0.034509208798408506
1,64,7298,ses-2020-11-24-Run1,200,4.0,-0.11120500862598419
1,64,7298,ses-2020-11-24-Run1,400,8.0,-0.04599389135837555
1,64,7298,ses-2020-11-24-Run1,800,16.0,-0.028424474596977233
1,64,7298,ses-2020-11-24-Run1,1600,32.0,-0.021105577051639558
1,64,7298,ses-2020-11-24-Run1,3200,35.4,-0.022054733335971834
1,64,7298,ses-2020-11-24-Run1,1000000000,35.4,-0.022054733335971834
1,64,7298,ses-2020-11-24-Run2,200,4.0,-0.06620967835187912
1,64,7298,ses-2020-11-24-Run2,400,8.0,-0.03724962007254362
1,64,7298,ses-2020-11-24-Run2,800,16.0,-0.026309839636087417
1,64,7298,ses-2020-11-24-Run2,1600,32.0,-0.02315295236185193
1,64,7298,ses-2020-11-24-Run2,3200,37.6,-0.026455792580964043
1,64,7298,ses-2020-11-24-Run2,1000000000,37.6,-0.026455792580964043
2,64,7298,ses-2020-10-30-Run1,200,4.0,0.3729220271110535
2,64,7298,ses-2020-10-30-Run1,400,8.0,0.3742660343647003
2,64,7298,ses-2020-10-30-Run1,800,16.0,0.36989136040210724
2,64,7298,ses-2020-10-30-Run1,1600,32.0,0.3723840773105621
2,64,7298,ses-2020-10-30-Run1,3200,43.6,0.3720081001520157
2,64,7298,ses-2020-10-30-Run1,1000000000,43.6,0.3720081001520157
2,64,7298,ses-2020-10-30-Run2,200,4.0,0.2787178732454777
2,64,7298,ses-2020-10-30-Run2,400,8.0,0.28468445725739
2,64,7298,ses-2020-10-30-Run2,800,16.0,0.2774241557344794
2,64,7298,ses-2020-10-30-Run2,1600,32.0,0.2794409290887415
2,64,7298,ses-2020-10-30-Run2,3200,40.8,0.28393160477280616
2,64,7298,ses-2020-10-30-Run2,1000000000,40.8,0.28393160477280616
2,64,7298,ses-2020-11-18-Run1,200,4.0,0.20352472066879274
2,64,7298,ses-2020-11-18-Run1,400,8.0,0.2278228908777237
2,64,7298,ses-2020-11-18-Run1,800,16.0,0.24455344676971436
2,64,7298,ses-2020-11-18-Run1,1600,32.0,0.23558842837810517
2,64,7298,ses-2020-11-18-Run1,3200,40.3,0.24117937684059143
2,64,7298,ses-2020-11-18-Run1,1000000000,40.3,0.24117937684059143
2,64,7298,ses-2020-11-19-Run1,200,4.0,0.012448062002658845
2,64,7298,ses-2020-11-19-Run1,400,8.0,0.051468050479888915
2,64,7298,ses-2020-11-19-Run1,800,16.0,0.041083996370434764
2,64,7298,ses-2020-11-19-Run1,1600,32.0,0.04165977649390697
2,64,7298,ses-2020-11-19-Run1,3200,48.7,0.047132695093750954
2,64,7298,ses-2020-11-19-Run1,1000000000,48.7,0.047132695093750954
2,64,7298,ses-2020-11-24-Run1,200,4.0,-0.06848979187197983
2,64,7298,ses-2020-11-24-Run1,400,8.0,0.0017391860485076905
2,64,7298,ses-2020-11-24-Run1,800,16.0,0.024972781538963318
2,64,7298,ses-2020-11-24-Run1,1600,32.0,0.029105255007743837
2,64,7298,ses-2020-11-24-Run1,3200,35.4,0.03028297871351242
2,64,7298,ses-2020-11-24-Run1,1000000000,35.4,0.03028297871351242
2,64,7298,ses-2020-11-24-Run2,200,4.0,-0.05934624075889587
2,64,7298,ses-2020-11-24-Run2,400,8.0,-0.02908359467983246
2,64,7298,ses-2020-11-24-Run2,800,16.0,-0.02643326558172703
2,64,7298,ses-2020-11-24-Run2,1600,32.0,-0.024835260957479476
2,64,7298,ses-2020-11-24-Run2,3200,37.6,-0.02850833386182785
2,64,7298,ses-2020-11-24-Run2,1000000000,37.6,-0.02850833386182785
3,64,7298,ses-2020-10-30-Run1,200,4.0,0.3946613907814026
3,64,7298,ses-2020-10-30-Run1,400,8.0,0.3842642068862915
3,64,7298,ses-2020-10-30-Run1,800,16.0,0.38489743173122404
3,64,7298,ses-2020-10-30-Run1,1600,32.0,0.3851617991924286
3,64,7298,ses-2020-10-30-Run1,3200,43.6,0.38648476004600524
3,64,7298,ses-2020-10-30-Run1,1000000000,43.6,0.38648476004600524
3,64,7298,ses-2020-10-30-Run2,200,4.0,0.3235745161771774
3,64,7298,ses-2020-10-30-Run2,400,8.0,0.31860570311546327
3,64,7298,ses-2020-10-30-Run2,800,16.0,0.31758045852184297
3,64,7298,ses-2020-10-30-Run2,1600,32.0,0.32720168828964236
3,64,7298,ses-2020-10-30-Run2,3200,40.8,0.3281926095485687
3,64,7298,ses-2020-10-30-Run2,1000000000,40.8,0.3281926095485687
3,64,7298,ses-2020-11-18-Run1,200,4.0,0.1218506157398224
3,64,7298,ses-2020-11-18-Run1,400,8.0,0.16886479258537293
3,64,7298,ses-2020-11-18-Run1,800,16.0,0.16568849682807923
3,64,7298,ses-2020-11-18-Run1,1600,32.0,0.15706802308559417
3,64,7298,ses-2020-11-18-Run1,3200,40.3,0.16051292419433594
3,64,7298,ses-2020-11-18-Run1,1000000000,40.3,0.16051292419433594
3,64,7298,ses-2020-11-19-Run1,200,4.0,0.08399793654680252
3,64,7298,ses-2020-11-19-Run1,400,8.0,0.10956944599747657
3,64,7298,ses-2020-11-19-Run1,800,16.0,0.10128302685916424
3,64,7298,ses-2020-11-19-Run1,1600,32.0,0.10417806729674339
3,64,7298,ses-2020-11-19-Run1,3200,48.7,0.10560482107102871
3,64,7298,ses-2020-11-19-Run1,1000000000,48.7,0.10560482107102871
3,64,7298,ses-2020-11-24-Run1,200,4.0,0.06393044739961624
3,64,7298,ses-2020-11-24-Run1,400,8.0,0.08582098707556725
3,64,7298,ses-2020-11-24-Run1,800,16.0,0.09530159384012223
3,64,7298,ses-2020-11-24-Run1,1600,32.0,0.09719131737947465
3,64,7298,ses-2020-11-24-Run1,3200,35.4,0.09568250924348831
3,64,7298,ses-2020-11-24-Run1,1000000000,35.4,0.09568250924348831
3,64,7298,ses-2020-11-24-Run2,200,4.0,-0.020999494194984435
3,64,7298,ses-2020-11-24-Run2,400,8.0,0.0038768626749515534
3,64,7298,ses-2020-11-24-Run2,800,16.0,0.001735900342464447
3,64,7298,ses-2020-11-24-Run2,1600,32.0,0.0048370398581027985
3,64,7298,ses-2020-11-24-Run2,3200,37.6,0.00270136296749115
3,64,7298,ses-2020-11-24-Run2,1000000000,37.6,0.00270136296749115
1,128,13634,ses-2020-10-30-Run1,200,4.0,0.37169877290725706
1,128,13634,ses-2020-10-30-Run1,400,8.0,0.3648516178131104
1,128,13634,ses-2020-10-30-Run1,800,16.0,0.36149426102638244
1,128,13634,ses-2020-10-30-Run1,1600,32.0,0.3620580494403839
1,128,13634,ses-2020-10-30-Run1,3200,43.6,0.36152472496032717
1,128,13634,ses-2020-10-30-Run1,1000000000,43.6,0.36152472496032717
1,128,13634,ses-2020-10-30-Run2,200,4.0,0.222279609949328
1,128,13634,ses-2020-10-30-Run2,400,8.0,0.2308358285576105
1,128,13634,ses-2020-10-30-Run2,800,16.0,0.22162294276058675
1,128,13634,ses-2020-10-30-Run2,1600,32.0,0.23227715268731117
1,128,13634,ses-2020-10-30-Run2,3200,40.8,0.23445800989866256
1,128,13634,ses-2020-10-30-Run2,1000000000,40.8,0.23445800989866256
1,128,13634,ses-2020-11-18-Run1,200,4.0,0.03525031805038452
1,128,13634,ses-2020-11-18-Run1,400,8.0,0.10034525543451309
1,128,13634,ses-2020-11-18-Run1,800,16.0,0.10024676024913788
1,128,13634,ses-2020-11-18-Run1,1600,32.0,0.08859175890684128
1,128,13634,ses-2020-11-18-Run1,3200,40.3,0.09408142566680908
1,128,13634,ses-2020-11-18-Run1,1000000000,40.3,0.09408142566680908
1,128,13634,ses-2020-11-19-Run1,200,4.0,0.03397796079516411
1,128,13634,ses-2020-11-19-Run1,400,8.0,0.06257355324923992
1,128,13634,ses-2020-11-19-Run1,800,16.0,0.05416704714298248
1,128,13634,ses-2020-11-19-Run1,1600,32.0,0.05175890326499939
1,128,13634,ses-2020-11-19-Run1,3200,48.7,0.057015857100486754
1,128,13634,ses-2020-11-19-Run1,1000000000,48.7,0.057015857100486754
1,128,13634,ses-2020-11-24-Run1,200,4.0,0.009131593257188797
1,128,13634,ses-2020-11-24-Run1,400,8.0,0.04790416844189167
1,128,13634,ses-2020-11-24-Run1,800,16.0,0.05999125614762306
1,128,13634,ses-2020-11-24-Run1,1600,32.0,0.06575216576457024
1,128,13634,ses-2020-11-24-Run1,3200,35.4,0.0644543819129467
1,128,13634,ses-2020-11-24-Run1,1000000000,35.4,0.0644543819129467
1,128,13634,ses-2020-11-24-Run2,200,4.0,-0.08279135301709176
1,128,13634,ses-2020-11-24-Run2,400,8.0,-0.05171737689524889
1,128,13634,ses-2020-11-24-Run2,800,16.0,-0.055617066100239754
1,128,13634,ses-2020-11-24-Run2,1600,32.0,-0.04615726098418236
1,128,13634,ses-2020-11-24-Run2,3200,37.6,-0.05015053898096085
1,128,13634,ses-2020-11-24-Run2,1000000000,37.6,-0.05015053898096085
2,128,13634,ses-2020-10-30-Run1,200,4.0,0.3550669431686401
2,128,13634,ses-2020-10-30-Run1,400,8.0,0.3529406815767288
2,128,13634,ses-2020-10-30-Run1,800,16.0,0.34960497319698336
2,128,13634,ses-2020-10-30-Run1,1600,32.0,0.35061303377151487
2,128,13634,ses-2020-10-30-Run1,3200,43.6,0.35070074051618577
2,128,13634,ses-2020-10-30-Run1,1000000000,43.6,0.35070074051618577
2,128,13634,ses-2020-10-30-Run2,200,4.0,0.2272331304848194
2,128,13634,ses-2020-10-30-Run2,400,8.0,0.24525945112109185
2,128,13634,ses-2020-10-30-Run2,800,16.0,0.2398028046824038
2,128,13634,ses-2020-10-30-Run2,1600,32.0,0.24078885205090045
2,128,13634,ses-2020-10-30-Run2,3200,40.8,0.2451797191053629
2,128,13634,ses-2020-10-30-Run2,1000000000,40.8,0.2451797191053629
2,128,13634,ses-2020-11-18-Run1,200,4.0,0.22120868861675264
2,128,13634,ses-2020-11-18-Run1,400,8.0,0.24689853191375732
2,128,13634,ses-2020-11-18-Run1,800,16.0,0.26630558371543883
2,128,13634,ses-2020-11-18-Run1,1600,32.0,0.2558901280164719
2,128,13634,ses-2020-11-18-Run1,3200,40.3,0.26219371855258944
2,128,13634,ses-2020-11-18-Run1,1000000000,40.3,0.26219371855258944
2,128,13634,ses-2020-11-19-Run1,200,4.0,0.035424450784921645
2,128,13634,ses-2020-11-19-Run1,400,8.0,0.07836276441812515
2,128,13634,ses-2020-11-19-Run1,800,16.0,0.07018289808183908
2,128,13634,ses-2020-11-19-Run1,1600,32.0,0.06860934421420098
2,128,13634,ses-2020-11-19-Run1,3200,48.7,0.07374943532049656
2,128,13634,ses-2020-11-19-Run1,1000000000,48.7,0.07374943532049656
2,128,13634,ses-2020-11-24-Run1,200,4.0,-0.07026789784431457
2,128,13634,ses-2020-11-24-Run1,400,8.0,-0.00689878910779953
2,128,13634,ses-2020-11-24-Run1,800,16.0,0.020614956319332123
2,128,13634,ses-2020-11-24-Run1,1600,32.0,0.021472640335559845
2,128,13634,ses-2020-11-24-Run1,3200,35.4,0.022346407175064087
2,128,13634,ses-2020-11-24-Run1,1000000000,35.4,0.022346407175064087
2,128,13634,ses-2020-11-24-Run2,200,4.0,-0.07471539236139506
2,128,13634,ses-2020-11-24-Run2,400,8.0,-0.04171818234026432
2,128,13634,ses-2020-11-24-Run2,800,16.0,-0.03356628268957138
2,128,13634,ses-2020-11-24-Run2,1600,32.0,-0.028885042667388915
2,128,13634,ses-2020-11-24-Run2,3200,37.6,-0.03439872115850449
2,128,13634,ses-2020-11-24-Run2,1000000000,37.6,-0.03439872115850449
3,128,13634,ses-2020-10-30-Run1,200,4.0,0.3446647346019745
3,128,13634,ses-2020-10-30-Run1,400,8.0,0.3365419000387192
3,128,13634,ses-2020-10-30-Run1,800,16.0,0.3328441888093948
3,128,13634,ses-2020-10-30-Run1,1600,32.0,0.33710130751132966
3,128,13634,ses-2020-10-30-Run1,3200,43.6,0.336616525053978
3,128,13634,ses-2020-10-30-Run1,1000000000,43.6,0.336616525053978
3,128,13634,ses-2020-10-30-Run2,200,4.0,0.2501887559890747
3,128,13634,ses-2020-10-30-Run2,400,8.0,0.24434078931808473
3,128,13634,ses-2020-10-30-Run2,800,16.0,0.24290234372019767
3,128,13634,ses-2020-10-30-Run2,1600,32.0,0.2596199870109558
3,128,13634,ses-2020-10-30-Run2,3200,40.8,0.2612928837537766
3,128,13634,ses-2020-10-30-Run2,1000000000,40.8,0.2612928837537766
3,128,13634,ses-2020-11-18-Run1,200,4.0,0.06836254149675369
3,128,13634,ses-2020-11-18-Run1,400,8.0,0.11805887371301652
3,128,13634,ses-2020-11-18-Run1,800,16.0,0.11603078693151474
3,128,13634,ses-2020-11-18-Run1,1600,32.0,0.10466705411672592
3,128,13634,ses-2020-11-18-Run1,3200,40.3,0.10938776582479477
3,128,13634,ses-2020-11-18-Run1,1000000000,40.3,0.10938776582479477
3,128,13634,ses-2020-11-19-Run1,200,4.0,0.00587741807103157
3,128,13634,ses-2020-11-19-Run1,400,8.0,0.03086165487766266
3,128,13634,ses-2020-11-19-Run1,800,16.0,0.024264780431985856
3,128,13634,ses-2020-11-19-Run1,1600,32.0,0.026788004487752915
3,128,13634,ses-2020-11-19-Run1,3200,48.7,0.030049561709165572
3,128,13634,ses-2020-11-19-Run1,1000000000,48.7,0.030049561709165572
3,128,13634,ses-2020-11-24-Run1,200,4.0,0.044387641549110415
3,128,13634,ses-2020-11-24-Run1,400,8.0,0.08347906768321992
3,128,13634,ses-2020-11-24-Run1,800,16.0,0.08538269549608231
3,128,13634,ses-2020-11-24-Run1,1600,32.0,0.0890428364276886
3,128,13634,ses-2020-11-24-Run1,3200,35.4,0.08898520171642303
3,128,13634,ses-2020-11-24-Run1,1000000000,35.4,0.08898520171642303
3,128,13634,ses-2020-11-24-Run2,200,4.0,-0.06500574052333832
3,128,13634,ses-2020-11-24-Run2,400,8.0,-0.039321212098002434
3,128,13634,ses-2020-11-24-Run2,800,16.0,-0.04112372100353241
3,128,13634,ses-2020-11-24-Run2,1600,32.0,-0.03547424003481865
3,128,13634,ses-2020-11-24-Run2,3200,37.6,-0.03872449789196253
3,128,13634,ses-2020-11-24-Run2,1000000000,37.6,-0.03872449789196253
