config,seed,session,budget_frames,ref_raw_r2
plain,1,ses-2020-10-30-Run1,200,0.35481977462768555
plain,1,ses-2020-10-30-Run1,400,0.3582262933254242
plain,1,ses-2020-10-30-Run1,800,0.3618785679340363
plain,1,ses-2020-10-30-Run1,1600,0.35911437273025515
plain,1,ses-2020-10-30-Run1,3200,0.35970357060432434
plain,1,ses-2020-10-30-Run1,1000000000,0.35970357060432434
plain,1,ses-2020-10-30-Run2,200,0.2501428171992302
plain,1,ses-2020-10-30-Run2,400,0.2444659322500229
plain,1,ses-2020-10-30-Run2,800,0.2540920630097389
plain,1,ses-2020-10-30-Run2,1600,0.2575994983315468
plain,1,ses-2020-10-30-Run2,3200,0.25508780777454376
plain,1,ses-2020-10-30-Run2,1000000000,0.25508780777454376
plain,1,ses-2020-11-18-Run1,200,0.10626293867826461
plain,1,ses-2020-11-18-Run1,400,0.10425057411193847
plain,1,ses-2020-11-18-Run1,800,0.11139252483844757
plain,1,ses-2020-11-18-Run1,1600,0.11438968777656555
plain,1,ses-2020-11-18-Run1,3200,0.11473896503448486
plain,1,ses-2020-11-18-Run1,1000000000,0.11473896503448486
plain,1,ses-2020-11-19-Run1,200,0.03149599134922028
plain,1,ses-2020-11-19-Run1,400,0.05009900778532028
plain,1,ses-2020-11-19-Run1,800,0.03279749602079392
plain,1,ses-2020-11-19-Run1,1600,0.036811704933643344
plain,1,ses-2020-11-19-Run1,3200,0.037044334411621097
plain,1,ses-2020-11-19-Run1,1000000000,0.037044334411621097
plain,1,ses-2020-11-24-Run1,200,-0.043882033228874205
plain,1,ses-2020-11-24-Run1,400,-0.008867114782333374
plain,1,ses-2020-11-24-Run1,800,-0.008143454790115356
plain,1,ses-2020-11-24-Run1,1600,0.0010903924703598022
plain,1,ses-2020-11-24-Run1,3200,0.0002533972263336182
plain,1,ses-2020-11-24-Run1,1000000000,0.0002533972263336182
plain,1,ses-2020-11-24-Run2,200,-0.051365350000560285
plain,1,ses-2020-11-24-Run2,400,-0.01924123602802865
plain,1,ses-2020-11-24-Run2,800,-0.027433735132217408
plain,1,ses-2020-11-24-Run2,1600,-0.03409428708255291
plain,1,ses-2020-11-24-Run2,3200,-0.030046762712299824
plain,1,ses-2020-11-24-Run2,1000000000,-0.030046762712299824
film,1,ses-2020-10-30-Run1,200,0.17789497077465058
film,1,ses-2020-10-30-Run1,400,0.17326284497976302
film,1,ses-2020-10-30-Run1,800,0.18155524134635925
film,1,ses-2020-10-30-Run1,1600,0.1773291200399399
film,1,ses-2020-10-30-Run1,3200,0.17802541255950927
film,1,ses-2020-10-30-Run1,1000000000,0.17802541255950927
film,1,ses-2020-10-30-Run2,200,0.22614950090646743
film,1,ses-2020-10-30-Run2,400,0.2033022940158844
film,1,ses-2020-10-30-Run2,800,0.20873784869909287
film,1,ses-2020-10-30-Run2,1600,0.2053953915834427
film,1,ses-2020-10-30-Run2,3200,0.20564026087522508
film,1,ses-2020-10-30-Run2,1000000000,0.20564026087522508
film,1,ses-2020-11-18-Run1,200,0.11288053393363953
film,1,ses-2020-11-18-Run1,400,0.11792413257062435
film,1,ses-2020-11-18-Run1,800,0.12426243051886558
film,1,ses-2020-11-18-Run1,1600,0.12183265453204513
film,1,ses-2020-11-18-Run1,3200,0.12120018899440765
film,1,ses-2020-11-18-Run1,1000000000,0.12120018899440765
film,1,ses-2020-11-19-Run1,200,0.03963215108960867
film,1,ses-2020-11-19-Run1,400,0.040378127992153165
film,1,ses-2020-11-19-Run1,800,0.03557147830724716
film,1,ses-2020-11-19-Run1,1600,0.03648444563150406
film,1,ses-2020-11-19-Run1,3200,0.0357899010181427
film,1,ses-2020-11-19-Run1,1000000000,0.0357899010181427
film,1,ses-2020-11-24-Run1,200,0.07179930889979005
film,1,ses-2020-11-24-Run1,400,0.0852930722758174
film,1,ses-2020-11-24-Run1,800,0.08879006477072834
film,1,ses-2020-11-24-Run1,1600,0.08765925802290439
film,1,ses-2020-11-24-Run1,3200,0.08905214946717024
film,1,ses-2020-11-24-Run1,1000000000,0.08905214946717024
film,1,ses-2020-11-24-Run2,200,0.02040586695075035
film,1,ses-2020-11-24-Run2,400,0.02792830392718315
film,1,ses-2020-11-24-Run2,800,0.02743230536580086
film,1,ses-2020-11-24-Run2,1600,0.02359977290034294
film,1,ses-2020-11-24-Run2,3200,0.02398475706577301
film,1,ses-2020-11-24-Run2,1000000000,0.02398475706577301
plain,2,ses-2020-10-30-Run1,200,0.37510481774806975
plain,2,ses-2020-10-30-Run1,400,0.37801952958106994
plain,2,ses-2020-10-30-Run1,800,0.3837310165166855
plain,2,ses-2020-10-30-Run1,1600,0.38246406614780426
plain,2,ses-2020-10-30-Run1,3200,0.3831695169210434
plain,2,ses-2020-10-30-Run1,1000000000,0.3831695169210434
plain,2,ses-2020-10-30-Run2,200,0.2631529986858368
plain,2,ses-2020-10-30-Run2,400,0.28132015466690063
plain,2,ses-2020-10-30-Run2,800,0.28363009095191954
plain,2,ses-2020-10-30-Run2,1600,0.2905488908290863
plain,2,ses-2020-10-30-Run2,3200,0.2874479413032532
plain,2,ses-2020-10-30-Run2,1000000000,0.2874479413032532
plain,2,ses-2020-11-18-Run1,200,0.20080526769161225
plain,2,ses-2020-11-18-Run1,400,0.19532277286052704
plain,2,ses-2020-11-18-Run1,800,0.2099551022052765
plain,2,ses-2020-11-18-Run1,1600,0.21208810210227966
plain,2,ses-2020-11-18-Run1,3200,0.21275964081287385
plain,2,ses-2020-11-18-Run1,1000000000,0.21275964081287385
plain,2,ses-2020-11-19-Run1,200,0.09419759660959244
plain,2,ses-2020-11-19-Run1,400,0.11749533433467149
plain,2,ses-2020-11-19-Run1,800,0.09274025689810514
plain,2,ses-2020-11-19-Run1,1600,0.09569622983690351
plain,2,ses-2020-11-19-Run1,3200,0.09682146359700709
plain,2,ses-2020-11-19-Run1,1000000000,0.09682146359700709
plain,2,ses-2020-11-24-Run1,200,0.10509741753339767
plain,2,ses-2020-11-24-Run1,400,0.12833400666713715
plain,2,ses-2020-11-24-Run1,800,0.12452170252799988
plain,2,ses-2020-11-24-Run1,1600,0.13472513854503632
plain,2,ses-2020-11-24-Run1,3200,0.13442294299602509
plain,2,ses-2020-11-24-Run1,1000000000,0.13442294299602509
plain,2,ses-2020-11-24-Run2,200,0.017323408648371695
plain,2,ses-2020-11-24-Run2,400,0.034837975073605774
plain,2,ses-2020-11-24-Run2,800,0.021165424678474664
plain,2,ses-2020-11-24-Run2,1600,0.018815061077475548
plain,2,ses-2020-11-24-Run2,3200,0.02265350131201558
plain,2,ses-2020-11-24-Run2,1000000000,0.02265350131201558
film,2,ses-2020-10-30-Run1,200,0.3066801965236664
film,2,ses-2020-10-30-Run1,400,0.3095745950937271
film,2,ses-2020-10-30-Run1,800,0.31108311116695403
film,2,ses-2020-10-30-Run1,1600,0.3079376608133316
film,2,ses-2020-10-30-Run1,3200,0.3092789828777313
film,2,ses-2020-10-30-Run1,1000000000,0.3092789828777313
film,2,ses-2020-10-30-Run2,200,0.32415839433670046
film,2,ses-2020-10-30-Run2,400,0.3127987891435623
film,2,ses-2020-10-30-Run2,800,0.3159732401371002
film,2,ses-2020-10-30-Run2,1600,0.3175806999206543
film,2,ses-2020-10-30-Run2,3200,0.31628085374832154
film,2,ses-2020-10-30-Run2,1000000000,0.31628085374832154
film,2,ses-2020-11-18-Run1,200,0.17527155429124833
film,2,ses-2020-11-18-Run1,400,0.17343854755163193
film,2,ses-2020-11-18-Run1,800,0.1786424219608307
film,2,ses-2020-11-18-Run1,1600,0.17577414065599442
film,2,ses-2020-11-18-Run1,3200,0.17569135427474974
film,2,ses-2020-11-18-Run1,1000000000,0.17569135427474974
film,2,ses-2020-11-19-Run1,200,0.08117834622971713
film,2,ses-2020-11-19-Run1,400,0.08232507780194283
film,2,ses-2020-11-19-Run1,800,0.0706489322707057
film,2,ses-2020-11-19-Run1,1600,0.07390346806496381
film,2,ses-2020-11-19-Run1,3200,0.07325833924114704
film,2,ses-2020-11-19-Run1,1000000000,0.07325833924114704
film,2,ses-2020-11-24-Run1,200,0.1154932700097561
film,2,ses-2020-11-24-Run1,400,0.12403454631567001
film,2,ses-2020-11-24-Run1,800,0.12264079302549362
film,2,ses-2020-11-24-Run1,1600,0.12423379272222519
film,2,ses-2020-11-24-Run1,3200,0.12574897706508636
film,2,ses-2020-11-24-Run1,1000000000,0.12574897706508636
film,2,ses-2020-11-24-Run2,200,-0.01649327054619789
film,2,ses-2020-11-24-Run2,400,-0.010028129070997238
film,2,ses-2020-11-24-Run2,800,-0.00724424347281456
film,2,ses-2020-11-24-Run2,1600,-0.011047708243131638
film,2,ses-2020-11-24-Run2,3200,-0.010486405342817307
film,2,ses-2020-11-24-Run2,1000000000,-0.010486405342817307
plain,3,ses-2020-10-30-Run1,200,0.38406925201416015
plain,3,ses-2020-10-30-Run1,400,0.38547647595405576
plain,3,ses-2020-10-30-Run1,800,0.3918170601129532
plain,3,ses-2020-10-30-Run1,1600,0.38990568220615385
plain,3,ses-2020-10-30-Run1,3200,0.39157562851905825
plain,3,ses-2020-10-30-Run1,1000000000,0.39157562851905825
plain,3,ses-2020-10-30-Run2,200,0.3371566414833069
plain,3,ses-2020-10-30-Run2,400,0.343766388297081
plain,3,ses-2020-10-30-Run2,800,0.3492642641067505
plain,3,ses-2020-10-30-Run2,1600,0.35380160212516787
plain,3,ses-2020-10-30-Run2,3200,0.35259219706058503
plain,3,ses-2020-10-30-Run2,1000000000,0.35259219706058503
plain,3,ses-2020-11-18-Run1,200,0.1851058632135391
plain,3,ses-2020-11-18-Run1,400,0.16690241992473603
plain,3,ses-2020-11-18-Run1,800,0.17699230909347535
plain,3,ses-2020-11-18-Run1,1600,0.1829429805278778
plain,3,ses-2020-11-18-Run1,3200,0.18117445707321167
plain,3,ses-2020-11-18-Run1,1000000000,0.18117445707321167
plain,3,ses-2020-11-19-Run1,200,0.12006709119305015
plain,3,ses-2020-11-19-Run1,400,0.14152564108371735
plain,3,ses-2020-11-19-Run1,800,0.1238525539636612
plain,3,ses-2020-11-19-Run1,1600,0.1254002757370472
plain,3,ses-2020-11-19-Run1,3200,0.12517725117504597
plain,3,ses-2020-11-19-Run1,1000000000,0.12517725117504597
plain,3,ses-2020-11-24-Run1,200,0.05462748110294342
plain,3,ses-2020-11-24-Run1,400,0.07646520137786865
plain,3,ses-2020-11-24-Run1,800,0.07507457882165909
plain,3,ses-2020-11-24-Run1,1600,0.08582291677594185
plain,3,ses-2020-11-24-Run1,3200,0.0866383209824562
plain,3,ses-2020-11-24-Run1,1000000000,0.0866383209824562
plain,3,ses-2020-11-24-Run2,200,0.021965135633945466
plain,3,ses-2020-11-24-Run2,400,0.030788181722164153
plain,3,ses-2020-11-24-Run2,800,0.018285079300403594
plain,3,ses-2020-11-24-Run2,1600,0.01662663072347641
plain,3,ses-2020-11-24-Run2,3200,0.021072188019752504
plain,3,ses-2020-11-24-Run2,1000000000,0.021072188019752504
film,3,ses-2020-10-30-Run1,200,0.15439046695828437
film,3,ses-2020-10-30-Run1,400,0.15312744490802288
film,3,ses-2020-10-30-Run1,800,0.16014862582087516
film,3,ses-2020-10-30-Run1,1600,0.15665108636021613
film,3,ses-2020-10-30-Run1,3200,0.15791216492652893
film,3,ses-2020-10-30-Run1,1000000000,0.15791216492652893
film,3,ses-2020-10-30-Run2,200,0.17953865677118303
film,3,ses-2020-10-30-Run2,400,0.16379388496279718
film,3,ses-2020-10-30-Run2,800,0.16958801969885826
film,3,ses-2020-10-30-Run2,1600,0.16575151979923247
film,3,ses-2020-10-30-Run2,3200,0.16635171845555305
film,3,ses-2020-10-30-Run2,1000000000,0.16635171845555305
film,3,ses-2020-11-18-Run1,200,0.15345991551876068
film,3,ses-2020-11-18-Run1,400,0.15099670886993408
film,3,ses-2020-11-18-Run1,800,0.15311979949474336
film,3,ses-2020-11-18-Run1,1600,0.14994592368602752
film,3,ses-2020-11-18-Run1,3200,0.14971042573451995
film,3,ses-2020-11-18-Run1,1000000000,0.14971042573451995
film,3,ses-2020-11-19-Run1,200,0.08913095369935035
film,3,ses-2020-11-19-Run1,400,0.0886736954562366
film,3,ses-2020-11-19-Run1,800,0.08582170391455293
film,3,ses-2020-11-19-Run1,1600,0.08596061770804227
film,3,ses-2020-11-19-Run1,3200,0.08528360920026898
film,3,ses-2020-11-19-Run1,1000000000,0.08528360920026898
film,3,ses-2020-11-24-Run1,200,0.14463694840669633
film,3,ses-2020-11-24-Run1,400,0.13980866074562073
film,3,ses-2020-11-24-Run1,800,0.14436674639582633
film,3,ses-2020-11-24-Run1,1600,0.14402936398983002
film,3,ses-2020-11-24-Run1,3200,0.1443325512111187
film,3,ses-2020-11-24-Run1,1000000000,0.1443325512111187
film,3,ses-2020-11-24-Run2,200,0.04759269580245018
film,3,ses-2020-11-24-Run2,400,0.05303180534392595
film,3,ses-2020-11-24-Run2,800,0.049697349593043325
film,3,ses-2020-11-24-Run2,1600,0.0491537056863308
film,3,ses-2020-11-24-Run2,3200,0.049641539715230464
film,3,ses-2020-11-24-Run2,1000000000,0.049641539715230464
