config,seed,nparam,session,budget_frames,calib_seconds,ref_raw_r2
plain,1,4130,ses-2020-10-30-Run1,200,4.0,0.3744065880775452
plain,1,4130,ses-2020-10-30-Run1,400,8.0,0.37152708172798155
plain,1,4130,ses-2020-10-30-Run1,800,16.0,0.3737189471721649
plain,1,4130,ses-2020-10-30-Run1,1600,32.0,0.37392409443855285
plain,1,4130,ses-2020-10-30-Run1,3200,43.6,0.3741950809955597
plain,1,4130,ses-2020-10-30-Run1,1000000000,43.6,0.3741950809955597
plain,1,4130,ses-2020-10-30-Run2,200,4.0,0.33813355565071107
plain,1,4130,ses-2020-10-30-Run2,400,8.0,0.343540233373642
plain,1,4130,ses-2020-10-30-Run2,800,16.0,0.34595948457717896
plain,1,4130,ses-2020-10-30-Run2,1600,32.0,0.3454728126525879
plain,1,4130,ses-2020-10-30-Run2,3200,40.8,0.3472612887620926
plain,1,4130,ses-2020-10-30-Run2,1000000000,40.8,0.3472612887620926
plain,1,4130,ses-2020-11-18-Run1,200,4.0,0.16550256535410882
plain,1,4130,ses-2020-11-18-Run1,400,8.0,0.16664586514234542
plain,1,4130,ses-2020-11-18-Run1,800,16.0,0.14817781001329422
plain,1,4130,ses-2020-11-18-Run1,1600,32.0,0.16499556377530097
plain,1,4130,ses-2020-11-18-Run1,3200,40.3,0.16346619427204132
plain,1,4130,ses-2020-11-18-Run1,1000000000,40.3,0.16346619427204132
plain,1,4130,ses-2020-11-19-Run1,200,4.0,0.06999285966157913
plain,1,4130,ses-2020-11-19-Run1,400,8.0,0.08421538472175598
plain,1,4130,ses-2020-11-19-Run1,800,16.0,0.0741032287478447
plain,1,4130,ses-2020-11-19-Run1,1600,32.0,0.06967245936393737
plain,1,4130,ses-2020-11-19-Run1,3200,48.7,0.07379970625042916
plain,1,4130,ses-2020-11-19-Run1,1000000000,48.7,0.07379970625042916
plain,1,4130,ses-2020-11-24-Run1,200,4.0,-0.0161235359730199
plain,1,4130,ses-2020-11-24-Run1,400,8.0,-0.02011772394180298
plain,1,4130,ses-2020-11-24-Run1,800,16.0,-0.0027845266275107862
plain,1,4130,ses-2020-11-24-Run1,1600,32.0,0.00019685439765453338
plain,1,4130,ses-2020-11-24-Run1,3200,35.4,-0.00034939851611852645
plain,1,4130,ses-2020-11-24-Run1,1000000000,35.4,-0.00034939851611852645
plain,1,4130,ses-2020-11-24-Run2,200,4.0,-0.005192534206435085
plain,1,4130,ses-2020-11-24-Run2,400,8.0,-0.029998164251446725
plain,1,4130,ses-2020-11-24-Run2,800,16.0,-0.010982140246778727
plain,1,4130,ses-2020-11-24-Run2,1600,32.0,-0.010296049783937633
plain,1,4130,ses-2020-11-24-Run2,3200,37.6,-0.008414978580549359
plain,1,4130,ses-2020-11-24-Run2,1000000000,37.6,-0.008414978580549359
plain,2,4130,ses-2020-10-30-Run1,200,4.0,0.3614644676446915
plain,2,4130,ses-2020-10-30-Run1,400,8.0,0.3575052827596664
plain,2,4130,ses-2020-10-30-Run1,800,16.0,0.3605210483074188
plain,2,4130,ses-2020-10-30-Run1,1600,32.0,0.3590332746505737
plain,2,4130,ses-2020-10-30-Run1,3200,43.6,0.3596617758274078
plain,2,4130,ses-2020-10-30-Run1,1000000000,43.6,0.3596617758274078
plain,2,4130,ses-2020-10-30-Run2,200,4.0,0.2689707279205322
plain,2,4130,ses-2020-10-30-Run2,400,8.0,0.2765751838684082
plain,2,4130,ses-2020-10-30-Run2,800,16.0,0.27198870182037355
plain,2,4130,ses-2020-10-30-Run2,1600,32.0,0.2724480301141739
plain,2,4130,ses-2020-10-30-Run2,3200,40.8,0.2764125019311905
plain,2,4130,ses-2020-10-30-Run2,1000000000,40.8,0.2764125019311905
plain,2,4130,ses-2020-11-18-Run1,200,4.0,0.15786471366882324
plain,2,4130,ses-2020-11-18-Run1,400,8.0,0.17025865316390992
plain,2,4130,ses-2020-11-18-Run1,800,16.0,0.1488280862569809
plain,2,4130,ses-2020-11-18-Run1,1600,32.0,0.16705611050128938
plain,2,4130,ses-2020-11-18-Run1,3200,40.3,0.16379385590553283
plain,2,4130,ses-2020-11-18-Run1,1000000000,40.3,0.16379385590553283
plain,2,4130,ses-2020-11-19-Run1,200,4.0,0.05553171597421169
plain,2,4130,ses-2020-11-19-Run1,400,8.0,0.051548953354358676
plain,2,4130,ses-2020-11-19-Run1,800,16.0,0.04650502856820822
plain,2,4130,ses-2020-11-19-Run1,1600,32.0,0.04364211577922106
plain,2,4130,ses-2020-11-19-Run1,3200,48.7,0.046656427718698976
plain,2,4130,ses-2020-11-19-Run1,1000000000,48.7,0.046656427718698976
plain,2,4130,ses-2020-11-24-Run1,200,4.0,-0.05730424225330353
plain,2,4130,ses-2020-11-24-Run1,400,8.0,-0.04176985919475555
plain,2,4130,ses-2020-11-24-Run1,800,16.0,-0.018430212140083314
plain,2,4130,ses-2020-11-24-Run1,1600,32.0,-0.011193504929542542
plain,2,4130,ses-2020-11-24-Run1,3200,35.4,-0.011708825826644897
plain,2,4130,ses-2020-11-24-Run1,1000000000,35.4,-0.011708825826644897
plain,2,4130,ses-2020-11-24-Run2,200,4.0,-0.0003159079700708389
plain,2,4130,ses-2020-11-24-Run2,400,8.0,-0.034800207847729324
plain,2,4130,ses-2020-11-24-Run2,800,16.0,-0.009614340774714947
plain,2,4130,ses-2020-11-24-Run2,1600,32.0,-0.01348327836021781
plain,2,4130,ses-2020-11-24-Run2,3200,37.6,-0.011113306786864997
plain,2,4130,ses-2020-11-24-Run2,1000000000,37.6,-0.011113306786864997
plain,3,4130,ses-2020-10-30-Run1,200,4.0,0.38986124396324157
plain,3,4130,ses-2020-10-30-Run1,400,8.0,0.388688725233078
plain,3,4130,ses-2020-10-30-Run1,800,16.0,0.388572034239769
plain,3,4130,ses-2020-10-30-Run1,1600,32.0,0.38890046775341036
plain,3,4130,ses-2020-10-30-Run1,3200,43.6,0.38963901102542875
plain,3,4130,ses-2020-10-30-Run1,1000000000,43.6,0.38963901102542875
plain,3,4130,ses-2020-10-30-Run2,200,4.0,0.29069612473249434
plain,3,4130,ses-2020-10-30-Run2,400,8.0,0.3104352742433548
plain,3,4130,ses-2020-10-30-Run2,800,16.0,0.30297321677207945
plain,3,4130,ses-2020-10-30-Run2,1600,32.0,0.3106019884347916
plain,3,4130,ses-2020-10-30-Run2,3200,40.8,0.31094751954078675
plain,3,4130,ses-2020-10-30-Run2,1000000000,40.8,0.31094751954078675
plain,3,4130,ses-2020-11-18-Run1,200,4.0,0.2229306221008301
plain,3,4130,ses-2020-11-18-Run1,400,8.0,0.20871532559394837
plain,3,4130,ses-2020-11-18-Run1,800,16.0,0.20175130665302277
plain,3,4130,ses-2020-11-18-Run1,1600,32.0,0.21302631199359895
plain,3,4130,ses-2020-11-18-Run1,3200,40.3,0.21168439388275145
plain,3,4130,ses-2020-11-18-Run1,1000000000,40.3,0.21168439388275145
plain,3,4130,ses-2020-11-19-Run1,200,4.0,0.14019396007061005
plain,3,4130,ses-2020-11-19-Run1,400,8.0,0.1403005003929138
plain,3,4130,ses-2020-11-19-Run1,800,16.0,0.143150145560503
plain,3,4130,ses-2020-11-19-Run1,1600,32.0,0.13148894235491754
plain,3,4130,ses-2020-11-19-Run1,3200,48.7,0.13772910498082638
plain,3,4130,ses-2020-11-19-Run1,1000000000,48.7,0.13772910498082638
plain,3,4130,ses-2020-11-24-Run1,200,4.0,0.15136519074440002
plain,3,4130,ses-2020-11-24-Run1,400,8.0,0.1567027598619461
plain,3,4130,ses-2020-11-24-Run1,800,16.0,0.1575187474489212
plain,3,4130,ses-2020-11-24-Run1,1600,32.0,0.16745372414588927
plain,3,4130,ses-2020-11-24-Run1,3200,35.4,0.16710040271282195
plain,3,4130,ses-2020-11-24-Run1,1000000000,35.4,0.16710040271282195
plain,3,4130,ses-2020-11-24-Run2,200,4.0,0.011477326601743698
plain,3,4130,ses-2020-11-24-Run2,400,8.0,0.012915989197790623
plain,3,4130,ses-2020-11-24-Run2,800,16.0,0.018862818740308283
plain,3,4130,ses-2020-11-24-Run2,1600,32.0,0.020907088834792375
plain,3,4130,ses-2020-11-24-Run2,3200,37.6,0.021745442040264608
plain,3,4130,ses-2020-11-24-Run2,1000000000,37.6,0.021745442040264608
se,1,6542,ses-2020-10-30-Run1,200,4.0,0.38635851740837096
se,1,6542,ses-2020-10-30-Run1,400,8.0,0.38573724031448364
se,1,6542,ses-2020-10-30-Run1,800,16.0,0.39037508964538575
se,1,6542,ses-2020-10-30-Run1,1600,32.0,0.39002140164375304
se,1,6542,ses-2020-10-30-Run1,3200,43.6,0.3901259541511536
se,1,6542,ses-2020-10-30-Run1,1000000000,43.6,0.3901259541511536
se,1,6542,ses-2020-10-30-Run2,200,4.0,0.35540026128292085
se,1,6542,ses-2020-10-30-Run2,400,8.0,0.35824606716632845
se,1,6542,ses-2020-10-30-Run2,800,16.0,0.35377274453639984
se,1,6542,ses-2020-10-30-Run2,1600,32.0,0.3560327529907227
se,1,6542,ses-2020-10-30-Run2,3200,40.8,0.3581217139959335
se,1,6542,ses-2020-10-30-Run2,1000000000,40.8,0.3581217139959335
se,1,6542,ses-2020-11-18-Run1,200,4.0,0.15312875509262086
se,1,6542,ses-2020-11-18-Run1,400,8.0,0.16124914288520814
se,1,6542,ses-2020-11-18-Run1,800,16.0,0.15091980397701263
se,1,6542,ses-2020-11-18-Run1,1600,32.0,0.15564217567443847
se,1,6542,ses-2020-11-18-Run1,3200,40.3,0.1550496906042099
se,1,6542,ses-2020-11-18-Run1,1000000000,40.3,0.1550496906042099
se,1,6542,ses-2020-11-19-Run1,200,4.0,-0.005138689279556274
se,1,6542,ses-2020-11-19-Run1,400,8.0,0.009788075834512711
se,1,6542,ses-2020-11-19-Run1,800,16.0,0.005508740246295929
se,1,6542,ses-2020-11-19-Run1,1600,32.0,0.0021233852952718736
se,1,6542,ses-2020-11-19-Run1,3200,48.7,0.004840055853128434
se,1,6542,ses-2020-11-19-Run1,1000000000,48.7,0.004840055853128434
se,1,6542,ses-2020-11-24-Run1,200,4.0,0.05627725422382355
se,1,6542,ses-2020-11-24-Run1,400,8.0,0.05265151523053646
se,1,6542,ses-2020-11-24-Run1,800,16.0,0.05808020532131195
se,1,6542,ses-2020-11-24-Run1,1600,32.0,0.0705378994345665
se,1,6542,ses-2020-11-24-Run1,3200,35.4,0.06974759846925735
se,1,6542,ses-2020-11-24-Run1,1000000000,35.4,0.06974759846925735
se,1,6542,ses-2020-11-24-Run2,200,4.0,0.04242106825113297
se,1,6542,ses-2020-11-24-Run2,400,8.0,0.022358558839187026
se,1,6542,ses-2020-11-24-Run2,800,16.0,0.04225425384938717
se,1,6542,ses-2020-11-24-Run2,1600,32.0,0.038565651327371595
se,1,6542,ses-2020-11-24-Run2,3200,37.6,0.040891682356595994
se,1,6542,ses-2020-11-24-Run2,1000000000,37.6,0.040891682356595994
se,2,6542,ses-2020-10-30-Run1,200,4.0,0.43609894514083863
se,2,6542,ses-2020-10-30-Run1,400,8.0,0.443158221244812
se,2,6542,ses-2020-10-30-Run1,800,16.0,0.44050955176353457
se,2,6542,ses-2020-10-30-Run1,1600,32.0,0.4441115915775299
se,2,6542,ses-2020-10-30-Run1,3200,43.6,0.44256906509399413
se,2,6542,ses-2020-10-30-Run1,1000000000,43.6,0.44256906509399413
se,2,6542,ses-2020-10-30-Run2,200,4.0,0.3221931755542755
se,2,6542,ses-2020-10-30-Run2,400,8.0,0.33793098032474517
se,2,6542,ses-2020-10-30-Run2,800,16.0,0.3300282162264921
se,2,6542,ses-2020-10-30-Run2,1600,32.0,0.33744724383577707
se,2,6542,ses-2020-10-30-Run2,3200,40.8,0.33698029108345506
se,2,6542,ses-2020-10-30-Run2,1000000000,40.8,0.33698029108345506
se,2,6542,ses-2020-11-18-Run1,200,4.0,0.21571455895900726
se,2,6542,ses-2020-11-18-Run1,400,8.0,0.20766091495752334
se,2,6542,ses-2020-11-18-Run1,800,16.0,0.2014201819896698
se,2,6542,ses-2020-11-18-Run1,1600,32.0,0.20684637129306793
se,2,6542,ses-2020-11-18-Run1,3200,40.3,0.20812655091285706
se,2,6542,ses-2020-11-18-Run1,1000000000,40.3,0.20812655091285706
se,2,6542,ses-2020-11-19-Run1,200,4.0,0.06804037988185882
se,2,6542,ses-2020-11-19-Run1,400,8.0,0.06425887099467217
se,2,6542,ses-2020-11-19-Run1,800,16.0,0.05833689421415329
se,2,6542,ses-2020-11-19-Run1,1600,32.0,0.052945902291685346
se,2,6542,ses-2020-11-19-Run1,3200,48.7,0.05574444867670536
se,2,6542,ses-2020-11-19-Run1,1000000000,48.7,0.05574444867670536
se,2,6542,ses-2020-11-24-Run1,200,4.0,-0.006372267752885819
se,2,6542,ses-2020-11-24-Run1,400,8.0,-0.008462054282426834
se,2,6542,ses-2020-11-24-Run1,800,16.0,0.008820939064025878
se,2,6542,ses-2020-11-24-Run1,1600,32.0,0.01765560656785965
se,2,6542,ses-2020-11-24-Run1,3200,35.4,0.018669021874666215
se,2,6542,ses-2020-11-24-Run1,1000000000,35.4,0.018669021874666215
se,2,6542,ses-2020-11-24-Run2,200,4.0,0.01201878972351551
se,2,6542,ses-2020-11-24-Run2,400,8.0,-0.017173538357019423
se,2,6542,ses-2020-11-24-Run2,800,16.0,0.00794411301612854
se,2,6542,ses-2020-11-24-Run2,1600,32.0,0.0007952798157930374
se,2,6542,ses-2020-11-24-Run2,3200,37.6,0.0033312495797872543
se,2,6542,ses-2020-11-24-Run2,1000000000,37.6,0.0033312495797872543
se,3,6542,ses-2020-10-30-Run1,200,4.0,0.4350744247436523
se,3,6542,ses-2020-10-30-Run1,400,8.0,0.43678819537162783
se,3,6542,ses-2020-10-30-Run1,800,16.0,0.43808711767196656
se,3,6542,ses-2020-10-30-Run1,1600,32.0,0.4368930637836456
se,3,6542,ses-2020-10-30-Run1,3200,43.6,0.4371692419052124
se,3,6542,ses-2020-10-30-Run1,1000000000,43.6,0.4371692419052124
se,3,6542,ses-2020-10-30-Run2,200,4.0,0.3298284500837326
se,3,6542,ses-2020-10-30-Run2,400,8.0,0.35281281769275663
se,3,6542,ses-2020-10-30-Run2,800,16.0,0.34891830682754515
se,3,6542,ses-2020-10-30-Run2,1600,32.0,0.3516653567552567
se,3,6542,ses-2020-10-30-Run2,3200,40.8,0.353784903883934
se,3,6542,ses-2020-10-30-Run2,1000000000,40.8,0.353784903883934
se,3,6542,ses-2020-11-18-Run1,200,4.0,0.284526526927948
se,3,6542,ses-2020-11-18-Run1,400,8.0,0.27068478632718324
se,3,6542,ses-2020-11-18-Run1,800,16.0,0.2627972014248371
se,3,6542,ses-2020-11-18-Run1,1600,32.0,0.27231452157720926
se,3,6542,ses-2020-11-18-Run1,3200,40.3,0.27015647422522304
se,3,6542,ses-2020-11-18-Run1,1000000000,40.3,0.27015647422522304
se,3,6542,ses-2020-11-19-Run1,200,4.0,0.09645818658173085
se,3,6542,ses-2020-11-19-Run1,400,8.0,0.11007320322096348
se,3,6542,ses-2020-11-19-Run1,800,16.0,0.10568723008036614
se,3,6542,ses-2020-11-19-Run1,1600,32.0,0.10171674638986587
se,3,6542,ses-2020-11-19-Run1,3200,48.7,0.10327932126820087
se,3,6542,ses-2020-11-19-Run1,1000000000,48.7,0.10327932126820087
se,3,6542,ses-2020-11-24-Run1,200,4.0,0.14915140718221664
se,3,6542,ses-2020-11-24-Run1,400,8.0,0.14515895247459412
se,3,6542,ses-2020-11-24-Run1,800,16.0,0.15133551731705666
se,3,6542,ses-2020-11-24-Run1,1600,32.0,0.1596611812710762
se,3,6542,ses-2020-11-24-Run1,3200,35.4,0.15917705595493317
se,3,6542,ses-2020-11-24-Run1,1000000000,35.4,0.15917705595493317
se,3,6542,ses-2020-11-24-Run2,200,4.0,0.1103687345981598
se,3,6542,ses-2020-11-24-Run2,400,8.0,0.11390011310577393
se,3,6542,ses-2020-11-24-Run2,800,16.0,0.11616802662611007
se,3,6542,ses-2020-11-24-Run2,1600,32.0,0.11473805010318756
se,3,6542,ses-2020-11-24-Run2,3200,37.6,0.11688269674777985
se,3,6542,ses-2020-11-24-Run2,1000000000,37.6,0.11688269674777985
glu,1,7234,ses-2020-10-30-Run1,200,4.0,0.35985522866249087
glu,1,7234,ses-2020-10-30-Run1,400,8.0,0.3653563052415848
glu,1,7234,ses-2020-10-30-Run1,800,16.0,0.3669001698493958
glu,1,7234,ses-2020-10-30-Run1,1600,32.0,0.36307973861694337
glu,1,7234,ses-2020-10-30-Run1,3200,43.6,0.3634736776351929
glu,1,7234,ses-2020-10-30-Run1,1000000000,43.6,0.3634736776351929
glu,1,7234,ses-2020-10-30-Run2,200,4.0,0.28223361968994143
glu,1,7234,ses-2020-10-30-Run2,400,8.0,0.2916330754756927
glu,1,7234,ses-2020-10-30-Run2,800,16.0,0.279341259598732
glu,1,7234,ses-2020-10-30-Run2,1600,32.0,0.2837279200553894
glu,1,7234,ses-2020-10-30-Run2,3200,40.8,0.2857588827610016
glu,1,7234,ses-2020-10-30-Run2,1000000000,40.8,0.2857588827610016
glu,1,7234,ses-2020-11-18-Run1,200,4.0,0.165225088596344
glu,1,7234,ses-2020-11-18-Run1,400,8.0,0.16693895161151887
glu,1,7234,ses-2020-11-18-Run1,800,16.0,0.15007911026477813
glu,1,7234,ses-2020-11-18-Run1,1600,32.0,0.16172988414764405
glu,1,7234,ses-2020-11-18-Run1,3200,40.3,0.1597359836101532
glu,1,7234,ses-2020-11-18-Run1,1000000000,40.3,0.1597359836101532
glu,1,7234,ses-2020-11-19-Run1,200,4.0,0.03471644371747971
glu,1,7234,ses-2020-11-19-Run1,400,8.0,0.05286995861679315
glu,1,7234,ses-2020-11-19-Run1,800,16.0,0.04619563417509198
glu,1,7234,ses-2020-11-19-Run1,1600,32.0,0.05016924273222685
glu,1,7234,ses-2020-11-19-Run1,3200,48.7,0.05050023097428493
glu,1,7234,ses-2020-11-19-Run1,1000000000,48.7,0.05050023097428493
glu,1,7234,ses-2020-11-24-Run1,200,4.0,0.10367060601711273
glu,1,7234,ses-2020-11-24-Run1,400,8.0,0.1035540908575058
glu,1,7234,ses-2020-11-24-Run1,800,16.0,0.11581419706344605
glu,1,7234,ses-2020-11-24-Run1,1600,32.0,0.12290057837963105
glu,1,7234,ses-2020-11-24-Run1,3200,35.4,0.12188215255737304
glu,1,7234,ses-2020-11-24-Run1,1000000000,35.4,0.12188215255737304
glu,1,7234,ses-2020-11-24-Run2,200,4.0,-0.022038476169109346
glu,1,7234,ses-2020-11-24-Run2,400,8.0,-0.04521462693810463
glu,1,7234,ses-2020-11-24-Run2,800,16.0,-0.02765393927693367
glu,1,7234,ses-2020-11-24-Run2,1600,32.0,-0.0290675088763237
glu,1,7234,ses-2020-11-24-Run2,3200,37.6,-0.02684956565499306
glu,1,7234,ses-2020-11-24-Run2,1000000000,37.6,-0.02684956565499306
glu,2,7234,ses-2020-10-30-Run1,200,4.0,0.32596345245838165
glu,2,7234,ses-2020-10-30-Run1,400,8.0,0.33001760542392733
glu,2,7234,ses-2020-10-30-Run1,800,16.0,0.32967686653137207
glu,2,7234,ses-2020-10-30-Run1,1600,32.0,0.3277806282043457
glu,2,7234,ses-2020-10-30-Run1,3200,43.6,0.32815905213356017
glu,2,7234,ses-2020-10-30-Run1,1000000000,43.6,0.32815905213356017
glu,2,7234,ses-2020-10-30-Run2,200,4.0,0.1908446541056037
glu,2,7234,ses-2020-10-30-Run2,400,8.0,0.20586669323965906
glu,2,7234,ses-2020-10-30-Run2,800,16.0,0.1928921852260828
glu,2,7234,ses-2020-10-30-Run2,1600,32.0,0.19748445196892134
glu,2,7234,ses-2020-10-30-Run2,3200,40.8,0.2003813094459474
glu,2,7234,ses-2020-10-30-Run2,1000000000,40.8,0.2003813094459474
glu,2,7234,ses-2020-11-18-Run1,200,4.0,0.11270192563533783
glu,2,7234,ses-2020-11-18-Run1,400,8.0,0.11683891713619232
glu,2,7234,ses-2020-11-18-Run1,800,16.0,0.09515060782432556
glu,2,7234,ses-2020-11-18-Run1,1600,32.0,0.10849739015102386
glu,2,7234,ses-2020-11-18-Run1,3200,40.3,0.10708824396133423
glu,2,7234,ses-2020-11-18-Run1,1000000000,40.3,0.10708824396133423
glu,2,7234,ses-2020-11-19-Run1,200,4.0,-0.00600713100284338
glu,2,7234,ses-2020-11-19-Run1,400,8.0,-0.0063664393033832315
glu,2,7234,ses-2020-11-19-Run1,800,16.0,-0.005474221333861351
glu,2,7234,ses-2020-11-19-Run1,1600,32.0,-0.012106331065297127
glu,2,7234,ses-2020-11-19-Run1,3200,48.7,-0.008430280908942222
glu,2,7234,ses-2020-11-19-Run1,1000000000,48.7,-0.008430280908942222
glu,2,7234,ses-2020-11-24-Run1,200,4.0,-0.05093816742300987
glu,2,7234,ses-2020-11-24-Run1,400,8.0,-0.03370382487773895
glu,2,7234,ses-2020-11-24-Run1,800,16.0,-0.011501307785511016
glu,2,7234,ses-2020-11-24-Run1,1600,32.0,-0.005796606838703156
glu,2,7234,ses-2020-11-24-Run1,3200,35.4,-0.005237151682376861
glu,2,7234,ses-2020-11-24-Run1,1000000000,35.4,-0.005237151682376861
glu,2,7234,ses-2020-11-24-Run2,200,4.0,-0.09204024448990822
glu,2,7234,ses-2020-11-24-Run2,400,8.0,-0.12758539691567422
glu,2,7234,ses-2020-11-24-Run2,800,16.0,-0.10475683510303498
glu,2,7234,ses-2020-11-24-Run2,1600,32.0,-0.10619461759924889
glu,2,7234,ses-2020-11-24-Run2,3200,37.6,-0.1041975773870945
glu,2,7234,ses-2020-11-24-Run2,1000000000,37.6,-0.1041975773870945
glu,3,7234,ses-2020-10-30-Run1,200,4.0,0.368475204706192
glu,3,7234,ses-2020-10-30-Run1,400,8.0,0.3750462055206299
glu,3,7234,ses-2020-10-30-Run1,800,16.0,0.37099621295928953
glu,3,7234,ses-2020-10-30-Run1,1600,32.0,0.36811759173870084
glu,3,7234,ses-2020-10-30-Run1,3200,43.6,0.3684005230665207
glu,3,7234,ses-2020-10-30-Run1,1000000000,43.6,0.3684005230665207
glu,3,7234,ses-2020-10-30-Run2,200,4.0,0.23352957628667353
glu,3,7234,ses-2020-10-30-Run2,400,8.0,0.26042665988206865
glu,3,7234,ses-2020-10-30-Run2,800,16.0,0.24768630266189576
glu,3,7234,ses-2020-10-30-Run2,1600,32.0,0.257762548327446
glu,3,7234,ses-2020-10-30-Run2,3200,40.8,0.2586162582039833
glu,3,7234,ses-2020-10-30-Run2,1000000000,40.8,0.2586162582039833
glu,3,7234,ses-2020-11-18-Run1,200,4.0,0.23088934719562532
glu,3,7234,ses-2020-11-18-Run1,400,8.0,0.21937074065208434
glu,3,7234,ses-2020-11-18-Run1,800,16.0,0.20253242552280426
glu,3,7234,ses-2020-11-18-Run1,1600,32.0,0.21787177324295043
glu,3,7234,ses-2020-11-18-Run1,3200,40.3,0.21459368467330933
glu,3,7234,ses-2020-11-18-Run1,1000000000,40.3,0.21459368467330933
glu,3,7234,ses-2020-11-19-Run1,200,4.0,0.028334536403417588
glu,3,7234,ses-2020-11-19-Run1,400,8.0,0.06376349478960038
glu,3,7234,ses-2020-11-19-Run1,800,16.0,0.05376982092857361
glu,3,7234,ses-2020-11-19-Run1,1600,32.0,0.05153693221509457
glu,3,7234,ses-2020-11-19-Run1,3200,48.7,0.05472240764647722
glu,3,7234,ses-2020-11-19-Run1,1000000000,48.7,0.05472240764647722
glu,3,7234,ses-2020-11-24-Run1,200,4.0,0.0845266193151474
glu,3,7234,ses-2020-11-24-Run1,400,8.0,0.0900717943906784
glu,3,7234,ses-2020-11-24-Run1,800,16.0,0.10198578834533692
glu,3,7234,ses-2020-11-24-Run1,1600,32.0,0.11297244131565094
glu,3,7234,ses-2020-11-24-Run1,3200,35.4,0.11136670708656311
glu,3,7234,ses-2020-11-24-Run1,1000000000,35.4,0.11136670708656311
glu,3,7234,ses-2020-11-24-Run2,200,4.0,-0.04032518118619919
glu,3,7234,ses-2020-11-24-Run2,400,8.0,-0.05492289811372757
glu,3,7234,ses-2020-11-24-Run2,800,16.0,-0.027866189181804658
glu,3,7234,ses-2020-11-24-Run2,1600,32.0,-0.036872904002666476
glu,3,7234,ses-2020-11-24-Run2,3200,37.6,-0.033913249522447585
glu,3,7234,ses-2020-11-24-Run2,1000000000,37.6,-0.033913249522447585
