config,seed,nparam,session,budget_frames,ref_raw_r2
plain,1,4130,ses-2020-10-30-Run1,200,0.4140702039003372
plain,1,4130,ses-2020-10-30-Run1,400,0.3761711806058884
plain,1,4130,ses-2020-10-30-Run1,800,0.3868351548910141
plain,1,4130,ses-2020-10-30-Run1,1600,0.38834552764892577
plain,1,4130,ses-2020-10-30-Run1,3200,0.3878563493490219
plain,1,4130,ses-2020-10-30-Run1,1000000000,0.3878563493490219
plain,1,4130,ses-2020-10-30-Run2,200,0.27316770851612093
plain,1,4130,ses-2020-10-30-Run2,400,0.27595943212509155
plain,1,4130,ses-2020-10-30-Run2,800,0.28015878051519394
plain,1,4130,ses-2020-10-30-Run2,1600,0.2837721616029739
plain,1,4130,ses-2020-10-30-Run2,3200,0.2826461836695671
plain,1,4130,ses-2020-10-30-Run2,1000000000,0.2826461836695671
plain,1,4130,ses-2020-11-18-Run1,200,0.13485637605190276
plain,1,4130,ses-2020-11-18-Run1,400,0.10366864502429962
plain,1,4130,ses-2020-11-18-Run1,800,0.1531591832637787
plain,1,4130,ses-2020-11-18-Run1,1600,0.15095318853855133
plain,1,4130,ses-2020-11-18-Run1,3200,0.15222450196743012
plain,1,4130,ses-2020-11-18-Run1,1000000000,0.15222450196743012
plain,1,4130,ses-2020-11-19-Run1,200,0.04905503541231156
plain,1,4130,ses-2020-11-19-Run1,400,0.041647139191627505
plain,1,4130,ses-2020-11-19-Run1,800,0.04341010600328445
plain,1,4130,ses-2020-11-19-Run1,1600,0.040349721908569336
plain,1,4130,ses-2020-11-19-Run1,3200,0.04382820576429367
plain,1,4130,ses-2020-11-19-Run1,1000000000,0.04382820576429367
plain,1,4130,ses-2020-11-24-Run1,200,0.04762197434902191
plain,1,4130,ses-2020-11-24-Run1,400,0.05338127613067627
plain,1,4130,ses-2020-11-24-Run1,800,0.06299304068088532
plain,1,4130,ses-2020-11-24-Run1,1600,0.07590020298957825
plain,1,4130,ses-2020-11-24-Run1,3200,0.07634929120540619
plain,1,4130,ses-2020-11-24-Run1,1000000000,0.07634929120540619
plain,1,4130,ses-2020-11-24-Run2,200,-0.061130572110414505
plain,1,4130,ses-2020-11-24-Run2,400,-0.07456767037510872
plain,1,4130,ses-2020-11-24-Run2,800,-0.06083205491304398
plain,1,4130,ses-2020-11-24-Run2,1600,-0.06764457896351814
plain,1,4130,ses-2020-11-24-Run2,3200,-0.06723255962133408
plain,1,4130,ses-2020-11-24-Run2,1000000000,-0.06723255962133408
plain,2,4130,ses-2020-10-30-Run1,200,0.36350480318069456
plain,2,4130,ses-2020-10-30-Run1,400,0.35270336270332336
plain,2,4130,ses-2020-10-30-Run1,800,0.3574687361717224
plain,2,4130,ses-2020-10-30-Run1,1600,0.3605975121259689
plain,2,4130,ses-2020-10-30-Run1,3200,0.3596617758274078
plain,2,4130,ses-2020-10-30-Run1,1000000000,0.3596617758274078
plain,2,4130,ses-2020-10-30-Run2,200,0.2570736363530159
plain,2,4130,ses-2020-10-30-Run2,400,0.266469219326973
plain,2,4130,ses-2020-10-30-Run2,800,0.27222179174423217
plain,2,4130,ses-2020-10-30-Run2,1600,0.27620498538017274
plain,2,4130,ses-2020-10-30-Run2,3200,0.2764125019311905
plain,2,4130,ses-2020-10-30-Run2,1000000000,0.2764125019311905
plain,2,4130,ses-2020-11-18-Run1,200,0.1534737229347229
plain,2,4130,ses-2020-11-18-Run1,400,0.11890484690666199
plain,2,4130,ses-2020-11-18-Run1,800,0.16786048114299773
plain,2,4130,ses-2020-11-18-Run1,1600,0.16091072261333467
plain,2,4130,ses-2020-11-18-Run1,3200,0.16379385590553283
plain,2,4130,ses-2020-11-18-Run1,1000000000,0.16379385590553283
plain,2,4130,ses-2020-11-19-Run1,200,0.055289823561906815
plain,2,4130,ses-2020-11-19-Run1,400,0.04809899143874645
plain,2,4130,ses-2020-11-19-Run1,800,0.046546836624474966
plain,2,4130,ses-2020-11-19-Run1,1600,0.043410489335656166
plain,2,4130,ses-2020-11-19-Run1,3200,0.046656427718698976
plain,2,4130,ses-2020-11-19-Run1,1000000000,0.046656427718698976
plain,2,4130,ses-2020-11-24-Run1,200,-0.030090141296386718
plain,2,4130,ses-2020-11-24-Run1,400,-0.05796884000301361
plain,2,4130,ses-2020-11-24-Run1,800,-0.012071567773818969
plain,2,4130,ses-2020-11-24-Run1,1600,-0.013634341955184936
plain,2,4130,ses-2020-11-24-Run1,3200,-0.011708825826644897
plain,2,4130,ses-2020-11-24-Run1,1000000000,-0.011708825826644897
plain,2,4130,ses-2020-11-24-Run2,200,-0.01029922291636467
plain,2,4130,ses-2020-11-24-Run2,400,-0.02041933313012123
plain,2,4130,ses-2020-11-24-Run2,800,-0.00815396085381508
plain,2,4130,ses-2020-11-24-Run2,1600,-0.01304520508274436
plain,2,4130,ses-2020-11-24-Run2,3200,-0.011113306786864997
plain,2,4130,ses-2020-11-24-Run2,1000000000,-0.011113306786864997
plain,3,4130,ses-2020-10-30-Run1,200,0.3922387808561325
plain,3,4130,ses-2020-10-30-Run1,400,0.37470426857471467
plain,3,4130,ses-2020-10-30-Run1,800,0.38733601570129395
plain,3,4130,ses-2020-10-30-Run1,1600,0.39176695346832274
plain,3,4130,ses-2020-10-30-Run1,3200,0.38963901102542875
plain,3,4130,ses-2020-10-30-Run1,1000000000,0.38963901102542875
plain,3,4130,ses-2020-10-30-Run2,200,0.3156815081834793
plain,3,4130,ses-2020-10-30-Run2,400,0.3082812190055847
plain,3,4130,ses-2020-10-30-Run2,800,0.31156029403209684
plain,3,4130,ses-2020-10-30-Run2,1600,0.3093334466218948
plain,3,4130,ses-2020-10-30-Run2,3200,0.31094751954078675
plain,3,4130,ses-2020-10-30-Run2,1000000000,0.31094751954078675
plain,3,4130,ses-2020-11-18-Run1,200,0.21051506102085113
plain,3,4130,ses-2020-11-18-Run1,400,0.1699894204735756
plain,3,4130,ses-2020-11-18-Run1,800,0.216637459397316
plain,3,4130,ses-2020-11-18-Run1,1600,0.21264721006155013
plain,3,4130,ses-2020-11-18-Run1,3200,0.21168439388275145
plain,3,4130,ses-2020-11-18-Run1,1000000000,0.21168439388275145
plain,3,4130,ses-2020-11-19-Run1,200,0.13484837114810944
plain,3,4130,ses-2020-11-19-Run1,400,0.14416426941752433
plain,3,4130,ses-2020-11-19-Run1,800,0.13494259268045425
plain,3,4130,ses-2020-11-19-Run1,1600,0.13490699082612992
plain,3,4130,ses-2020-11-19-Run1,3200,0.13772910498082638
plain,3,4130,ses-2020-11-19-Run1,1000000000,0.13772910498082638
plain,3,4130,ses-2020-11-24-Run1,200,0.14423792958259582
plain,3,4130,ses-2020-11-24-Run1,400,0.1565478950738907
plain,3,4130,ses-2020-11-24-Run1,800,0.16003397703170777
plain,3,4130,ses-2020-11-24-Run1,1600,0.16759912371635438
plain,3,4130,ses-2020-11-24-Run1,3200,0.16710040271282195
plain,3,4130,ses-2020-11-24-Run1,1000000000,0.16710040271282195
plain,3,4130,ses-2020-11-24-Run2,200,0.03555475957691669
plain,3,4130,ses-2020-11-24-Run2,400,0.024122366681694984
plain,3,4130,ses-2020-11-24-Run2,800,0.02976183407008648
plain,3,4130,ses-2020-11-24-Run2,1600,0.022986391186714174
plain,3,4130,ses-2020-11-24-Run2,3200,0.021745442040264608
plain,3,4130,ses-2020-11-24-Run2,1000000000,0.021745442040264608
se,1,6542,ses-2020-10-30-Run1,200,0.39604813754558565
se,1,6542,ses-2020-10-30-Run1,400,0.3778435230255127
se,1,6542,ses-2020-10-30-Run1,800,0.3909204453229904
se,1,6542,ses-2020-10-30-Run1,1600,0.3889473468065262
se,1,6542,ses-2020-10-30-Run1,3200,0.3901259541511536
se,1,6542,ses-2020-10-30-Run1,1000000000,0.3901259541511536
se,1,6542,ses-2020-10-30-Run2,200,0.3391802966594696
se,1,6542,ses-2020-10-30-Run2,400,0.3533641040325165
se,1,6542,ses-2020-10-30-Run2,800,0.35529638826847076
se,1,6542,ses-2020-10-30-Run2,1600,0.3570255309343338
se,1,6542,ses-2020-10-30-Run2,3200,0.3581217139959335
se,1,6542,ses-2020-10-30-Run2,1000000000,0.3581217139959335
se,1,6542,ses-2020-11-18-Run1,200,0.13497314155101775
se,1,6542,ses-2020-11-18-Run1,400,0.11574366390705108
se,1,6542,ses-2020-11-18-Run1,800,0.1666579008102417
se,1,6542,ses-2020-11-18-Run1,1600,0.15265112817287446
se,1,6542,ses-2020-11-18-Run1,3200,0.1550496906042099
se,1,6542,ses-2020-11-18-Run1,1000000000,0.1550496906042099
se,1,6542,ses-2020-11-19-Run1,200,-0.004064221680164337
se,1,6542,ses-2020-11-19-Run1,400,0.003773770481348038
se,1,6542,ses-2020-11-19-Run1,800,-0.0005937106907367706
se,1,6542,ses-2020-11-19-Run1,1600,0.001844506710767746
se,1,6542,ses-2020-11-19-Run1,3200,0.004840055853128434
se,1,6542,ses-2020-11-19-Run1,1000000000,0.004840055853128434
se,1,6542,ses-2020-11-24-Run1,200,0.0601953849196434
se,1,6542,ses-2020-11-24-Run1,400,0.045207425206899646
se,1,6542,ses-2020-11-24-Run1,800,0.06408033668994903
se,1,6542,ses-2020-11-24-Run1,1600,0.06832223832607269
se,1,6542,ses-2020-11-24-Run1,3200,0.06974759846925735
se,1,6542,ses-2020-11-24-Run1,1000000000,0.06974759846925735
se,1,6542,ses-2020-11-24-Run2,200,0.044906488806009295
se,1,6542,ses-2020-11-24-Run2,400,0.039985005464404824
se,1,6542,ses-2020-11-24-Run2,800,0.04340740703046322
se,1,6542,ses-2020-11-24-Run2,1600,0.03902837224304676
se,1,6542,ses-2020-11-24-Run2,3200,0.040891682356595994
se,1,6542,ses-2020-11-24-Run2,1000000000,0.040891682356595994
se,2,6542,ses-2020-10-30-Run1,200,0.44702993631362914
se,2,6542,ses-2020-10-30-Run1,400,0.43273358345031737
se,2,6542,ses-2020-10-30-Run1,800,0.4429611027240753
se,2,6542,ses-2020-10-30-Run1,1600,0.443204927444458
se,2,6542,ses-2020-10-30-Run1,3200,0.44256906509399413
se,2,6542,ses-2020-10-30-Run1,1000000000,0.44256906509399413
se,2,6542,ses-2020-10-30-Run2,200,0.3153758630156517
se,2,6542,ses-2020-10-30-Run2,400,0.33386101946234703
se,2,6542,ses-2020-10-30-Run2,800,0.33219223842024803
se,2,6542,ses-2020-10-30-Run2,1600,0.33607716113328934
se,2,6542,ses-2020-10-30-Run2,3200,0.33698029108345506
se,2,6542,ses-2020-10-30-Run2,1000000000,0.33698029108345506
se,2,6542,ses-2020-11-18-Run1,200,0.2071763128042221
se,2,6542,ses-2020-11-18-Run1,400,0.16425425931811333
se,2,6542,ses-2020-11-18-Run1,800,0.21896594911813735
se,2,6542,ses-2020-11-18-Run1,1600,0.20922197103500367
se,2,6542,ses-2020-11-18-Run1,3200,0.20812655091285706
se,2,6542,ses-2020-11-18-Run1,1000000000,0.20812655091285706
se,2,6542,ses-2020-11-19-Run1,200,0.07221705038100482
se,2,6542,ses-2020-11-19-Run1,400,0.05408668406307697
se,2,6542,ses-2020-11-19-Run1,800,0.055388405546545984
se,2,6542,ses-2020-11-19-Run1,1600,0.049540291726589206
se,2,6542,ses-2020-11-19-Run1,3200,0.05574444867670536
se,2,6542,ses-2020-11-19-Run1,1000000000,0.05574444867670536
se,2,6542,ses-2020-11-24-Run1,200,-0.0144127007573843
se,2,6542,ses-2020-11-24-Run1,400,-0.017627729475498198
se,2,6542,ses-2020-11-24-Run1,800,0.013241558521986007
se,2,6542,ses-2020-11-24-Run1,1600,0.018396714329719545
se,2,6542,ses-2020-11-24-Run1,3200,0.018669021874666215
se,2,6542,ses-2020-11-24-Run1,1000000000,0.018669021874666215
se,2,6542,ses-2020-11-24-Run2,200,0.0117769755423069
se,2,6542,ses-2020-11-24-Run2,400,-0.012694698572158814
se,2,6542,ses-2020-11-24-Run2,800,0.00815071389079094
se,2,6542,ses-2020-11-24-Run2,1600,0.0019086360931396484
se,2,6542,ses-2020-11-24-Run2,3200,0.0033312495797872543
se,2,6542,ses-2020-11-24-Run2,1000000000,0.0033312495797872543
se,3,6542,ses-2020-10-30-Run1,200,0.44016274213790896
se,3,6542,ses-2020-10-30-Run1,400,0.4270410895347595
se,3,6542,ses-2020-10-30-Run1,800,0.4338544189929962
se,3,6542,ses-2020-10-30-Run1,1600,0.43960041403770445
se,3,6542,ses-2020-10-30-Run1,3200,0.4371692419052124
se,3,6542,ses-2020-10-30-Run1,1000000000,0.4371692419052124
se,3,6542,ses-2020-10-30-Run2,200,0.34623156785964965
se,3,6542,ses-2020-10-30-Run2,400,0.3545393317937851
se,3,6542,ses-2020-10-30-Run2,800,0.3525002032518387
se,3,6542,ses-2020-10-30-Run2,1600,0.3538279265165329
se,3,6542,ses-2020-10-30-Run2,3200,0.353784903883934
se,3,6542,ses-2020-10-30-Run2,1000000000,0.353784903883934
se,3,6542,ses-2020-11-18-Run1,200,0.2680872276425362
se,3,6542,ses-2020-11-18-Run1,400,0.23413792699575425
se,3,6542,ses-2020-11-18-Run1,800,0.2718856742605567
se,3,6542,ses-2020-11-18-Run1,1600,0.269921363517642
se,3,6542,ses-2020-11-18-Run1,3200,0.27015647422522304
se,3,6542,ses-2020-11-18-Run1,1000000000,0.27015647422522304
se,3,6542,ses-2020-11-19-Run1,200,0.10832164529711008
se,3,6542,ses-2020-11-19-Run1,400,0.10938032828271389
se,3,6542,ses-2020-11-19-Run1,800,0.10027948990464211
se,3,6542,ses-2020-11-19-Run1,1600,0.09885138347744941
se,3,6542,ses-2020-11-19-Run1,3200,0.10327932126820087
se,3,6542,ses-2020-11-19-Run1,1000000000,0.10327932126820087
se,3,6542,ses-2020-11-24-Run1,200,0.14520930945873262
se,3,6542,ses-2020-11-24-Run1,400,0.14807266741991043
se,3,6542,ses-2020-11-24-Run1,800,0.1489063762128353
se,3,6542,ses-2020-11-24-Run1,1600,0.16016018390655518
se,3,6542,ses-2020-11-24-Run1,3200,0.15917705595493317
se,3,6542,ses-2020-11-24-Run1,1000000000,0.15917705595493317
se,3,6542,ses-2020-11-24-Run2,200,0.13777482360601426
se,3,6542,ses-2020-11-24-Run2,400,0.11759240329265594
se,3,6542,ses-2020-11-24-Run2,800,0.12242520004510879
se,3,6542,ses-2020-11-24-Run2,1600,0.11643220782279969
se,3,6542,ses-2020-11-24-Run2,3200,0.11688269674777985
se,3,6542,ses-2020-11-24-Run2,1000000000,0.11688269674777985
glu,1,7234,ses-2020-10-30-Run1,200,0.37438479959964754
glu,1,7234,ses-2020-10-30-Run1,400,0.35398189425468446
glu,1,7234,ses-2020-10-30-Run1,800,0.36361525654792787
glu,1,7234,ses-2020-10-30-Run1,1600,0.363320979475975
glu,1,7234,ses-2020-10-30-Run1,3200,0.3634736776351929
glu,1,7234,ses-2020-10-30-Run1,1000000000,0.3634736776351929
glu,1,7234,ses-2020-10-30-Run2,200,0.2734711289405823
glu,1,7234,ses-2020-10-30-Run2,400,0.27388968169689176
glu,1,7234,ses-2020-10-30-Run2,800,0.2798177182674408
glu,1,7234,ses-2020-10-30-Run2,1600,0.28613553643226625
glu,1,7234,ses-2020-10-30-Run2,3200,0.2857588827610016
glu,1,7234,ses-2020-10-30-Run2,1000000000,0.2857588827610016
glu,1,7234,ses-2020-11-18-Run1,200,0.14803575575351716
glu,1,7234,ses-2020-11-18-Run1,400,0.10545493960380554
glu,1,7234,ses-2020-11-18-Run1,800,0.168230077624321
glu,1,7234,ses-2020-11-18-Run1,1600,0.15701758861541748
glu,1,7234,ses-2020-11-18-Run1,3200,0.1597359836101532
glu,1,7234,ses-2020-11-18-Run1,1000000000,0.1597359836101532
glu,1,7234,ses-2020-11-19-Run1,200,0.05072824060916901
glu,1,7234,ses-2020-11-19-Run1,400,0.05371351148933172
glu,1,7234,ses-2020-11-19-Run1,800,0.049206979366135786
glu,1,7234,ses-2020-11-19-Run1,1600,0.04629366490989924
glu,1,7234,ses-2020-11-19-Run1,3200,0.05050023097428493
glu,1,7234,ses-2020-11-19-Run1,1000000000,0.05050023097428493
glu,1,7234,ses-2020-11-24-Run1,200,0.09794160425662994
glu,1,7234,ses-2020-11-24-Run1,400,0.09036661088466644
glu,1,7234,ses-2020-11-24-Run1,800,0.119303497672081
glu,1,7234,ses-2020-11-24-Run1,1600,0.119976007938385
glu,1,7234,ses-2020-11-24-Run1,3200,0.12188215255737304
glu,1,7234,ses-2020-11-24-Run1,1000000000,0.12188215255737304
glu,1,7234,ses-2020-11-24-Run2,200,-0.03389163911342621
glu,1,7234,ses-2020-11-24-Run2,400,-0.028654385730624198
glu,1,7234,ses-2020-11-24-Run2,800,-0.023800301551818847
glu,1,7234,ses-2020-11-24-Run2,1600,-0.029430574923753738
glu,1,7234,ses-2020-11-24-Run2,3200,-0.02684956565499306
glu,1,7234,ses-2020-11-24-Run2,1000000000,-0.02684956565499306
glu,2,7234,ses-2020-10-30-Run1,200,0.3367502182722092
glu,2,7234,ses-2020-10-30-Run1,400,0.322087237238884
glu,2,7234,ses-2020-10-30-Run1,800,0.32686409056186677
glu,2,7234,ses-2020-10-30-Run1,1600,0.3296584874391556
glu,2,7234,ses-2020-10-30-Run1,3200,0.32815905213356017
glu,2,7234,ses-2020-10-30-Run1,1000000000,0.32815905213356017
glu,2,7234,ses-2020-10-30-Run2,200,0.1846607815939933
glu,2,7234,ses-2020-10-30-Run2,400,0.18241616673767566
glu,2,7234,ses-2020-10-30-Run2,800,0.19314717836678028
glu,2,7234,ses-2020-10-30-Run2,1600,0.2004134469665587
glu,2,7234,ses-2020-10-30-Run2,3200,0.2003813094459474
glu,2,7234,ses-2020-10-30-Run2,1000000000,0.2003813094459474
glu,2,7234,ses-2020-11-18-Run1,200,0.09467058181762696
glu,2,7234,ses-2020-11-18-Run1,400,0.05611027777194977
glu,2,7234,ses-2020-11-18-Run1,800,0.11555763483047485
glu,2,7234,ses-2020-11-18-Run1,1600,0.10416294038295745
glu,2,7234,ses-2020-11-18-Run1,3200,0.10708824396133423
glu,2,7234,ses-2020-11-18-Run1,1000000000,0.10708824396133423
glu,2,7234,ses-2020-11-19-Run1,200,0.002315647341310978
glu,2,7234,ses-2020-11-19-Run1,400,-0.007239765673875809
glu,2,7234,ses-2020-11-19-Run1,800,-0.00804973803460598
glu,2,7234,ses-2020-11-19-Run1,1600,-0.012739692628383637
glu,2,7234,ses-2020-11-19-Run1,3200,-0.008430280908942222
glu,2,7234,ses-2020-11-19-Run1,1000000000,-0.008430280908942222
glu,2,7234,ses-2020-11-24-Run1,200,-0.04692392945289612
glu,2,7234,ses-2020-11-24-Run1,400,-0.04942049426026642
glu,2,7234,ses-2020-11-24-Run1,800,-0.01222001314163208
glu,2,7234,ses-2020-11-24-Run1,1600,-0.007136642932891846
glu,2,7234,ses-2020-11-24-Run1,3200,-0.005237151682376861
glu,2,7234,ses-2020-11-24-Run1,1000000000,-0.005237151682376861
glu,2,7234,ses-2020-11-24-Run2,200,-0.10697544738650322
glu,2,7234,ses-2020-11-24-Run2,400,-0.11066480875015258
glu,2,7234,ses-2020-11-24-Run2,800,-0.09791767671704292
glu,2,7234,ses-2020-11-24-Run2,1600,-0.10691606104373932
glu,2,7234,ses-2020-11-24-Run2,3200,-0.1041975773870945
glu,2,7234,ses-2020-11-24-Run2,1000000000,-0.1041975773870945
glu,3,7234,ses-2020-10-30-Run1,200,0.371416237950325
glu,3,7234,ses-2020-10-30-Run1,400,0.36079941093921664
glu,3,7234,ses-2020-10-30-Run1,800,0.366569784283638
glu,3,7234,ses-2020-10-30-Run1,1600,0.37055822610855105
glu,3,7234,ses-2020-10-30-Run1,3200,0.3684005230665207
glu,3,7234,ses-2020-10-30-Run1,1000000000,0.3684005230665207
glu,3,7234,ses-2020-10-30-Run2,200,0.259438219666481
glu,3,7234,ses-2020-10-30-Run2,400,0.2505917862057686
glu,3,7234,ses-2020-10-30-Run2,800,0.25176498144865034
glu,3,7234,ses-2020-10-30-Run2,1600,0.2575268164277077
glu,3,7234,ses-2020-10-30-Run2,3200,0.2586162582039833
glu,3,7234,ses-2020-10-30-Run2,1000000000,0.2586162582039833
glu,3,7234,ses-2020-11-18-Run1,200,0.20511728823184966
glu,3,7234,ses-2020-11-18-Run1,400,0.15858753621578217
glu,3,7234,ses-2020-11-18-Run1,800,0.21530277729034425
glu,3,7234,ses-2020-11-18-Run1,1600,0.21348946988582612
glu,3,7234,ses-2020-11-18-Run1,3200,0.21459368467330933
glu,3,7234,ses-2020-11-18-Run1,1000000000,0.21459368467330933
glu,3,7234,ses-2020-11-19-Run1,200,0.054203453660011294
glu,3,7234,ses-2020-11-19-Run1,400,0.06689823754131793
glu,3,7234,ses-2020-11-19-Run1,800,0.04863242357969284
glu,3,7234,ses-2020-11-19-Run1,1600,0.05115821100771427
glu,3,7234,ses-2020-11-19-Run1,3200,0.05472240764647722
glu,3,7234,ses-2020-11-19-Run1,1000000000,0.05472240764647722
glu,3,7234,ses-2020-11-24-Run1,200,0.08212973177433014
glu,3,7234,ses-2020-11-24-Run1,400,0.08071615695953369
glu,3,7234,ses-2020-11-24-Run1,800,0.10623217225074769
glu,3,7234,ses-2020-11-24-Run1,1600,0.10945835411548614
glu,3,7234,ses-2020-11-24-Run1,3200,0.11136670708656311
glu,3,7234,ses-2020-11-24-Run1,1000000000,0.11136670708656311
glu,3,7234,ses-2020-11-24-Run2,200,0.002631085366010666
glu,3,7234,ses-2020-11-24-Run2,400,-0.03565542940050363
glu,3,7234,ses-2020-11-24-Run2,800,-0.020595622435212135
glu,3,7234,ses-2020-11-24-Run2,1600,-0.03275140784680843
glu,3,7234,ses-2020-11-24-Run2,3200,-0.033913249522447585
glu,3,7234,ses-2020-11-24-Run2,1000000000,-0.033913249522447585
grouped_se,1,7757,ses-2020-10-30-Run1,200,0.38199211061000826
grouped_se,1,7757,ses-2020-10-30-Run1,400,0.36900087893009187
grouped_se,1,7757,ses-2020-10-30-Run1,800,0.37765431106090547
grouped_se,1,7757,ses-2020-10-30-Run1,1600,0.3759303897619247
grouped_se,1,7757,ses-2020-10-30-Run1,3200,0.3766755074262619
grouped_se,1,7757,ses-2020-10-30-Run1,1000000000,0.3766755074262619
grouped_se,1,7757,ses-2020-10-30-Run2,200,0.32356276512146
grouped_se,1,7757,ses-2020-10-30-Run2,400,0.33212229907512664
grouped_se,1,7757,ses-2020-10-30-Run2,800,0.3344107925891876
grouped_se,1,7757,ses-2020-10-30-Run2,1600,0.3304654985666275
grouped_se,1,7757,ses-2020-10-30-Run2,3200,0.3317332208156586
grouped_se,1,7757,ses-2020-10-30-Run2,1000000000,0.3317332208156586
grouped_se,1,7757,ses-2020-11-18-Run1,200,0.10270943194627762
grouped_se,1,7757,ses-2020-11-18-Run1,400,0.08165596947073936
grouped_se,1,7757,ses-2020-11-18-Run1,800,0.1220140092074871
grouped_se,1,7757,ses-2020-11-18-Run1,1600,0.11492185890674592
grouped_se,1,7757,ses-2020-11-18-Run1,3200,0.12122478261590004
grouped_se,1,7757,ses-2020-11-18-Run1,1000000000,0.12122478261590004
grouped_se,1,7757,ses-2020-11-19-Run1,200,-0.012814491242170333
grouped_se,1,7757,ses-2020-11-19-Run1,400,-0.018311671540141107
grouped_se,1,7757,ses-2020-11-19-Run1,800,-0.020650735683739187
grouped_se,1,7757,ses-2020-11-19-Run1,1600,-0.014572875760495662
grouped_se,1,7757,ses-2020-11-19-Run1,3200,-0.012628738209605217
grouped_se,1,7757,ses-2020-11-19-Run1,1000000000,-0.012628738209605217
grouped_se,1,7757,ses-2020-11-24-Run1,200,0.06600557565689087
grouped_se,1,7757,ses-2020-11-24-Run1,400,0.0657946676015854
grouped_se,1,7757,ses-2020-11-24-Run1,800,0.07948541045188903
grouped_se,1,7757,ses-2020-11-24-Run1,1600,0.08121563345193863
grouped_se,1,7757,ses-2020-11-24-Run1,3200,0.08287038207054138
grouped_se,1,7757,ses-2020-11-24-Run1,1000000000,0.08287038207054138
grouped_se,1,7757,ses-2020-11-24-Run2,200,-0.00703037828207016
grouped_se,1,7757,ses-2020-11-24-Run2,400,-0.008353485912084579
grouped_se,1,7757,ses-2020-11-24-Run2,800,0.002430173009634018
grouped_se,1,7757,ses-2020-11-24-Run2,1600,-0.0012010887265205383
grouped_se,1,7757,ses-2020-11-24-Run2,3200,0.001524115726351738
grouped_se,1,7757,ses-2020-11-24-Run2,1000000000,0.001524115726351738
grouped_se,2,7757,ses-2020-10-30-Run1,200,0.37998828291893005
grouped_se,2,7757,ses-2020-10-30-Run1,400,0.36353873312473295
grouped_se,2,7757,ses-2020-10-30-Run1,800,0.3748189568519592
grouped_se,2,7757,ses-2020-10-30-Run1,1600,0.3768265277147293
grouped_se,2,7757,ses-2020-10-30-Run1,3200,0.3760494917631149
grouped_se,2,7757,ses-2020-10-30-Run1,1000000000,0.3760494917631149
grouped_se,2,7757,ses-2020-10-30-Run2,200,0.2535938560962677
grouped_se,2,7757,ses-2020-10-30-Run2,400,0.26519387364387514
grouped_se,2,7757,ses-2020-10-30-Run2,800,0.263506281375885
grouped_se,2,7757,ses-2020-10-30-Run2,1600,0.26980070769786835
grouped_se,2,7757,ses-2020-10-30-Run2,3200,0.2694464400410652
grouped_se,2,7757,ses-2020-10-30-Run2,1000000000,0.2694464400410652
grouped_se,2,7757,ses-2020-11-18-Run1,200,0.20913016200065612
grouped_se,2,7757,ses-2020-11-18-Run1,400,0.20086047649383545
grouped_se,2,7757,ses-2020-11-18-Run1,800,0.22603966020978988
grouped_se,2,7757,ses-2020-11-18-Run1,1600,0.22069119699299336
grouped_se,2,7757,ses-2020-11-18-Run1,3200,0.22416050545871258
grouped_se,2,7757,ses-2020-11-18-Run1,1000000000,0.22416050545871258
grouped_se,2,7757,ses-2020-11-19-Run1,200,0.04937855005264282
grouped_se,2,7757,ses-2020-11-19-Run1,400,0.04081374108791351
grouped_se,2,7757,ses-2020-11-19-Run1,800,0.044049943797290325
grouped_se,2,7757,ses-2020-11-19-Run1,1600,0.03778933398425579
grouped_se,2,7757,ses-2020-11-19-Run1,3200,0.03978193253278732
grouped_se,2,7757,ses-2020-11-19-Run1,1000000000,0.03978193253278732
grouped_se,2,7757,ses-2020-11-24-Run1,200,0.12105304598808289
grouped_se,2,7757,ses-2020-11-24-Run1,400,0.1302721083164215
grouped_se,2,7757,ses-2020-11-24-Run1,800,0.137062206864357
grouped_se,2,7757,ses-2020-11-24-Run1,1600,0.14158768355846404
grouped_se,2,7757,ses-2020-11-24-Run1,3200,0.14091634154319763
grouped_se,2,7757,ses-2020-11-24-Run1,1000000000,0.14091634154319763
grouped_se,2,7757,ses-2020-11-24-Run2,200,0.023949797078967095
grouped_se,2,7757,ses-2020-11-24-Run2,400,0.012362634390592575
grouped_se,2,7757,ses-2020-11-24-Run2,800,0.024843229132238777
grouped_se,2,7757,ses-2020-11-24-Run2,1600,0.02533863177523017
grouped_se,2,7757,ses-2020-11-24-Run2,3200,0.02601889781653881
grouped_se,2,7757,ses-2020-11-24-Run2,1000000000,0.02601889781653881
grouped_se,3,7757,ses-2020-10-30-Run1,200,0.4181742787361145
grouped_se,3,7757,ses-2020-10-30-Run1,400,0.40603815019130707
grouped_se,3,7757,ses-2020-10-30-Run1,800,0.41358068585395813
grouped_se,3,7757,ses-2020-10-30-Run1,1600,0.41887961626052855
grouped_se,3,7757,ses-2020-10-30-Run1,3200,0.41752700209617616
grouped_se,3,7757,ses-2020-10-30-Run1,1000000000,0.41752700209617616
grouped_se,3,7757,ses-2020-10-30-Run2,200,0.3866682261228561
grouped_se,3,7757,ses-2020-10-30-Run2,400,0.3981614887714386
grouped_se,3,7757,ses-2020-10-30-Run2,800,0.3933597236871719
grouped_se,3,7757,ses-2020-10-30-Run2,1600,0.39172726273536684
grouped_se,3,7757,ses-2020-10-30-Run2,3200,0.3937720596790314
grouped_se,3,7757,ses-2020-10-30-Run2,1000000000,0.3937720596790314
grouped_se,3,7757,ses-2020-11-18-Run1,200,0.19631605357863008
grouped_se,3,7757,ses-2020-11-18-Run1,400,0.18270880305208265
grouped_se,3,7757,ses-2020-11-18-Run1,800,0.21006440771743656
grouped_se,3,7757,ses-2020-11-18-Run1,1600,0.20728517253883183
grouped_se,3,7757,ses-2020-11-18-Run1,3200,0.20917270147474482
grouped_se,3,7757,ses-2020-11-18-Run1,1000000000,0.20917270147474482
grouped_se,3,7757,ses-2020-11-19-Run1,200,0.02566409595310688
grouped_se,3,7757,ses-2020-11-19-Run1,400,0.016010075528174638
grouped_se,3,7757,ses-2020-11-19-Run1,800,0.010726743307895959
grouped_se,3,7757,ses-2020-11-19-Run1,1600,0.011654854007065295
grouped_se,3,7757,ses-2020-11-19-Run1,3200,0.013904961664229632
grouped_se,3,7757,ses-2020-11-19-Run1,1000000000,0.013904961664229632
grouped_se,3,7757,ses-2020-11-24-Run1,200,0.08863184303045273
grouped_se,3,7757,ses-2020-11-24-Run1,400,0.09808185398578644
grouped_se,3,7757,ses-2020-11-24-Run1,800,0.09650029838085175
grouped_se,3,7757,ses-2020-11-24-Run1,1600,0.10816758126020432
grouped_se,3,7757,ses-2020-11-24-Run1,3200,0.10701178163290023
grouped_se,3,7757,ses-2020-11-24-Run1,1000000000,0.10701178163290023
grouped_se,3,7757,ses-2020-11-24-Run2,200,0.1094479151070118
grouped_se,3,7757,ses-2020-11-24-Run2,400,0.09916974306106567
grouped_se,3,7757,ses-2020-11-24-Run2,800,0.10514402277767658
grouped_se,3,7757,ses-2020-11-24-Run2,1600,0.10089289918541908
grouped_se,3,7757,ses-2020-11-24-Run2,3200,0.10177377834916115
grouped_se,3,7757,ses-2020-11-24-Run2,1000000000,0.10177377834916115
chnosqz,1,6542,ses-2020-10-30-Run1,200,0.3968978404998779
chnosqz,1,6542,ses-2020-10-30-Run1,400,0.37813444137573243
chnosqz,1,6542,ses-2020-10-30-Run1,800,0.3854990780353546
chnosqz,1,6542,ses-2020-10-30-Run1,1600,0.3851527601480484
chnosqz,1,6542,ses-2020-10-30-Run1,3200,0.38593553602695463
chnosqz,1,6542,ses-2020-10-30-Run1,1000000000,0.38593553602695463
chnosqz,1,6542,ses-2020-10-30-Run2,200,0.348891419172287
chnosqz,1,6542,ses-2020-10-30-Run2,400,0.3461849272251129
chnosqz,1,6542,ses-2020-10-30-Run2,800,0.3540014743804932
chnosqz,1,6542,ses-2020-10-30-Run2,1600,0.3558189332485199
chnosqz,1,6542,ses-2020-10-30-Run2,3200,0.35592700242996217
chnosqz,1,6542,ses-2020-10-30-Run2,1000000000,0.35592700242996217
chnosqz,1,6542,ses-2020-11-18-Run1,200,0.17076146006584167
chnosqz,1,6542,ses-2020-11-18-Run1,400,0.13598986864089965
chnosqz,1,6542,ses-2020-11-18-Run1,800,0.19120851159095764
chnosqz,1,6542,ses-2020-11-18-Run1,1600,0.18364880383014678
chnosqz,1,6542,ses-2020-11-18-Run1,3200,0.18455610275268555
chnosqz,1,6542,ses-2020-11-18-Run1,1000000000,0.18455610275268555
chnosqz,1,6542,ses-2020-11-19-Run1,200,0.07790034711360931
chnosqz,1,6542,ses-2020-11-19-Run1,400,0.08811340779066086
chnosqz,1,6542,ses-2020-11-19-Run1,800,0.0833013266324997
chnosqz,1,6542,ses-2020-11-19-Run1,1600,0.08137987479567528
chnosqz,1,6542,ses-2020-11-19-Run1,3200,0.0818770557641983
chnosqz,1,6542,ses-2020-11-19-Run1,1000000000,0.0818770557641983
chnosqz,1,6542,ses-2020-11-24-Run1,200,0.10923659801483154
chnosqz,1,6542,ses-2020-11-24-Run1,400,0.09479758739471436
chnosqz,1,6542,ses-2020-11-24-Run1,800,0.14371887147426604
chnosqz,1,6542,ses-2020-11-24-Run1,1600,0.13875944614410402
chnosqz,1,6542,ses-2020-11-24-Run1,3200,0.14170044660568237
chnosqz,1,6542,ses-2020-11-24-Run1,1000000000,0.14170044660568237
chnosqz,1,6542,ses-2020-11-24-Run2,200,0.0016328826546669005
chnosqz,1,6542,ses-2020-11-24-Run2,400,0.002080261707305908
chnosqz,1,6542,ses-2020-11-24-Run2,800,0.021274182200431823
chnosqz,1,6542,ses-2020-11-24-Run2,1600,0.00998881608247757
chnosqz,1,6542,ses-2020-11-24-Run2,3200,0.011910718679428101
chnosqz,1,6542,ses-2020-11-24-Run2,1000000000,0.011910718679428101
chnosqz,2,6542,ses-2020-10-30-Run1,200,0.3948816657066345
chnosqz,2,6542,ses-2020-10-30-Run1,400,0.38278862535953523
chnosqz,2,6542,ses-2020-10-30-Run1,800,0.3909487783908844
chnosqz,2,6542,ses-2020-10-30-Run1,1600,0.393487685918808
chnosqz,2,6542,ses-2020-10-30-Run1,3200,0.391398948431015
chnosqz,2,6542,ses-2020-10-30-Run1,1000000000,0.391398948431015
chnosqz,2,6542,ses-2020-10-30-Run2,200,0.19695211052894593
chnosqz,2,6542,ses-2020-10-30-Run2,400,0.20808023810386658
chnosqz,2,6542,ses-2020-10-30-Run2,800,0.21355866342782975
chnosqz,2,6542,ses-2020-10-30-Run2,1600,0.2186984270811081
chnosqz,2,6542,ses-2020-10-30-Run2,3200,0.2192160964012146
chnosqz,2,6542,ses-2020-10-30-Run2,1000000000,0.2192160964012146
chnosqz,2,6542,ses-2020-11-18-Run1,200,0.1273890793323517
chnosqz,2,6542,ses-2020-11-18-Run1,400,0.07693159580230713
chnosqz,2,6542,ses-2020-11-18-Run1,800,0.14068623483181
chnosqz,2,6542,ses-2020-11-18-Run1,1600,0.13109259605407714
chnosqz,2,6542,ses-2020-11-18-Run1,3200,0.13155477344989777
chnosqz,2,6542,ses-2020-11-18-Run1,1000000000,0.13155477344989777
chnosqz,2,6542,ses-2020-11-19-Run1,200,0.06970666162669659
chnosqz,2,6542,ses-2020-11-19-Run1,400,0.06280824411660432
chnosqz,2,6542,ses-2020-11-19-Run1,800,0.05581547787878662
chnosqz,2,6542,ses-2020-11-19-Run1,1600,0.05322128683328629
chnosqz,2,6542,ses-2020-11-19-Run1,3200,0.0554040081333369
chnosqz,2,6542,ses-2020-11-19-Run1,1000000000,0.0554040081333369
chnosqz,2,6542,ses-2020-11-24-Run1,200,-0.029183976352214813
chnosqz,2,6542,ses-2020-11-24-Run1,400,-0.028101196885108946
chnosqz,2,6542,ses-2020-11-24-Run1,800,-0.00043704137206077574
chnosqz,2,6542,ses-2020-11-24-Run1,1600,0.0064691189676523205
chnosqz,2,6542,ses-2020-11-24-Run1,3200,0.008359825517982245
chnosqz,2,6542,ses-2020-11-24-Run1,1000000000,0.008359825517982245
chnosqz,2,6542,ses-2020-11-24-Run2,200,-0.0678797647356987
chnosqz,2,6542,ses-2020-11-24-Run2,400,-0.07425912320613862
chnosqz,2,6542,ses-2020-11-24-Run2,800,-0.06025541871786118
chnosqz,2,6542,ses-2020-11-24-Run2,1600,-0.06930812150239944
chnosqz,2,6542,ses-2020-11-24-Run2,3200,-0.06930245012044907
chnosqz,2,6542,ses-2020-11-24-Run2,1000000000,-0.06930245012044907
chnosqz,3,6542,ses-2020-10-30-Run1,200,0.38890914618968964
chnosqz,3,6542,ses-2020-10-30-Run1,400,0.37637768387794496
chnosqz,3,6542,ses-2020-10-30-Run1,800,0.3822289526462555
chnosqz,3,6542,ses-2020-10-30-Run1,1600,0.38733571469783784
chnosqz,3,6542,ses-2020-10-30-Run1,3200,0.3853208929300308
chnosqz,3,6542,ses-2020-10-30-Run1,1000000000,0.3853208929300308
chnosqz,3,6542,ses-2020-10-30-Run2,200,0.2530947044491768
chnosqz,3,6542,ses-2020-10-30-Run2,400,0.24941659569740296
chnosqz,3,6542,ses-2020-10-30-Run2,800,0.2542933732271194
chnosqz,3,6542,ses-2020-10-30-Run2,1600,0.2570441573858261
chnosqz,3,6542,ses-2020-10-30-Run2,3200,0.2576294779777527
chnosqz,3,6542,ses-2020-10-30-Run2,1000000000,0.2576294779777527
chnosqz,3,6542,ses-2020-11-18-Run1,200,0.2563359051942825
chnosqz,3,6542,ses-2020-11-18-Run1,400,0.21317407935857774
chnosqz,3,6542,ses-2020-11-18-Run1,800,0.256546226143837
chnosqz,3,6542,ses-2020-11-18-Run1,1600,0.2548473089933395
chnosqz,3,6542,ses-2020-11-18-Run1,3200,0.25494717359542846
chnosqz,3,6542,ses-2020-11-18-Run1,1000000000,0.25494717359542846
chnosqz,3,6542,ses-2020-11-19-Run1,200,0.0810060203075409
chnosqz,3,6542,ses-2020-11-19-Run1,400,0.08846690340433269
chnosqz,3,6542,ses-2020-11-19-Run1,800,0.07289828648790717
chnosqz,3,6542,ses-2020-11-19-Run1,1600,0.07736170142889023
chnosqz,3,6542,ses-2020-11-19-Run1,3200,0.07868687077425421
chnosqz,3,6542,ses-2020-11-19-Run1,1000000000,0.07868687077425421
chnosqz,3,6542,ses-2020-11-24-Run1,200,0.09558693915605546
chnosqz,3,6542,ses-2020-11-24-Run1,400,0.09143029600381851
chnosqz,3,6542,ses-2020-11-24-Run1,800,0.11470908522605897
chnosqz,3,6542,ses-2020-11-24-Run1,1600,0.12097921818494797
chnosqz,3,6542,ses-2020-11-24-Run1,3200,0.12066083252429963
chnosqz,3,6542,ses-2020-11-24-Run1,1000000000,0.12066083252429963
chnosqz,3,6542,ses-2020-11-24-Run2,200,0.0021619871258735657
chnosqz,3,6542,ses-2020-11-24-Run2,400,-0.022341086715459823
chnosqz,3,6542,ses-2020-11-24-Run2,800,-0.006874912232160568
chnosqz,3,6542,ses-2020-11-24-Run2,1600,-0.015333052724599838
chnosqz,3,6542,ses-2020-11-24-Run2,3200,-0.01703978255391121
chnosqz,3,6542,ses-2020-11-24-Run2,1000000000,-0.01703978255391121
